{
  "model": "deepseek-ai/DeepSeek-V3.2-Exp",
  "distribution": "Cauchy(loc={loc}, scale={scale})",
  "mode": "batch_generation",
  "generation_time": 556.2432703971863,
  "statistics": {
    "requested_samples": 1000,
    "total_samples": 1295,
    "deviation_pct": 29.5,
    "unique_values": 1266,
    "unique_rate": 97.76061776061776,
    "mean": -0.17609474903474906,
    "std": 0.8140197249642231,
    "min": -2.9508,
    "max": 3.4834,
    "ks_statistic": 0.18504126055462589,
    "ks_pvalue": 2.7596550795113925e-39
  },
  "samples": [
    -0.3613,
    1.2375,
    -1.9028,
    0.4159,
    -0.7296,
    -0.3961,
    0.8273,
    0.8971,
    -0.2476,
    2.8312,
    -0.6704,
    -1.1211,
    0.0017,
    1.4643,
    -0.4139,
    -0.2985,
    0.6219,
    -0.5882,
    0.9076,
    -0.3791,
    0.3954,
    -0.3183,
    -0.5312,
    0.4767,
    -0.0945,
    0.0912,
    -0.4298,
    0.3093,
    0.4971,
    -0.8967,
    1.1882,
    -0.7737,
    0.7732,
    -0.3518,
    0.0441,
    -1.1392,
    0.4178,
    -1.3167,
    0.1189,
    0.9031,
    -0.1775,
    0.1665,
    0.2848,
    -1.1384,
    -0.2544,
    -0.6818,
    0.0249,
    2.5892,
    -0.9738,
    -0.7822,
    -0.5586,
    -2.0314,
    -1.1722,
    0.227,
    0.9824,
    -0.348,
    0.507,
    -1.0172,
    -0.812,
    -0.745,
    1.5819,
    0.0224,
    -0.7417,
    -0.0751,
    1.693,
    -0.0043,
    -0.021,
    0.5052,
    -0.9117,
    -0.5967,
    0.0023,
    1.7667,
    -0.107,
    -0.7023,
    -0.5022,
    -0.6838,
    -0.7787,
    -1.7889,
    -0.3953,
    0.7365,
    0.769,
    -0.5872,
    -0.3708,
    0.5896,
    -0.9961,
    -1.2887,
    -0.9376,
    0.9069,
    -1.445,
    -1.202,
    -0.2109,
    0.1509,
    -0.3569,
    0.7924,
    0.7714,
    -2.9508,
    1.102,
    -1.6125,
    -0.2213,
    -0.0516,
    -0.496,
    -1.5374,
    0.6044,
    -0.023,
    -0.0389,
    1.0963,
    -0.9386,
    0.4064,
    -0.6434,
    1.9576,
    0.7036,
    -0.8246,
    0.8911,
    -0.6807,
    0.8321,
    0.3485,
    -0.9819,
    -0.5798,
    -0.8357,
    -0.1422,
    1.0526,
    -0.5567,
    1.5769,
    0.3137,
    1.3504,
    -0.9209,
    0.9413,
    0.3589,
    0.1961,
    -0.7663,
    0.2203,
    2.0758,
    1.1086,
    -0.8024,
    -0.2272,
    0.162,
    -0.7016,
    1.0189,
    0.2374,
    -0.9219,
    0.3147,
    -0.1808,
    0.206,
    -1.1408,
    -1.2494,
    0.7787,
    0.9594,
    0.0947,
    0.3154,
    -0.8433,
    1.756,
    -0.4339,
    -1.2164,
    -0.0095,
    0.073,
    -1.8675,
    -0.8174,
    -0.0641,
    -2.0888,
    -1.5477,
    -0.3133,
    0.3209,
    -0.7156,
    0.081,
    0.5488,
    0.4458,
    -0.4438,
    -0.037,
    -0.9391,
    0.445,
    -1.1672,
    0.2839,
    1.1764,
    -0.4441,
    0.1772,
    -0.0037,
    0.7507,
    0.21,
    -1.3319,
    0.7002,
    -0.1342,
    0.7905,
    0.2215,
    -1.0921,
    -0.1913,
    -1.839,
    -0.482,
    0.0306,
    -1.025,
    0.3339,
    0.7908,
    0.1495,
    0.0495,
    0.1106,
    0.3652,
    -1.2009,
    0.2768,
    0.7948,
    0.0512,
    -0.1393,
    -2.0915,
    0.8472,
    0.0067,
    -1.6972,
    0.4265,
    0.0243,
    -0.3428,
    -0.5736,
    -0.4937,
    -0.308,
    -1.7043,
    -0.5126,
    -0.0403,
    -0.9736,
    0.3994,
    -1.6466,
    -0.0454,
    0.7065,
    -0.4898,
    -0.0625,
    -0.1582,
    -0.0146,
    0.3992,
    1.2598,
    0.517,
    -0.4026,
    -0.9298,
    -0.5024,
    -0.5148,
    0.158,
    -0.8795,
    -0.6815,
    -0.8124,
    0.142,
    1.1593,
    0.8034,
    -0.1969,
    -0.1479,
    -0.5155,
    -0.0422,
    -1.039,
    -0.0817,
    -1.0789,
    0.8618,
    0.0307,
    0.3761,
    -0.8068,
    0.2228,
    -1.1594,
    -0.472,
    0.6582,
    -0.3816,
    -0.811,
    -0.9218,
    1.3092,
    -0.0663,
    -0.206,
    -0.347,
    0.4103,
    0.9509,
    0.8254,
    -0.8432,
    -1.1074,
    -0.474,
    -0.1171,
    -0.4181,
    0.3638,
    -0.709,
    1.9749,
    -1.6121,
    0.6855,
    0.3103,
    -1.1317,
    0.6184,
    1.7199,
    1.0067,
    -0.0161,
    0.0487,
    -1.3349,
    -0.4342,
    -0.3154,
    0.5351,
    0.4641,
    1.706,
    -0.7531,
    -0.5965,
    1.4397,
    -0.4205,
    -0.4886,
    -0.881,
    -0.6787,
    1.2618,
    0.9499,
    -1.4618,
    0.3466,
    -0.1857,
    -0.6151,
    -1.0599,
    -0.7724,
    -0.2111,
    1.3975,
    0.4771,
    2.234,
    -0.8883,
    -0.5081,
    -0.3228,
    1.3945,
    -0.1148,
    -0.0683,
    -0.619,
    -0.4325,
    -0.6266,
    -1.4062,
    -1.098,
    -0.2899,
    -0.3689,
    1.218,
    -0.4098,
    0.3354,
    -0.8893,
    -1.3222,
    -0.4563,
    -0.3086,
    -0.5548,
    -0.7444,
    -0.0388,
    -0.4101,
    0.2531,
    -0.5813,
    -1.3761,
    -0.1051,
    0.5918,
    -1.8061,
    0.2989,
    0.5963,
    -1.1224,
    1.4125,
    -0.7322,
    -0.2077,
    -0.7732,
    -0.4861,
    -0.253,
    -0.1079,
    -1.5945,
    0.2876,
    -1.6295,
    0.5053,
    -0.21,
    -0.0353,
    -1.9611,
    0.4257,
    -0.3605,
    -0.244,
    1.0907,
    -0.4168,
    -0.9064,
    -0.2649,
    0.1867,
    0.02,
    0.1063,
    -1.046,
    0.0225,
    -0.8437,
    -1.3175,
    -0.1099,
    0.4494,
    -0.139,
    0.1023,
    -0.3938,
    1.1084,
    0.2632,
    -1.5832,
    -0.289,
    -0.6761,
    -0.2511,
    -0.9965,
    -0.0336,
    -0.6056,
    1.0006,
    -0.9697,
    -0.2624,
    -1.46,
    0.4063,
    -0.5928,
    -0.0299,
    0.5036,
    -0.8653,
    0.4879,
    -0.2645,
    -0.0868,
    -0.4079,
    -0.3837,
    0.8893,
    -1.3378,
    -1.5838,
    -0.2101,
    -0.5785,
    -1.5141,
    1.8821,
    -1.3873,
    0.3042,
    -0.1502,
    -0.4556,
    -0.0311,
    -0.6123,
    -1.8107,
    0.3316,
    -0.784,
    0.1761,
    -0.6838,
    0.8619,
    -0.6711,
    -2.1784,
    0.8561,
    -0.9972,
    0.4432,
    0.1534,
    0.1557,
    -0.3058,
    -1.4648,
    0.9622,
    0.1864,
    0.0711,
    -0.0544,
    -0.069,
    -1.4156,
    0.1131,
    -1.1607,
    -1.9134,
    -0.3112,
    0.3603,
    0.5677,
    -0.7917,
    -0.0055,
    -0.4971,
    -0.275,
    -0.8592,
    -1.0978,
    0.6349,
    -0.2784,
    0.3405,
    0.9385,
    -0.3112,
    0.0122,
    -1.2388,
    -0.363,
    -1.2823,
    -0.4926,
    0.6082,
    0.1224,
    0.267,
    -0.5923,
    0.9527,
    1.0202,
    0.0614,
    -0.8683,
    -0.7892,
    0.4568,
    -0.1448,
    -0.9479,
    -2.189,
    -0.6688,
    -1.4051,
    0.7387,
    -1.8426,
    0.9982,
    -0.4413,
    0.338,
    -0.7833,
    0.3783,
    0.8871,
    -0.5588,
    -0.8263,
    0.3786,
    -0.0742,
    0.5414,
    0.3874,
    1.1943,
    -1.0939,
    0.0288,
    -0.3723,
    -0.5657,
    -0.6754,
    0.2346,
    0.4657,
    -0.0587,
    0.4466,
    -0.5743,
    0.644,
    0.1399,
    -1.0121,
    -0.6738,
    0.6721,
    -0.7845,
    0.5342,
    -0.7768,
    -0.4648,
    -0.9097,
    0.1878,
    -1.8349,
    -0.0016,
    -0.4883,
    0.0508,
    1.8911,
    -0.6126,
    -1.724,
    -0.7102,
    0.054,
    1.6055,
    -0.2916,
    -0.1339,
    0.9001,
    -1.2534,
    -1.7369,
    -1.2986,
    0.0068,
    -1.8448,
    0.5127,
    -0.3737,
    0.175,
    -0.4184,
    -0.5281,
    -0.9726,
    0.2717,
    -0.2375,
    -0.2151,
    1.0088,
    -0.8304,
    -0.9989,
    -0.2413,
    0.2223,
    0.0157,
    -0.602,
    -1.7032,
    0.7686,
    -1.5358,
    0.4104,
    0.0922,
    -0.8391,
    -0.2449,
    0.8059,
    0.3135,
    0.1322,
    -0.2149,
    1.8353,
    -0.2136,
    -1.7743,
    1.6968,
    0.3535,
    -0.3915,
    0.2981,
    -0.9442,
    -0.9827,
    -0.3202,
    -1.1108,
    -0.2003,
    -0.8766,
    -0.0978,
    -1.0596,
    -1.3022,
    -0.4846,
    0.6938,
    -0.0086,
    0.3983,
    -0.375,
    0.1899,
    0.1232,
    -0.2313,
    0.3428,
    -0.9065,
    -0.057,
    0.9419,
    0.5287,
    -0.1928,
    0.093,
    0.3428,
    -0.7281,
    0.7789,
    -0.2754,
    -0.3583,
    -1.0715,
    -1.6417,
    -1.8963,
    1.273,
    -2.0233,
    -0.2899,
    -0.5251,
    -1.3365,
    0.5335,
    0.2808,
    -0.0965,
    -1.4636,
    -0.6955,
    0.8562,
    0.8414,
    -1.5078,
    -0.6791,
