{
  "model": "google/gemma-3-27b-it",
  "distribution": "Cauchy(loc={loc}, scale={scale})",
  "mode": "batch_generation",
  "generation_time": 241.38455724716187,
  "statistics": {
    "requested_samples": 1000,
    "total_samples": 343,
    "deviation_pct": -65.7,
    "unique_values": 343,
    "unique_rate": 100.0,
    "mean": 2.6990491783413444,
    "std": 48.610427154884164,
    "min": -2.7398885957534005,
    "max": 900.0,
    "ks_statistic": 0.11268729449767725,
    "ks_pvalue": 0.00029978653353934445
  },
  "samples": [
    -0.5460721623731919,
    1.257813596288054,
    -0.7679377054239206,
    0.08624274283931205,
    1.8943989578773366,
    -0.3842714052472791,
    -1.124933317398439,
    0.6318698638370019,
    1.5790211055246859,
    -2.2839484293106214,
    0.9348344846723723,
    -1.0938445981075642,
    2.429971881179655,
    -0.4580172770495542,
    0.8523479134218818,
    -1.657346384967328,
    0.273172394615617,
    -0.9530080996470246,
    1.3965569024854572,
    -0.6034035621050649,
    1.071563970948116,
    -2.5645337487161166,
    -0.13990004725486982,
    0.7291767448619655,
    -1.542014969725839,
    0.4949690691031582,
    1.756169421959045,
    -0.2901475317254726,
    -1.291349986953014,
    1.9859033301719733,
    -0.5059865234400853,
    0.398180725606785,
    -1.8658656907092297,
    -0.8615983802744899,
    2.071409255316613,
    -0.09179640744906752,
    0.9487556659381506,
    -1.1085619477342057,
    1.7879814797321487,
    -0.712946647081544,
    0.3374886214241832,
    -2.1725386311501396,
    1.565345523491079,
    -0.4167922322695092,
    -1.3665654636895976,
    0.6761055636536565,
    1.9171422096420578,
    -0.8163013518025026,
    0.06455714964494733,
    -1.774511480066366,
    -0.229414398977149,
    1.1473274669120188,
    -1.4697316360148969,
    0.5867378493935133,
    2.8792245142016193,
    -0.659428493829647,
    -0.9333624819590479,
    1.0183292311324015,
    -1.8563989577621776,
    0.45688684654810874,
    1.2162596292197958,
    -0.10910395371646656,
    -1.4737309857464214,
    2.392531995512866,
    -0.489375133469554,
    0.8757368821448113,
    -2.0497331411445683,
    0.22268690643300623,
    -0.658860565948575,
    1.512377978670553,
    -1.674258870922976,
    0.1543845148917037,
    1.3715027941162734,
    -0.8746755405622655,
    0.7907216413769363,
    -2.4836409339681884,
    1.066779660356422,
    -0.345245816884813,
    0.3784353549326424,
    -1.6219390771526492,
    -0.1791843116972112,
    1.814850316740484,
    -1.5879704684890807,
    0.9721418997592521,
    2.147419249639896,
    -0.4943262584749831,
    -0.8086443486176395,
    1.191303785822488,
    -1.9498837032627083,
    0.7234229060910873,
    1.4285923857135934,
    -0.16804975231402275,
    -2.3853107294022875,
    1.6999935847315888,
    -0.3288429918578816,
    0.6063376703183445,
    -0.979592079590953,
    1.968435848952108,
    -0.7062522193909517,
    0.256186214347374,
    -1.7124798005112436,
    -0.5276915467260554,
    1.3029844553849066,
    -1.247156492529245,
    0.4716142969738132,
    2.5258754455753962,
    -0.8958507226568759,
    -0.3928756896267605,
    1.2896519060475615,
    -1.7519664196976628,
    0.5996858388570244,
    1.6321774704190466,
    -0.02547705998751197,
    -1.5293949984473114,
    2.104154160930706,
    -0.6474992697338486,
    0.9170451358959661,
    -2.1238644211977755,
    0.21215589173985583,
    -0.5897723592754491,
    1.2519171623928067,
    -1.4543323407203357,
    0.8099956490970041,
    1.8577818980511485,
    -0.3353574095313028,
    -0.9936525622771746,
    1.597061572544732,
    -1.801319581099779,
    0.5337115104127118,
    2.359620280024946,
    -0.6611643065792512,
    -0.25726069192012796,
    1.497167191873605,
    -1.8954410572387386,
    0.6884388306215166,
    1.9679886314804347,
    -0.35229561386431707,
    -1.3817018910872119,
    2.6378968142642223,
    -0.5821620705177534,
    1.0264389332440833,
    -1.9125198071776677,
    0.4199275931692021,
    1.6048942906236947,
    -0.12378654469557827,
    -2.010728260742904,
    1.8297921785236222,
    -0.034994528437139356,
    0.7537222138301768,
    -1.3387462967792942,
    0.7170879880471139,
    2.069309049791817,
    -0.8112541063636862,
    -0.4781139913947556,
    3.012437990983346,
    -1.1219408944134963,
    1.2110412729862736,
    -1.9639506199304653,
    0.39984299063008233,
    1.7491585489774677,
    -0.24596393158807464,
    -1.1773756421939614,
    2.4790701766183596,
    -0.6290496990987647,
    0.699402671674746,
    -1.6608150607732073,
    0.04179114504489455,
    -2.7398885957534005,
    1.503996754884964,
    -0.4492733910874468,
    1.1000141149288092,
    -0.9257511520673264,
    2.5337218122200955,
    -0.4404675579006534,
    -0.003779523979000437,
    1.7974714101288198,
    -1.5158266194081653,
    0.8111443047087782,
    2.208246134163624,
    -0.7841612356534604,
    -0.4523710930995903,
    0.809597065142768,
    -1.9349503258572693,
    0.6114484982838573,
    1.4888001856059219,
    -0.1273434815101999,
    -1.6055176357273186,
    2.7439819395503204,
    -0.5119143147839276,
    0.9855274497490414,
    -2.014972187889419,
    0.3207142351049648,
    -0.7066817485912574,
    1.6702655137048037,
    -1.583844084373202,
    0.2363772135977595,
    1.2898556141906827,
    -0.6946299051188167,
    0.8971951964990387,
    -2.6313433584392216,
    0.832436931694767,
    -0.2610349877755088,
    0.771788399253223,
    -1.8442608607914017,
    0.5458380927619852,
    1.709803092533724,
    -0.1965515541226655,
    -1.6844769114397202,
    2.0884182809711236,
    -0.5626589582890934,
    0.9190338929878638,
    -2.2392879916723976,
    0.18977851039668442,
    -0.6427124235089172,
    1.4137105179115619,
    -1.421314454505663,
    0.8778785281573755,
    2.1558770992140404,
    -0.8796270896087381,
    -0.3781352644265573,
    1.267855291782128,
    -2.073143226755351,
    0.6409516168820566,
    1.928342878935803,
    -0.066575758581663,
    -1.375466672099762,
    2.541606043500758,
    -0.7181757789561625,
    1.024643162526265,
    -1.850446589469095,
    0.4812178552404831,
    1.6625918372440758,
    -0.35117123163826813,
    -1.6118511959992816,
    2.9729966563390633,
    -0.5366423612944515,
    0.8154831055655544,
    -1.765649961109446,
    0.2911117851435003,
    -2.4010068063075387,
    1.4420344505132292,
    -0.32994912237714574,
    0.7228647557032033,
    -1.2645715651862155,
    0.9502103165825416,
    2.3631771519171965,
    -0.6865384091064877,
    -0.12128282615613382,
    1.115794671973005,
    -2.1907528751563725,
    0.409946036982277,
    1.5869782540707926,
    -0.2489153282030042,
    -1.4141369756305675,
    2.606901183784278,
    -0.7450297150896422,
    0.9565430248409935,
    -1.988776981778973,
    0.1981071831454837,
    -0.7544991747232582,
    1.5495411454298413,
    -1.3129298874975357,
    0.7301894957529349,
    1.8363027867044202,
    -0.4572473611608232,
    -0.8854902091850484,
    1.3413396399791193,
    -1.8999682444576738,
    0.6175178297107649,
    1.9675437344861448,
    -0.11292494726010084,
    -1.6447049391877047,
    2.398069046751783,
    -0.5320581779726048,
    0.8296794943466599,
    -2.073080031443118,
    0.05893163315721956,
    -0.7961118070775454,
    1.5197532982853494,
    -1.6245418508449636,
    0.19216935106824737,
    1.399801890257496,
    -0.907087341006119,
    0.7001884321894274,
    -2.5865233617667984,
    0.8487675896324629,
    -0.2652442977353469,
    0.691538585704784,
    -1.869557955373725,
    0.6735855016283999,
    1.773246091875719,
    -0.2044338588689837,
    -1.3594423287867166,
    2.4809662203621463,
    -0.7800683492500428,
    0.8754100490753864,
    -1.9965744566896684,
    0.3915973065937917,
    -0.734585835698739,
    1.6462397943075553,
    -1.3366003554520862,
    0.7064709662990283,
    1.942301466980337,
    -0.03559335531266899,
    -1.7958630558419637,
    2.64718276232443,
