{
  "model": "gpt-4o",
  "distribution": "Cauchy(loc={loc}, scale={scale})",
  "mode": "batch_generation",
  "generation_time": 42.71152114868164,
  "statistics": {
    "requested_samples": 1000,
    "total_samples": 919,
    "deviation_pct": -8.0,
    "unique_values": 914,
    "unique_rate": 99.34782608695653,
    "mean": 0.48116115342763865,
    "std": 14.901506781718298,
    "min": -203.8622,
    "max": 267.0508,
    "ks_statistic": 0.06428309261125387,
    "ks_pvalue": 0.0009506379014627719
  },
  "samples": [
    1.3061,
    -3.5689,
    0.3255,
    -1.1565,
    0.2766,
    0.7268,
    -1.7999,
    1.5251,
    -1.4849,
    1.3333,
    0.2932,
    0.9935,
    40.8738,
    1.5107,
    -1.4311,
    1.042,
    -1.7328,
    -2.2584,
    -2.5064,
    1.1357,
    -0.0038,
    0.0191,
    1.8975,
    -0.0788,
    -0.3585,
    3.4211,
    -5.8834,
    0.8611,
    1.9086,
    -1.303,
    -0.4257,
    3.9835,
    0.8878,
    -2.0249,
    29.6761,
    -0.1475,
    -0.6618,
    -0.6879,
    2.0948,
    1.1368,
    -1.3015,
    0.993,
    8.7011,
    0.61,
    -4.6535,
    0.3139,
    2.0307,
    267.0508,
    3.7269,
    -2.5433,
    -4.5981,
    -3.3867,
    0.1436,
    -203.8622,
    3.8703,
    -2.2459,
    0.2063,
    -5.8148,
    0.7147,
    14.1146,
    -0.9455,
    0.7121,
    0.3195,
    -2.2106,
    -1.0049,
    0.334,
    -0.8354,
    0.8316,
    -3.3905,
    0.3978,
    -1.3576,
    -1.7045,
    -10.15,
    -2.2869,
    -1.0527,
    -5.8999,
    2.6639,
    -1.2751,
    -0.7705,
    -0.7168,
    1.094,
    -0.1269,
    0.43,
    -0.2437,
    -1.2837,
    0.6715,
    -1.5445,
    -0.4311,
    0.6562,
    -1.6167,
    -42.2581,
    8.0599,
    -1.2552,
    0.3549,
    -1.8731,
    24.1197,
    0.3466,
    13.5425,
    0.982,
    -0.4222,
    0.5763,
    1.2183,
    2.0087,
    -1.5569,
    -0.3441,
    -4.4904,
    1.0244,
    2.5266,
    -0.4917,
    -0.088,
    -1.6368,
    -4.1446,
    29.6289,
    -7.2168,
    -0.7429,
    -4.2309,
    -0.2476,
    0.6066,
    1.2932,
    0.1504,
    0.6173,
    1.5334,
    -14.7641,
    0.5046,
    -139.5272,
    1.7788,
    -1.229,
    -3.1817,
    0.0154,
    -2.4175,
    -0.5408,
    -0.7209,
    -0.7086,
    -1.6632,
    1.1829,
    0.2653,
    2.1553,
    -1.5405,
    0.7922,
    -0.2472,
    0.7127,
    -0.1885,
    -1.4072,
    0.2934,
    -0.3842,
    0.7869,
    1.254,
    -1.5493,
    -5.3648,
    -0.3077,
    -0.5036,
    -0.9581,
    0.8212,
    -0.8637,
    -0.0964,
    -4.8211,
    8.5443,
    -2.292,
    0.1773,
    2.6298,
    0.9384,
    -1.4513,
    0.742,
    2.4064,
    -2.0599,
    -0.285,
    1.8765,
    -0.0998,
    -0.9741,
    -0.9054,
    -0.6253,
    -2.1512,
    -0.6605,
    5.9751,
    -3.0216,
    0.4521,
    -2.1407,
    0.1482,
    -7.5813,
    -0.2149,
    4.7657,
    -1.1175,
    0.4228,
    -1.2744,
    -1.9394,
    1.4568,
    2.9227,
    -0.7378,
    -7.413,
    0.1466,
    2.0498,
    0.5651,
    0.6487,
    -2.557,
    0.6875,
    1.3426,
    1.2348,
    -9.475,
    -6.6621,
    -0.7913,
    1.9774,
    2.0245,
    -8.0063,
    2.4584,
    -3.1597,
    -1.3803,
    -0.4768,
    1.6219,
    8.5787,
    -0.4072,
    1.571,
    15.9467,
    -2.9571,
    0.7862,
    9.0001,
    -3.412,
    0.0953,
    -0.6294,
    -1.6638,
    0.2435,
    -0.3633,
    -0.693,
    -2.6725,
    1.7211,
    -1.1699,
    0.6435,
    0.6939,
    1.1074,
    -2.659,
    1.1118,
    0.2283,
    -0.0513,
    -3.8531,
    1.4207,
    -3.2434,
    -1.1985,
    -0.0376,
    -0.2761,
    1.5833,
    3.0668,
    0.6633,
    3.2169,
    1.527,
    -18.2163,
    -0.3213,
    2.2482,
    -90.4637,
    -0.3751,
    0.9468,
    0.3611,
    -1.6373,
    -0.319,
    1.4274,
    -1.476,
    -0.2039,
    0.2052,
    0.4713,
    1.3918,
    -5.1822,
    -0.8148,
    -0.0997,
    3.8387,
    0.8737,
    0.9876,
    -0.2348,
    0.6544,
    -2.3206,
    -1.5401,
    -0.584,
    -0.9966,
    1.9432,
    -0.3851,
    0.9624,
    -4.1387,
    -2.3408,
    0.9878,
    -0.8705,
    2.1885,
    0.5188,
    2.905,
    1.3837,
    -0.6964,
    0.9695,
    -11.194,
    -0.4795,
    -0.347,
    0.0086,
    0.8462,
    0.2253,
    -1.3551,
    0.8796,
    -1.6332,
    0.7104,
    -17.9036,
    0.8748,
    1.6137,
    -0.9353,
    -1.2339,
    -0.2199,
    -0.6014,
    -1.9343,
    -5.3476,
    -1.4459,
    -3.0925,
    0.7136,
    6.9102,
    -1.8375,
    2.7517,
    1.0224,
    -2.7664,
    0.1505,
    1.3935,
    -0.1083,
    0.7059,
    0.9039,
    -4.3305,
    7.5242,
    1.0141,
    0.6289,
    2.8431,
    -0.7326,
    0.2836,
    3.176,
    2.7421,
    -0.2929,
    -2.8415,
    1.5714,
    0.2572,
    95.5273,
    1.7576,
    -1.5198,
    1.6613,
    0.6613,
    0.766,
    -0.4701,
    -47.1738,
    -1.8506,
    0.6093,
    -0.2236,
    0.1213,
    0.3332,
    -0.3272,
    -0.8594,
    0.3709,
    0.8691,
    -0.059,
    0.5681,
    -5.2366,
    -0.0332,
    0.2456,
    -0.6477,
    -1.414,
    0.7173,
    0.283,
    0.9855,
    -0.3755,
    -5.5221,
    0.7583,
    0.5873,
    2.1379,
    -0.0968,
    -1.7175,
    3.0988,
    -7.3865,
    -0.7867,
    -0.7735,
    -0.4497,
    -2.2671,
    -0.4539,
    -8.4016,
    -2.2843,
    0.9029,
    -3.3074,
    0.2066,
    -2.8702,
    -2.2627,
    0.2964,
    -3.6169,
    0.4182,
    -6.3253,
    3.0373,
    -0.4686,
    37.2864,
    -5.8748,
    -1.4998,
    2.8197,
    0.2682,
    0.1419,
    0.715,
    0.107,
    3.8044,
    2.0154,
    0.4601,
    30.4767,
    -1.624,
    -1.4745,
    -0.9636,
    -0.6376,
    -4.4404,
    0.1955,
    0.5004,
    1.8027,
    1.6855,
    1.872,
    1.6817,
    -0.2749,
    0.1379,
    0.2044,
    3.1055,
    1.133,
    -1.5492,
    -0.2452,
    0.6736,
    -0.5645,
    -0.8751,
    0.2208,
    2.6917,
    -0.2822,
    -6.2201,
    0.3146,
    2.2456,
    0.3637,
    2.0609,
    -0.8808,
    -0.4662,
    -0.979,
    -1.9564,
    -0.7549,
    1.4042,
    1.7102,
    -2.5153,
    1.1281,
    -0.4804,
    -0.3073,
    -3.8293,
    2.2137,
    2.4479,
    -0.5875,
    -2.3275,
    -0.8405,
    -2.0532,
    -3.2883,
    -0.7232,
    -0.2925,
    3.3476,
    -0.3567,
    -5.6823,
    -1.6213,
    0.6565,
    -0.2875,
    40.0887,
    2.9362,
    1.9826,
    -0.6922,
    -1.4161,
    -3.0721,
    10.6929,
    0.9193,
    2.583,
    1.0458,
    0.9524,
    -2.5231,
    -1.4148,
    2.7504,
    0.3986,
    0.651,
    -0.7994,
    -1.7093,
    -0.5247,
    1.379,
    -0.9078,
    0.1536,
    -0.3381,
    0.7823,
    -3.3125,
    0.6294,
    0.0638,
    0.7124,
    -0.1019,
    -0.5954,
    0.6683,
    147.8921,
    0.0042,
    1.1903,
    1.1119,
    -0.5879,
    11.1969,
    1.516,
    0.2062,
    -0.4274,
    2.9772,
    1.1135,
    -0.5427,
    0.4488,
    -2.1163,
    -0.2073,
    1.0548,
    2.1345,
    -1.8538,
    0.3587,
    0.8255,
    0.9567,
    1.6279,
    2.5038,
    -0.1575,
    -0.1135,
    -2.3106,
    -0.0295,
    -0.6379,
    -0.542,
    -0.0403,
    1.605,
    -1.3033,
    -3.0886,
    3.3256,
    -2.1324,
    1.1471,
    -0.2559,
    4.9237,
    2.7656,
    0.9685,
    0.6772,
    0.208,
    -0.4155,
    1.0583,
    1.564,
    2.005,
    0.9509,
    -1.0597,
    -1.9547,
    1.6699,
    89.9478,
    3.6835,
    1.3518,
    0.3041,
    0.5076,
    -0.2051,
    3.6557,
    0.314,
    2.0052,
    -1.3317,
    -0.765,
    -0.9707,
    -0.5445,
    -1.4622,
    -1.0753,
    0.3502,
    -0.2726,
    -0.0478,
    -1.7858,
    0.8933,
    0.9078,
    -1.6373,
    0.9538,
    -0.8313,
    -0.6078,
    5.3571,
    -0.6158,
    6.9462,
    -0.6446,
    1.4643,
    -0.4826,
    3.6321,
    -0.5597,
    7.1275,
    1.1184,
    0.2647,
    -2.3151,
    -1.4186,
    2.9363,
    0.2953,
    -3.8716,
    -0.2987,
    4.7458,
    3.036,
    3.3281,
    0.149,
    -0.7146,
    0.6934,
    1.2085,
    -0.8804,
    1.7738,
    3.7074,
    0.1995,
    -0.0955,
    0.4943,
    -1.8938,
    1.0687,
    -1.7759,
    -3.0105,
    0.0556,
    -0.8798,
    1.0876,
    0.14,
    2.832,
    6.1124,
    -0.1196,
    -1.2812,
    -2.6853,
    3.6044,
    3.2127,
