{
  "model": "meta-llama/Llama-4-Scout-17B-16E-Instruct",
  "distribution": "Cauchy(loc={loc}, scale={scale})",
  "mode": "batch_generation",
  "generation_time": 129.65781831741333,
  "statistics": {
    "requested_samples": 1000,
    "total_samples": 550,
    "deviation_pct": -45.0,
    "unique_values": 477,
    "unique_rate": 86.72727272727273,
    "mean": 0.10883199276717276,
    "std": 0.7217521478688494,
    "min": -1.816326530612245,
    "max": 1.953125,
    "ks_statistic": 0.2107185312540157,
    "ks_pvalue": 6.630004870373623e-22
  },
  "samples": [
    0.6579879569756543,
    -0.38289389076749364,
    0.1216070614356789,
    -1.2314926543210987,
    0.8750324869411927,
    -0.6943826805449334,
    0.25836924556789076,
    1.1152943611198907,
    -0.1892674569300223,
    -1.456987654321098,
    0.3986543210987654,
    1.8765432109876543,
    -0.5328910561791378,
    0.6546546546546546,
    1.0234567890123456,
    -0.23894736842105263,
    -0.8476923076923077,
    1.492537313432835,
    0.10810810810810811,
    -1.6216216216216215,
    -0.6136363636363636,
    0.4746268656716418,
    1.0256410256410258,
    -1.2156862745098038,
    0.8758758758758759,
    -0.24675324675324675,
    0.7666333666333666,
    0.5938325938325938,
    -1.816326530612245,
    -0.6766766766766767,
    0.33962264150943394,
    0.2530864197530864,
    1.2564102564102564,
    0.9393939393939394,
    -1.1515151515151516,
    0.7653668654598323,
    -0.4054054054054054,
    -1.1945945945945946,
    -0.27848101265822783,
    0.8833673469387755,
    1.4313725490196079,
    -0.9880952380952381,
    0.43137254901960786,
    -0.7078333333333334,
    1.0957446808510638,
    -0.3483146067415731,
    0.6106382978723404,
    0.9154513888888889,
    -0.5805805805805806,
    -0.9354140434782608,
    -0.6329113924050639,
    0.4761904761904762,
    0.7810243902439024,
    1.1111111111111112,
    0.6486486486486487,
    -1.3214285714285716,
    -0.5178571428571428,
    0.6222222222222222,
    0.17777777777777778,
    1.4674603174603176,
    -0.5396825396825397,
    0.615894039735099,
    -0.7575757575757576,
    -0.23148148148148148,
    0.9506174243609022,
    0.5426356589171974,
    -1.5158471538461538,
    -0.8230769230769232,
    0.5576923076923077,
    0.288462962962963,
    0.819672131147541,
    0.2876712328767123,
    -1.0277777777777777,
    1.1111111111111112,
    -0.5631067961165049,
    -0.2530864197530864,
    -0.5111111111111111,
    0.6944444444444444,
    -0.17543859649122254,
    0.8741259842519685,
    1.662122951807792,
    0.2738095238095238,
    -0.6408450704225352,
    0.4117647058823529,
    1.6790123466790123,
    -0.7581699346405228,
    -0.4117647058823529,
    -0.9393939393939394,
    1.875875875875876,
    0.7487378657441559,
    -1.0277777777777777,
    -0.7823076923076923,
    0.4326923076923077,
    0.6710937499999999,
    -0.5592409246414275,
    -1.3157894736842104,
    0.2456140350877193,
    0.572815533980582,
    -0.7621359223937765,
    0.15005735738883585,
    0.9516121621621622,
    -0.3983146067415731,
    -0.9609375,
    0.4117647058823529,
    -1.2121212121212122,
    0.22857142857142856,
    0.8554216867469879,
    0.5865337566337566,
    -0.6486486486486487,
    -0.9880952380952381,
    0.9354140434782608,
    -0.6136363636363636,
    -0.25406542056074766,
    0.4342105263157895,
    -0.8955223880597015,
    0.7764705882352941,
    0.9468085106382979,
    -0.7543859649122807,
    0.30303030303030304,
    1.6153846153846154,
    0.3953488372093023,
    0.0655737704918034,
    0.585786435897436,
    -1.6813186813186813,
    -0.4594594594594595,
    0.8709677419354839,
    1.2486766766766766,
    0.5742574257425743,
    -0.8518518518518519,
    0.425531914893617,
    0.6390243902439025,
    -0.5319148936170213,
    0.30434782608695654,
    -0.5909090909090909,
    -0.4333333333333333,
    0.6818181818181818,
    1.036036036036036,
    0.4444444444444444,
    1.263374092783505,
    -1.5333333333333332,
    0.5416666666666666,
    0.6666666666666666,
    -0.3870967741935484,
    -0.7297297297297297,
    -0.2481203007518797,
    0.696969696969697,
    -0.6808510638297872,
    -0.797752808988764,
    0.3015075376884422,
    -0.4342105263157895,
    0.7424242424242424,
    0.3434343434343434,
    -1.3870967741935485,
    0.6956521739130435,
    0.9771986974789916,
    -0.9954954954954955,
    0.2456140350877193,
    0.8484304938271605,
    1.4494494494494494,
    0.6944444444444444,
    -0.7518796992462311,
    -0.1136690647487437,
    0.515625,
    -0.6172839506172839,
    0.5631067961165049,
    -0.7500000000000001,
    0.3103448275862069,
    0.5161290322580645,
    1.163265306122449,
    0.7526881720430108,
    -0.7314814814814815,
    -0.3181818181818182,
    -0.7297297297297297,
    0.09523809523809525,
    0.7530864197530864,
    -0.4296296296296296,
    -0.9506174243609022,
    -0.3661200374539563,
    0.4247761194029851,
    0.5833333333333334,
    -0.6818181818181818,
    0.8974358974358974,
    1.369127865261383,
    -0.7466666666666666,
    -0.4117647058823529,
    0.29411764705882354,
    0.8064516129032255,
    -0.7936985935329144,
    1.094017094017094,
    0.2653061224489796,
    0.3555555555555556,
    0.48,
    0.6609375,
    1.612903225581395,
    -0.2222222222222222,
    0.7868852459016398,
    -0.23595505617913784,
    0.5270270270270271,
    -0.4305555555555556,
    -1.2083333333333333,
    -0.4444444444444444,
    -0.6451612903225806,
    1.3953488372093024,
    0.5970469798657717,
    1.2857142857142858,
    0.7833333333333334,
    -0.5319148936170213,
    -0.28089932871800344,
    0.5094339622641509,
    0.9405940594059407,
    0.06976744186046512,
    0.5555555555555556,
    0.6306306306306306,
    0.3421052631578947,
    -0.5675675675675677,
    1.2842105263157895,
    0.8993245562130177,
    0.3061224489795918,
    -1.2467532467532467,
    0.6184210526315789,
    0.7000000000000001,
    0.325,
    1.953125,
    0.9071428571428571,
    0.1111111111111111,
    -0.9090909090909091,
    0.5102040816326531,
    0.6222222222222222,
    0.9937102181666237,
    0.1904761904761905,
    0.29502945578619333,
    0.05960264942528757,
    -1.2605042016806722,
    -0.5333333333333333,
    0.6785714285714286,
    -0.28089932871800344,
    0.6333333333333334,
    0.8461538461538461,
    -0.6808510638297872,
    -0.8602150537634409,
    0.7105263157894737,
    0.9166666666666666,
    0.11764705882352941,
    -0.6666666666666666,
    -0.30303030303030304,
    -1.0559440559440558,
    0.32173999932965835,
    0.2898550724637681,
    -0.6379310344827586,
    -0.5555555555555556,
    0.5877862655614867,
    0.5245901639344261,
    -0.11267183015867847,
    0.5544554455445545,
    -0.4862385321100917,
    0.3529411764705882,
    0.5287766990292547,
    -0.4184109589041096,
    0.3409090909090909,
    0.2702702702702703,
    -0.8771931825300541,
    -0.5877862655614867,
    0.4305555555555556,
    1.2121212121212122,
    -0.5161290322580645,
    0.7297297297297297,
    0.4938271604938272,
    0.9554140378152087,
    -0.2481203007518797,
    0.4436904761904762,
    -0.7222222222222222,
    -0.4696969696969697,
    -0.6117647058823529,
    -0.6060606060606061,
    0.3780517578125,
    0.3953488372093023,
    0.43137254901960786,
    -1.3636363636363635,
    0.5993826979323308,
    0.9191919191919192,
    -0.3469387755102041,
    -0.6521739130434783,
    -0.2368421052631579,
    0.2641509433962264,
    0.594059405940594,
    0.3508771929824561,
    0.9302325581395349,
    0.3421052631578947,
    -0.5652173913043478,
    -0.9900990099009901,
    0.6052631578947368,
    0.7500000000000001,
    0.06666666666666667,
    -0.5309734513274335,
    -0.3773584905699081,
    1.0810810810810811,
    0.8780487804878049,
    -0.7994801587301587,
    -0.5303030303030303,
    1.176470588235294,
    0.8595505617977528,
    -0.23595505617913784,
    0.46746031746031746,
    -0.4201680672265934,
    -0.9629629629629629,
    -0.631578947368421,
