{
  "model": "mistralai/Mistral-Small-3.2-24B-Instruct-2506",
  "distribution": "Cauchy(loc={loc}, scale={scale})",
  "mode": "batch_generation",
  "generation_time": 89.58333468437195,
  "statistics": {
    "requested_samples": 1000,
    "total_samples": 588,
    "deviation_pct": -41.099999999999994,
    "unique_values": 40,
    "unique_rate": 6.791171477079796,
    "mean": 0.7407289115646258,
    "std": 1.13685933614697,
    "min": -3.456,
    "max": 3.456,
    "ks_statistic": 0.38115449915110355,
    "ks_pvalue": 1.9270486106067098e-77
  },
  "samples": [
    0.0,
    0.0,
    1.0,
    0.1243,
    -1.371,
    0.4567,
    -2.456,
    1.234,
    -0.5678,
    3.456,
    -0.789,
    0.0123,
    2.345,
    -0.6789,
    1.456,
    -3.456,
    0.789,
    -0.123,
    2.456,
    -1.234,
    0.345,
    -0.456,
    0.987,
    -3.456,
    0.111,
    -1.234,
    3.456,
    -0.567,
    1.234,
    -0.678,
    0.789,
    -2.345,
    -0.987,
    3.456,
    0.345,
    -1.234,
    2.345,
    0.123,
    -0.567,
    1.456,
    -3.456,
    0.789,
    0.012,
    -2.345,
    1.234,
    -0.678,
    0.345,
    0.987,
    -3.456,
    0.456,
    0.567,
    -2.345,
    1.234,
    0.789,
    -3.456,
    0.678,
    1.345,
    -0.987,
    1.234,
    -1.234,
    2.345,
    0.456,
    -3.456,
    1.789,
    0.234,
    -0.567,
    2.345,
    0.678,
    -1.234,
    1.456,
    -0.987,
    3.456,
    0.123,
    0.678,
    -2.345,
    1.234,
    -0.456,
    1.345,
    0.789,
    -0.123,
    1.789,
    0.012,
    -2.345,
    0.678,
    -3.456,
    1.567,
    0.234,
    -0.567,
    1.789,
    0.345,
    -0.123,
    1.987,
    0.456,
    -1.234,
    0.789,
    0.345,
    1.234,
    -0.567,
    -1.234,
    1.789,
    -0.345,
    0.678,
    2.345,
    0.123,
    -0.789,
    1.345,
    0.012,
    -2.345,
    0.567,
    0.987,
    -1.234,
    1.456,
    0.234,
    3.456,
    -0.678,
    1.012,
    0.345,
    1.234,
    -0.789,
    2.345,
    0.567,
    0.123,
    1.789,
    -3.456,
    0.456,
    0.678,
    1.234,
    0.012,
    1.456,
    0.987,
    -2.345,
    0.567,
    -1.234,
    0.789,
    3.456,
    0.234,
    0.345,
    1.234,
    0.123,
    0.567,
    -0.345,
    1.789,
    1.234,
    0.987,
    3.456,
    0.012,
    0.678,
    1.567,
    0.345,
    1.234,
    -0.456,
    1.789,
    0.123,
    -2.345,
    0.678,
    1.987,
    -1.234,
    0.456,
    2.345,
    0.567,
    0.123,
    1.456,
    0.789,
    0.345,
    1.234,
    0.012,
    1.789,
    -0.678,
    3.456,
    0.987,
    -1.234,
    0.234,
    1.345,
    1.567,
    0.012,
    2.345,
    -0.456,
    1.234,
    0.678,
    0.789,
    1.456,
    0.012,
    1.987,
    0.567,
    -0.123,
    2.345,
    -0.789,
    1.234,
    0.678,
    0.987,
    3.456,
    0.456,
    0.012,
    -1.234,
    0.345,
    1.456,
    0.789,
    1.234,
    0.678,
    1.789,
    -2.345,
    0.987,
    3.456,
    0.234,
    -0.123,
    1.567,
    0.456,
    1.234,
    0.012,
    0.678,
    0.789,
    1.345,
    1.456,
    0.234,
    -0.123,
    1.789,
    0.987,
    0.567,
    1.234,
    3.456,
    0.345,
    0.678,
    0.123,
    -2.345,
    0.987,
    1.234,
    0.456,
    1.789,
    0.678,
    0.123,
    1.456,
    0.345,
    0.012,
    2.345,
    0.567,
    1.234,
    0.456,
    1.234,
    0.012,
    0.678,
    0.987,
    3.456,
    0.345,
    0.123,
    0.456,
    0.789,
    1.234,
    0.678,
    0.345,
    0.567,
    0.123,
    1.456,
    0.234,
    -0.567,
    1.234,
    0.987,
    3.456,
    0.678,
    0.123,
    0.456,
    1.234,
    0.345,
    0.789,
    -1.234,
    1.789,
    0.012,
    0.567,
    2.345,
    0.678,
    0.234,
    0.987,
    0.123,
    1.234,
    3.456,
    0.456,
    -1.234,
    0.789,
    1.567,
    1.234,
    0.678,
    0.012,
    0.567,
    0.345,
    1.234,
    0.987,
    0.123,
    0.678,
    0.789,
    1.567,
    1.456,
    0.234,
    0.012,
    2.345,
    0.456,
    1.789,
    3.456,
    0.987,
    0.345,
    1.234,
    0.789,
    0.678,
    0.987,
    3.456,
    0.123,
    1.567,
    0.456,
    0.234,
    0.123,
    0.987,
    0.345,
    0.678,
    1.234,
    0.789,
    0.456,
    0.012,
    1.567,
    -0.345,
    1.456,
    2.345,
    0.678,
    3.456,
    0.123,
    0.234,
    0.789,
    1.987,
    0.456,
    1.234,
    1.789,
    0.345,
    0.678,
    2.345,
    0.987,
    0.567,
    1.456,
    0.123,
    -1.234,
    0.789,
    0.012,
    1.234,
    1.234,
    3.456,
    0.456,
    1.234,
    0.987,
    0.678,
    1.456,
    0.567,
    1.234,
    0.345,
    0.123,
    1.345,
    1.567,
    0.234,
    0.987,
    3.456,
    0.789,
    1.234,
    0.123,
    1.456,
    2.345,
    0.456,
    1.234,
    1.987,
    0.678,
    1.234,
    0.012,
    0.567,
    0.123,
    0.789,
    1.456,
    1.789,
    0.345,
    2.345,
    0.678,
    0.987,
    0.123,
    3.456,
    0.456,
    1.234,
    1.234,
    0.345,
    1.567,
    0.789,
    0.234,
    1.234,
    0.987,
    0.456,
    0.567,
    1.987,
    0.123,
    1.234,
    0.123,
    -0.345,
    1.789,
    1.234,
    0.234,
    3.456,
    0.678,
    1.234,
    0.456,
    1.567,
    0.789,
    1.456,
    1.234,
    0.012,
    0.567,
    0.345,
    1.987,
    1.234,
    1.456,
    0.987,
    2.345,
    0.123,
    1.234,
    0.789,
    0.678,
    0.567,
    0.234,
    0.123,
    1.234,
    1.234,
    0.987,
    2.345,
    1.456,
    0.789,
    0.345,
    0.123,
    1.234,
    0.678,
    0.987,
    1.567,
    0.456,
    1.234,
    0.012,
    0.345,
    2.345,
    0.678,
    0.123,
    0.456,
    -0.123,
    0.789,
    0.987,
    3.456,
    1.234,
    0.567,
    1.456,
    1.234,
    0.123,
    0.012,
    1.234,
    0.234,
    1.567,
    2.345,
    0.789,
    0.456,
    1.234,
    0.678,
    0.987,
    1.234,
    0.123,
    0.345,
    0.567,
    1.234,
    1.456,
    0.678,
    0.012,
    0.789,
    0.987,
    1.234,
    1.567,
    2.345,
    0.345,
    1.234,
    -0.123,
    0.456,
    0.567,
    1.456,
    0.789,
    1.234,
    1.234,
    0.345,
    0.123,
    0.678,
    1.789,
    0.567,
    1.234,
    0.234,
    0.345,
    0.123,
    1.456,
    1.987,
    0.789,
    0.678,
    1.234,
    0.012,
    1.567,
    0.345,
    0.987,
    0.456,
    0.789,
    1.456,
    0.234,
    0.678,
    1.234,
    0.345,
    2.345,
    0.567,
    0.789,
    1.456,
    0.123,
    0.987,
    1.234,
    0.456,
    3.456,
    0.234,
    0.567,
    0.345,
    1.456,
    0.678,
    1.234,
    0.987,
    0.012,
    1.789,
    1.456,
    0.345,
    0.123,
    0.234,
    0.567,
    3.456,
    1.234,
    0.012,
    0.789,
    1.987,
    0.456,
    0.567,
    0.789,
    1.234,
    0.345,
    1.234,
    1.567,
    2.345,
    0.123,
    1.789,
    0.567,
    3.456,
    0.123,
    0.456,
    1.234,
    0.678,
    0.123,
    1.234,
    0.678,
    0.789,
    1.456,
    0.567,
    0.345,
    1.234,
    0.987,
    1.234,
    2.345,
    1.456,
    0.987,
    1.789,
    0.234,
    0.678,
    1.456,
    0.012,
    0.789,
    3.456,
    1.234,
    1.567,
    0.456,
    1.234,
    1.987,
    0.345,
    0.678,
    0.678,
    0.456,
    0.987,
    0.123,
    1.234,
    2.345,
    0.789,
    0.012,
    0.678,
    0.123,
    0.345,
    0.0
  ],
  "timestamp": "2025-11-23 21:47:19"
}