{
  "model": "moonshotai/Kimi-K2-Instruct-0905",
  "distribution": "Cauchy(loc={loc}, scale={scale})",
  "mode": "batch_generation",
  "generation_time": 164.49936866760254,
  "statistics": {
    "requested_samples": 1000,
    "total_samples": 1219,
    "deviation_pct": 21.9,
    "unique_values": 82,
    "unique_rate": 6.726825266611977,
    "mean": -0.10058630024610336,
    "std": 1.1351408905274563,
    "min": -3.7421,
    "max": 2.987,
    "ks_statistic": 0.15764618505727013,
    "ks_pvalue": 6.291152561265725e-27
  },
  "samples": [
    2.3847,
    -0.2152,
    0.0984,
    -3.7421,
    1.2589,
    -0.6732,
    0.5421,
    -1.9874,
    0.0123,
    -2.1547,
    0.8732,
    -0.4321,
    1.6543,
    -0.1234,
    0.7654,
    -1.5432,
    0.321,
    -0.8765,
    2.1098,
    -0.5432,
    0.4321,
    -1.2345,
    0.6789,
    -2.3456,
    0.1234,
    -0.789,
    1.4567,
    -0.321,
    0.9876,
    -1.8765,
    0.2345,
    -0.6543,
    0.5432,
    -1.4321,
    0.8765,
    -0.1098,
    1.7654,
    -2.321,
    0.4567,
    -0.2345,
    0.789,
    -1.6789,
    0.321,
    -0.5432,
    1.2345,
    -0.8765,
    0.6543,
    -1.1098,
    0.4321,
    -0.321,
    0.9876,
    -2.4567,
    0.1234,
    -0.6789,
    1.5432,
    -0.2345,
    0.7654,
    -1.8765,
    0.321,
    -0.4321,
    0.6543,
    -1.987,
    0.8765,
    -0.1234,
    2.321,
    -0.5432,
    0.1098,
    -0.789,
    1.4567,
    -2.109,
    0.2345,
    -0.321,
    0.6789,
    -1.543,
    0.4321,
    -0.8765,
    1.765,
    -0.2345,
    0.5432,
    -1.432,
    0.321,
    -0.6543,
    0.9876,
    -2.321,
    0.4567,
    -0.1098,
    1.234,
    -0.6789,
    0.7654,
    -1.876,
    0.1234,
    -0.4321,
    0.8765,
    -1.109,
    0.321,
    -0.5432,
    1.654,
    -0.2345,
    0.789,
    -2.456,
    0.4321,
    -0.321,
    0.6543,
    -1.987,
    0.8765,
    -0.1234,
    2.109,
    -0.5432,
    0.2345,
    -0.765,
    1.456,
    -2.321,
    0.321,
    -0.4321,
    0.6789,
    -1.876,
    0.5432,
    -0.2345,
    0.9876,
    -1.543,
    0.1098,
    -0.6543,
    1.765,
    -0.321,
    0.4321,
    -2.109,
    0.8765,
    -0.2345,
    0.321,
    -0.789,
    1.543,
    -0.1234,
    0.7654,
    -1.432,
    0.4567,
    -0.5432,
    0.2345,
    -1.876,
    0.6789,
    -0.321,
    1.109,
    -0.4321,
    0.6543,
    -2.321,
    0.321,
    -0.8765,
    0.5432,
    -0.1098,
    1.234,
    -1.654,
    0.2345,
    -0.321,
    0.789,
    -2.456,
    0.4321,
    -0.5432,
    1.876,
    -0.1234,
    0.321,
    -0.6543,
    0.9876,
    -1.543,
    0.8765,
    -0.2345,
    2.321,
    -0.4321,
    0.1098,
    -0.765,
    1.456,
    -2.109,
    0.321,
    -0.321,
    0.6789,
    -1.876,
    0.5432,
    -0.2345,
    0.4321,
    -1.109,
    0.7654,
    -0.5432,
    1.987,
    -0.321,
    0.2345,
    -2.456,
    0.8765,
    -0.4321,
    0.321,
    -0.789,
    1.654,
    -0.1234,
    0.6543,
    -1.432,
    0.4567,
    -0.321,
    0.9876,
    -2.321,
    0.2345,
    -0.5432,
    1.876,
    -0.1098,
    0.4321,
    -0.6543,
    0.7654,
    -1.543,
    0.321,
    -0.2345,
    2.109,
    -0.8765,
    0.5432,
    -0.321,
    1.234,
    -2.987,
    0.1234,
    -0.4321,
    0.789,
    -1.456,
    0.6789,
    -0.321,
    0.4321,
    -2.109,
    0.8765,
    -0.5432,
    0.2345,
    -0.987,
    1.543,
    -0.1234,
    0.321,
    -1.876,
    0.6543,
    -0.4321,
    0.7654,
    -2.321,
    0.321,
    -0.2345,
    0.5432,
    -1.109,
    0.4321,
    -0.6543,
    1.876,
    -0.321,
    0.9876,
    -0.1098,
    0.2345,
    -1.654,
    0.8765,
    -0.5432,
    2.456,
    -0.4321,
    0.321,
    -0.789,
    1.109,
    -2.543,
    0.1234,
    -0.321,
    0.6543,
    -1.876,
    0.7654,
    -0.2345,
    0.4321,
    -0.987,
    1.654,
    -0.5432,
    0.321,
    -2.321,
    0.8765,
    -0.4321,
    0.2345,
    -1.456,
    0.6789,
    -0.321,
    0.5432,
    -1.987,
    0.321,
    -0.6543,
    1.234,
    -0.1234,
    0.789,
    -2.876,
    0.4321,
    -0.321,
    0.7654,
    -1.543,
    0.2345,
    -0.5432,
    0.9876,
    -2.109,
    0.321,
    -0.8765,
    1.456,
    -0.4321,
    0.6543,
    -0.2345,
    0.321,
    -1.765,
    0.8765,
    -0.1098,
    2.321,
    -0.5432,
    0.4321,
    -0.6543,
    0.789,
    -1.876,
    0.1234,
    -0.321,
    1.543,
    -2.432,
    0.4567,
    -0.2345,
    0.6789,
    -1.109,
    0.5432,
    -0.4321,
    0.9876,
    -2.654,
    0.321,
    -0.765,
    0.2345,
    -0.5432,
    1.876,
    -0.321,
    0.4321,
    -1.654,
    0.8765,
    -0.1234,
    0.6543,
    -2.321,
    0.321,
    -0.4321,
    0.789,
    -1.456,
    0.2345,
    -0.321,
    0.5432,
    -0.987,
    1.765,
    -0.5432,
    2.109,
    -0.2345,
    0.321,
    -1.876,
    0.6789,
    -0.4321,
    0.4321,
    -0.6543,
    0.8765,
    -2.456,
    0.1234,
    -0.321,
    1.234,
    -0.789,
    0.7654,
    -1.543,
    0.321,
    -0.2345,
    0.9876,
    -2.109,
    0.5432,
    -0.5432,
    1.456,
    -0.1234,
    0.321,
    -0.8765,
    0.6543,
    -1.765,
    0.4321,
    -0.321,
    2.321,
    -0.4321,
    0.2345,
    -1.543,
    0.8765,
    -0.5432,
    0.1098,
    -0.6543,
    1.876,
    -0.321,
    0.789,
    -2.987,
    0.321,
    -0.2345,
    0.4321,
    -1.109,
    0.6543,
    -0.4321,
    0.7654,
    -2.321,
    0.2345,
    -0.5432,
    1.543,
    -0.321,
    0.9876,
    -0.8765,
    0.321,
    -1.654,
    0.4321,
    -0.1234,
    2.456,
    -0.789,
    0.5432,
    -0.321,
    0.2345,
    -1.876,
    0.6789,
    -0.4321,
    0.6543,
    -2.109,
    0.321,
    -0.321,
    0.8765,
    -1.456,
    0.1234,
    -0.5432,
    0.4321,
    -0.987,
    1.765,
    -0.2345,
    2.321,
    -0.6543,
    0.321,
    -0.4321,
    0.789,
    -1.876,
    0.5432,
    -0.1098,
    1.234,
    -2.543,
    0.8765,
    -0.321,
    0.2345,
    -0.765,
    0.4321,
    -1.543,
    0.321,
    -0.4321,
    0.9876,
    -2.456,
    0.6543,
    -0.2345,
    1.876,
    -0.5432,
    0.321,
    -0.321,
    0.5432,
    -1.109,
    0.7654,
    -0.8765,
    2.109,
    -0.1234,
    0.4321,
    -2.321,
    0.321,
    -0.6543,
    0.6789,
    -1.456,
    0.2345,
    -0.321,
    0.8765,
    -1.987,
    0.5432,
    -0.4321,
    0.1234,
    -0.789,
    1.654,
    -2.876,
    0.321,
    -0.2345,
    0.6543,
    -0.5432,
    0.4321,
    -1.876,
    0.9876,
    -0.321,
    0.321,
    -2.109,
    0.8765,
    -0.5432,
    0.2345,
    -1.234,
    0.4567,
    -0.4321,
    0.7654,
    -1.765,
    0.321,
    -0.1234,
    2.654,
    -0.321,
    0.5432,
    -0.6543,
    0.789,
    -2.321,
    0.4321,
    -0.2345,
    1.456,
    -0.8765,
    0.321,
    -0.321,
    0.9876,
    -1.543,
    0.6543,
    -0.4321,
    2.876,
    -0.2345,
    0.321,
    -1.876,
    0.5432,
    -0.5432,
    0.4321,
    -0.1098,
    1.765,
    -2.456,
    0.2345,
    -0.321,
    0.6789,
    -1.456,
    0.8765,
    -0.5432,
    0.321,
    -1.987,
    0.1234,
    -0.4321,
    2.321,
    -0.6543,
    0.5432,
    -0.321,
    0.2345,
    -2.109,
    0.7654,
    -0.4321,
    0.8765,
    -1.234,
    0.321,
    -0.2345,
    0.4321,
    -0.987,
    1.543,
    -0.321,
    0.6543,
    -2.876,
    0.4321,
    -0.5432,
    0.321,
    -1.654,
    0.9876,
    -0.1234,
    1.876,
    -0.789,
    0.2345,
    -2.321,
    0.321,
    -0.4321,
    0.5432,
    -1.109,
    0.6789,
    -0.321,
    0.7654,
    -2.456,
    0.321,
    -0.5432,
    2.109,
    -0.2345,
    0.4321,
    -0.8765,
    0.321,
    -1.456,
    0.8765,
    -0.4321,
    0.1234,
    -2.654,
    0.5432,
    -0.321,
    0.6543,
    -1.876,
    0.2345,
    -0.4321,
    0.9876,
    -1.765,
    0.321,
    -0.2345,
    2.456,
    -0.5432,
    0.789,
    -0.321,
    0.4321,
    -2.109,
    0.6543,
    -0.8765,
    0.321,
    -1.543,
    0.4321,
    -0.1234,
    1.234,
    -0.321,
    0.7654,
    -2.987,
    0.5432,
    -0.2345,
    0.321,
    -0.6543,
    0.8765,
    -1.456,
    0.321,
    -0.4321,
    2.321,
    -0.987,
    0.2345,
    -1.876,
    0.5432,
    -0.321,
    0.4321,
    -2.543,
    0.6789,
    -0.5432,
    0.6543,
    -0.2345,
    0.321,
    -1.987,
    0.8765,
    -0.4321,
