{
  "model_name": "moonshotai/Kimi-K2-Instruct-0905",
  "distribution": "Exponential(\u03bb=1.0)",
  "lambda_param": 1.0,
  "n_requests": 1000,
  "failed_count": 0,
  "samples": [
    0.421,
    1.57,
    0.421093,
    0.4836,
    0.421,
    0.483,
    1.376,
    0.421,
    2.081,
    0.421,
    1.571,
    0.421,
    0.47,
    0.831,
    0.125,
    1.347,
    0.423,
    0.342,
    0.483,
    0.274,
    0.273,
    0.42356,
    0.322,
    0.4227,
    0.273,
    0.4831,
    0.4837,
    0.421,
    0.4217,
    0.421,
    0.421,
    0.4273,
    0.42,
    0.4276,
    0.421,
    1.148055,
    0.42,
    0.421,
    0.274,
    0.4216,
    0.421,
    0.421,
    0.421,
    0.4217,
    0.472,
    0.572,
    1.8536742102708947,
    0.427,
    1.2641,
    0.421,
    0.42,
    1.712,
    1.89,
    0.782,
    0.175,
    0.4287,
    0.421,
    1.35,
    0.4217,
    0.458,
    0.345678,
    0.293,
    0.421,
    0.42,
    0.845,
    0.4217,
    0.42,
    0.432,
    0.421,
    0.421,
    0.2736,
    2.15,
    0.421,
    0.342,
    1.853994258661027,
    0.4871,
    0.4862,
    0.4226,
    0.318,
    0.456,
    0.783,
    0.421,
    0.42,
    0.4213,
    0.783,
    0.4816,
    0.47,
    0.456,
    0.73,
    0.421,
    0.847312307,
    0.421,
    0.2745,
    0.423,
    0.482,
    0.483,
    0.421,
    1.72,
    0.278,
    0.421,
    0.483,
    0.831,
    0.4321,
    0.483,
    0.238,
    0.4263,
    1.839,
    0.42,
    0.37,
    0.27,
    0.781,
    0.47,
    0.4839,
    0.4217,
    0.421,
    0.421,
    0.42,
    0.73,
    0.421,
    0.783,
    0.567,
    0.421835,
    1.742,
    0.421,
    0.7416,
    0.421,
    0.372,
    0.421,
    0.274,
    0.732,
    0.42,
    0.4572,
    0.4218,
    0.87,
    1.742,
    0.423,
    0.4218,
    1.364,
    0.421,
    0.421,
    0.42,
    0.4273,
    0.831211,
    0.4832,
    0.421,
    0.47,
    0.83,
    0.423,
    2.143,
    0.825,
    2.0647,
    0.237,
    0.73,
    0.379,
    0.483,
    0.421,
    0.483,
    0.4237,
    0.42,
    0.47,
    0.732,
    1.843,
    1.624,
    0.421385,
    0.77,
    0.243,
    0.741,
    0.273,
    0.421,
    0.456,
    0.421,
    0.4217,
    0.742,
    0.73,
    0.42,
    0.4832,
    0.421,
    0.421,
    0.421,
    0.358,
    0.783,
    0.421,
    0.2746,
    1.03,
    0.847362,
    0.4218,
    0.753,
    0.47,
    0.4236,
    0.237,
    0.537,
    0.479,
    0.4215,
    0.274,
    0.47,
    0.872,
    0.483,
    0.421,
    0.4276,
    1.307,
    0.159,
    0.42,
    0.274,
    1.3066516879379206,
    0.421875,
    0.73,
    0.4217,
    0.472863,
    2.1972245773362196,
    0.537,
    1.846,
    0.4217,
    0.483,
    1.6487,
    0.482,
    2.14,
    0.273,
    2.315,
    1.073,
    1.877,
    1.83,
    0.2748,
    0.487,
    0.372,
    1.327,
    2.874,
    0.328,
    1.273942151,
    0.8312,
    0.421,
    0.29,
    0.4218,
    0.42,
    0.421,
    0.7316,
    0.42,
    0.456,
    2.053,
    0.273,
    0.4231,
    0.421,
    0.421,
    0.2847,
    0.47,
    0.147,
    2.345,
    0.3742,
    0.421,
    0.421,
    0.452,
    0.421,
    1.8562478391653439,
    1.742,
    0.421,
    1.318,
    0.421,
    0.421,
    1.372,
    1.324,
    0.3742,
    0.4217,
    0.421,
    0.421875,
    0.4217,
    1.384276,
    0.483,
    0.227,
    0.483,
    0.8473,
    0.421,
    0.425,
    0.422,
    0.483,
    0.742,
    1.237,
    1.2718,
    0.421,
    0.2837,
    0.421,
    0.342,
    0.273,
    0.4223,
    0.4217,
    1.072,
    0.24,
    0.475,
    0.83,
    0.4219,
    0.274,
    0.2743,
    0.83,
    0.4217,
    1.8472,
    0.4567,
    0.4218,
    0.42,
    0.456,
    0.4217,
    0.4213,
    0.5214,
    0.421,
    0.7827,
    0.421,
    0.4217,
    0.47,
    0.4862,
    0.456231,
    0.421,
    0.4832,
    0.42,
    1.876,
    0.482,
    0.4213,
    0.0834,
    0.4218,
    0.483,
    0.283,
    0.4219,
    0.456,
    2.341,
    0.738,
    0.483,
    0.4217,
    0.421,
    0.421,
    2.021,
    0.4218,
    0.42,
    1.034837,
    0.421,
    0.73,
    0.783,
    1.624,
    0.42,
    2.436,
    0.83,
    0.42389122170010407,
    0.6372,
    0.421,
    0.842,
    1.425197,
    1.3446,
    0.42,
    0.4276,
    0.247,
    0.4813,
    0.4237,
    0.421,
    1.89,
    0.421,
    2.342,
    0.422,
    0.487,
    0.783,
    0.4217,
    0.421,
    0.421,
    0.837,
    0.428,
    0.847,
    0.421,
    0.421817,
    1.739,
    0.421,
    0.4215,
    0.456,
    0.483,
    0.4217,
    2.354,
    0.27,
    0.421,
    0.4263,
    0.421,
    0.126,
    0.4567,
    0.9342,
    0.456,
    0.742,
    0.421,
    0.421,
    0.483,
    0.4217,
    0.421,
    0.248,
    0.4286,
    0.8319,
    0.4237,
    0.3758,
    2.042,
    0.421,
    0.4263,
    0.4217,
    0.871,
    1.445,
    0.4216,
    1.764051,
    0.4213,
    0.42,
    0.421,
    2.4503,
    0.421578,
    0.47,
    0.327,
    0.327,
    0.42,
    0.673,
    0.2765,
    0.4216,
    0.42,
    0.783,
    0.456781923,
    0.4567,
    0.37,
    0.4218,
    0.843,
    0.421,
    0.214,
    0.421,
    0.831,
    0.482,
    1.837,
    0.421,
    0.421,
    0.4217,
    0.8345,
    0.372,
    0.831214,
    0.4821,
    0.4268,
    0.47,
    0.274,
    1.92,
    0.423,
    0.421,
    0.271,
    1.053,
    2.048,
    0.743,
    0.831,
    0.423,
    0.4216,
    0.832,
    1.253,
    1.146,
    3.14,
    0.267946,
    0.678,
    0.4276,
    0.423,
    0.8371,
    0.421,
    0.231864982526,
    0.831,
    0.421,
    0.42,
    0.42,
    0.524,
    0.4276,
    0.42,
    0.8472,
    1.83,
    0.7812,
    0.474,
    0.421,
    2.718281828459045,
    1.49,
    0.42,
    0.524,
    0.4219,
    0.47,
    0.4218,
    0.421,
    0.8743,
    0.223,
    2.155,
    0.342,
    0.48,
    0.832,
    0.214,
    0.273,
    0.735,
    1.087,
    0.421847,
    2.089154563806578,
    0.42187,
    0.4837,
    0.4218,
    0.421,
    0.423,
    0.4829,
    0.213,
    0.73,
    0.421,
    0.42,
    0.8312,
    0.482,
    1.977693,
    0.877,
    0.456123,
    0.421,
    2.378,
    0.4219,
    0.4219,
    0.8332,
    1.793,
    0.345,
    0.4218,
    0.481,
    0.421459,
    0.421,
    0.847,
    0.421831534,
    0.421,
    0.4278,
    0.421,
    0.8347,
    1.38,
    0.4263,
    0.42,
    0.4224,
    0.421,
    0.4217,
    0.27,
    0.421,
    0.456123,
    1.083,
    0.3745,
    1.853,
    0.4217,
    0.421,
    1.347,
    0.456,
    0.42189034,
    0.27,
    0.47,
    0.42,
    0.312457,
    1.447526,
    0.421,
    0.245,
    0.182,
    0.837,
    0.274,
    0.4236,
    0.423,
    1.827,
    1.227,
    1.347,
    0.421,
    0.634,
    0.421,
    0.427,
    0.82714,
    0.421,
    0.834,
    0.4567,
    0.4217,
    0.42,
    0.842,
    0.421,
    0.4213,
    0.734,
    1.287,
    0.887,
    0.4214121679236828,
    0.847,
    0.4837,
    1.374,
    0.4236,
    0.421,
    1.327,
    1.113,
    0.421,
    2.154,
    0.4218,
    0.328,
    0.8312,
    0.834,
    0.456,
    0.284,
    1.853,
    0.831357,
    0.42,
    0.42,
    0.4217,
    0.421,
    2.153,
    0.42,
    0.423,
    0.421735268,
    0.4218,
    0.421,
    0.421,
    0.4217,
    0.237,
    2.18,
    0.482,
    1.837,
    0.42,
    0.782,
    0.421,
    0.4392,
    0.671,
    0.223,
    0.42,
    1.638,
    0.763,
    0.483,
    0.421862,
    0.4567,
    0.524165,
    0.4219,
    0.421,
    0.421,
    0.421,
    0.47,
    0.421,
    0.831,
    1.547,
    0.47,
    0.8327,
    1.573,
    0.42,
    0.421,
    0.345,
    0.4218,
    0.327,
    0.421,
    0.421,
    0.217,
    0.4215,
    0.527,
    0.421,
    0.456,
    0.421,
    2.34,
    0.421,
    0.4567,
    0.421,
    0.4213,
    0.42,
    2.113407,
    0.421,
    0.348,
    0.273,
    1.289,
    0.8312,
    0.456,
    0.4832,
    0.47,
    0.452,
    1.345,
    0.837,
    0.423,
    0.4837,
    0.47,
    3.847,
    1.196,
    0.287,
    0.783,
    0.5671,
    0.4217,
    0.8472,
    2.315,
    0.453,
    0.831827,
    2.654,
    0.372,
    0.421,
    0.421,
    0.83,
    0.42,
    0.4216,
    0.42,
    0.421,
    0.4218,
    1.374,
    1.324,
    2.087,
    0.64,
    0.425,
    0.473,
