{
  "model_name": "meta-llama/Llama-3.3-70B-Instruct-Turbo",
  "distribution": "Exponential(\u03bb=1.0)",
  "lambda_param": 1.0,
  "n_requests": 1000,
  "failed_count": 0,
  "samples": [
    0.8375,
    0.8147238,
    0.87323695,
    0.673429,
    2.739,
    0.873,
    2.02214119,
    0.837564,
    0.56517945,
    0.814,
    0.673649947,
    0.6739,
    0.814723,
    2.689,
    0.8370831779113925,
    0.814723,
    0.8479,
    0.814,
    0.814,
    2.197,
    2.197,
    0.734,
    0.814723686181,
    0.814723686,
    0.673939,
    0.824037,
    0.837,
    0.845079992,
    0.6739,
    0.634,
    2.197,
    0.6738,
    0.814,
    0.814,
    0.73,
    0.814,
    0.862,
    0.6732,
    0.71315905,
    0.8143,
    0.8143,
    2.197,
    0.837157,
    0.6348,
    0.814,
    0.6348,
    0.735412349,
    0.754822,
    0.814,
    0.814,
    2.188,
    0.431,
    0.8147236864,
    0.814,
    0.81283105,
    0.8350415,
    2.922231547,
    0.673,
    0.8376,
    0.423,
    0.673021547,
    0.837555069825,
    0.673429,
    0.735188,
    0.837,
    0.825,
    0.8351318,
    0.814,
    0.837157,
    0.873236,
    2.138,
    0.814,
    0.837295312,
    0.837758472,
    0.837055,
    0.8376,
    0.423092,
    0.837,
    2.197,
    0.8356,
    0.734,
    0.673935,
    0.837,
    0.734,
    0.8377579396,
    0.8375640945955376,
    0.5846,
    0.845079,
    2.894,
    0.8146,
    0.75481981,
    0.814723926,
    0.8143,
    0.8370702549725584,
    0.864,
    0.813,
    0.835051,
    0.6337,
    0.725,
    0.664,
    0.823,
    0.6732,
    0.837393,
    0.664,
    0.814,
    0.837360539,
    2.197,
    0.6734,
    0.837555,
    0.6344,
    0.7831,
    0.814723122,
    0.8914,
    0.8375,
    0.6739,
    0.73,
    0.634,
    0.6739178818948433,
    0.814,
    0.6345,
    2.13885758,
    0.734,
    0.8144,
    0.673,
    0.6331,
    0.837,
    0.8450797727989227,
    0.673932,
    0.83706162,
    0.798932,
    0.813,
    0.6875,
    0.8147,
    0.8376,
    0.735547,
    0.837157,
    0.673893,
    2.1388,
    2.71828,
    0.837,
    0.842231,
    0.7278,
    0.6738,
    0.726122,
    0.734806,
    0.8376,
    0.8377582216,
    0.814,
    0.423117,
    0.715,
    0.817,
    0.814,
    0.814723,
    0.837,
    0.814719,
    2.94,
    0.814,
    0.814,
    0.814723698,
    0.735198,
    0.814,
    0.837,
    0.7259,
    0.837,
    0.8376,
    0.81472322,
    0.81445467,
    0.814326,
    0.735509190854,
    0.673019,
    0.813,
    0.814723686,
    0.6749,
    0.733932,
    0.837,
    0.837564,
    0.814,
    0.721,
    0.735197,
    0.816,
    2.157,
    0.814,
    0.814,
    0.837,
    0.8373,
    2.157,
    0.673059136,
    0.814,
    0.73,
    2.197,
    0.8451,
    0.837,
    0.3657,
    0.8143,
    0.814723,
    0.735938192,
    0.673,
    0.8421576356988018,
    0.8377581668328272,
    2.73,
    0.735887,
    0.814723,
    0.814,
    0.6876,
    0.8376,
    0.423085,
    0.837027,
    0.52688142,
    0.6731298320124649,
    0.6736,
    0.47355723718,
    0.634,
    0.798,
    0.6875,
    0.835547,
    0.7354,
    0.736,
    2.197,
    0.837758535,
    0.716052,
    0.664,
    0.814,
    0.837,
    0.837758227,
    0.5546,
    0.6348,
    0.8145,
    2.71828,
    2.197,
    0.814,
    0.8374,
    0.8377,
    0.664,
    0.814,
    0.814,
    0.716,
    0.814,
    0.83733114,
    0.837578,
    0.7349,
    0.735,
    0.8373,
    0.814,
    0.725121,
    0.837557,
    0.754829,
    0.837758354,
    0.673821,
    0.6348,
    0.8379,
    0.837573,
    0.736,
    0.753128412,
    0.634,
    0.8245203569,
    0.814,
    0.8375,
    0.735198,
    0.716,
    0.814,
    0.8143,
    0.4739176729124384,
    0.4238,
    0.634,
    0.837564,
    0.8379,
    0.735157,
    0.634,
    0.814,
    0.842,
    0.837,
    0.6739388939,
    0.6739,
    0.84507909,
    0.8374,
    0.435,
    0.753,
    0.6739392363,
    0.814725,
    0.837157,
    0.664,
    0.7218,
    0.693,
    0.5647,
    0.836473,
    0.8379,
    0.634,
    2.197,
    0.4239,
    0.873,
    0.735188521052,
    0.814,
    0.8375,
    0.8147,
    0.814,
    0.837557547,
    2.197,
    0.6732,
    0.8147238205,
    0.734132892,
    0.8376,
    0.814723,
    0.814,
    0.6348,
    0.814723486,
    0.837,
    0.8142,
    0.814,
    0.837,
    0.8230116738165164,
    0.8377589459,
    0.814,
    0.718289,
    0.736,
    0.6739,
    0.814719,
    0.837,
    0.873,
    0.4117647059,
    0.672938,
    0.6732,
    0.814,
    0.673021,
    0.837563,
    0.814,
    0.634,
    0.827394,
    0.843,
    0.8376,
    0.352912,
    0.6739789,
    0.658,
    0.673926389,
    0.735,
    0.8375,
    0.814,
    0.814,
    0.814,
    0.8377,
    0.7359,
    0.823,
    0.814719816,
    0.735128,
    0.832,
    0.6734,
    0.9148,
    0.824,
    0.8451,
    2.197,
    0.755,
    0.6730523,
    0.8128138356,
    0.8437,
    0.6757,
    0.6739488194,
    0.8143,
    2.057,
    0.754822,
    0.673,
    0.473,
    0.814,
    0.634587,
    0.817,
    0.843,
    0.814,
    0.736,
    0.6739,
    0.7351889644,
    0.83706367682289,
    0.723081,
    0.814,
    0.73,
    0.673819,
    0.813,
    0.6739,
    2.197,
    0.6739,
    0.5659,
    0.8379,
    0.6739,
    0.817,
    0.8374,
    0.673,
    0.83758575,
    0.7419453,
    0.673469,
    0.773,
    0.814725438,
    2.689,
    2.197,
    0.8147239644,
    0.734,
    0.6349,
    0.6734,
    0.812,
    0.8376,
    0.846,
    0.814,
    0.6738,
    2.566,
    2.689,
    0.6344,
    0.832,
    0.835,
    0.814723,
    0.664,
    0.725,
    0.735887,
    0.726062,
    0.946475,
    0.814,
    0.8374,
    0.664,
    0.8147,
    0.814,
    0.8376,
    0.734621,
    2.565,
    0.814,
    0.431,
    0.837,
    0.735547,
    0.837,
    0.664,
    0.8371574413434156,
    0.726052,
    0.8147,
    0.824977,
    0.732,
    0.8351717,
    0.9144,
    0.814,
    0.837,
    0.814,
    0.664413941,
    0.731059991,
    0.6739,
    0.664,
    0.7180329,
    0.734198,
    0.8379,
    0.814719741,
    0.83757575,
    0.914126,
    0.837,
    2.718,
    0.837558,
    0.837559,
    0.673948626,
    0.736,
    0.837,
    0.814,
    0.814723746,
    0.814,
    0.813,
    0.837564,
    0.784329,
    0.735912,
    0.8230606463828813,
    0.6736,
    0.814,
    0.814,
    0.6349,
    0.734,
    0.8145,
    0.814723086,
    0.814,
    0.814,
    0.735736912887816,
    0.8145,
    0.725,
    0.814,
    0.6739,
    0.63470926,
    0.837757991,
    0.7357,
    0.814,
    0.814723698,
    0.873236,
    0.725,
    2.315,
    0.886547,
    0.837,
    0.423772,
    2.118078992,
    0.736,
    0.814723686,
    0.473,
    0.716,
    0.814,
    0.735188,
    0.733091,
    0.824,
    0.817,
    0.814,
    0.8374,
    0.837,
    2.197,
    0.6732,
    0.73,
    0.837,
    0.6347,
    0.814,
    0.734,
    0.837051,
    0.8375157635622974,
    0.83705846,
    0.837564,
    0.835046,
    0.86480167,
    0.4731574227675011,
    0.837,
    0.4231453,
    0.736,
    0.837,
    0.673539,
    0.8379,
    0.824047932,
    2.6895,
    0.8142,
    0.6739,
    0.81409464,
    0.814,
    0.843,
    0.735,
    0.814,
    0.814,
    0.8245,
    0.8147,
    0.8376,
    0.837564772,
    0.814,
    0.664,
    0.426,
    0.6348,
    0.735307549,
    0.734,
    2.187,
    0.726964799,
    0.814,
    0.8379811778195815,
    0.34134717,
    0.837572816109,
    0.832,
    2.197,
    0.634,
    0.6739,
    0.814,
    0.813,
    0.837165,
    0.653,
    0.8376,
    2.157,
    0.6349,
    0.6733,
    2.775,
    0.814,
    0.6738,
    0.734752369,
    0.7260410437460815,
    0.814,
    0.814,
    0.837562,
    0.73,
    0.814,
    0.664179,
    0.873236,
    0.814725,
    0.735,
    0.6732,
    0.67378245,
    0.816,
    0.817,
    0.814,
    0.7355473,
    0.6331,
    0.831953993855,
    0.6348,
    0.693,
    0.673979,
    0.6347,
    0.735188482,
    0.837558,
    0.7357687849384466,
    0.8377570517,
    0.837102,
    0.835,
    0.6738199364419784,
    0.814953,
    0.814,
    0.733105797,
    2.197,
    0.814,
    0.837,
    0.814,
    0.812,
    0.6349,
