{
  "model_name": "meta-llama/Llama-4-Scout-17B-16E-Instruct",
  "distribution": "Exponential(\u03bb=1.0)",
  "lambda_param": 1.0,
  "n_requests": 1000,
  "failed_count": 5,
  "samples": [
    1.421029,
    0.283,
    1.234,
    0.283,
    1.234,
    0.283,
    1.234,
    1.234,
    1.234,
    1.234,
    1.521,
    0.283,
    1.234,
    1.234,
    1.421027755,
    1.521,
    1.421027604,
    0.283,
    1.4210278195807056,
    1.234,
    1.284,
    1.521,
    0.283,
    1.42102755,
    1.421027546,
    1.429,
    1.4210278195834756,
    1.4210278195834765,
    1.234,
    0.283,
    1.42102781962306,
    1.4210278195834756,
    1.421027281,
    1.429,
    0.283,
    0.283,
    0.283,
    1.421027419,
    1.421027546,
    1.521,
    1.421027791985932,
    1.234,
    0.283,
    0.283,
    1.4210276435,
    0.283,
    0.283,
    1.234,
    1.234,
    1.234,
    1.421027546,
    0.287,
    1.234,
    1.421027574,
    1.234,
    0.283,
    0.283,
    0.287,
    1.234,
    0.283,
    1.234,
    1.234,
    0.847,
    1.234,
    1.234,
    0.283,
    0.283,
    1.521,
    1.234,
    1.234,
    0.283,
    0.283,
    1.234,
    1.23456789,
    0.283,
    1.234,
    1.234,
    0.847,
    0.283,
    0.287,
    0.283,
    1.23456789,
    1.234,
    1.234,
    0.283,
    1.234,
    1.23456789,
    1.23456789,
    0.283,
    0.283,
    0.841,
    1.234,
    1.234,
    1.421356,
    1.234,
    1.234,
    0.283,
    0.283,
    0.283,
    0.847,
    1.234,
    1.234,
    1.234,
    1.23456789,
    1.521,
    1.521,
    0.841,
    1.421027911,
    1.421027184,
    1.421029,
    1.421027166,
    0.841,
    1.429,
    1.421027581,
    0.283,
    1.421027546,
    1.234,
    0.283,
    0.283,
    0.283,
    0.283,
    0.283,
    0.283,
    0.841,
    0.283,
    0.283,
    1.521,
    1.421027819583917,
    1.421029,
    0.283,
    0.287,
    1.429,
    1.421027546,
    1.421027604,
    0.283,
    0.283,
    1.521,
    1.421027604,
    0.283,
    1.421027819583475,
    0.283,
    1.421027631,
    0.283,
    1.421027547,
    0.0,
    1.521,
    1.421027819583533,
    0.283,
    1.421027281,
    1.421027534912,
    1.4210278193946093,
    1.429,
    0.283,
    1.234,
    1.421027281,
    1.521,
    1.521,
    0.841,
    1.234,
    0.283,
    1.421027475,
    0.283,
    1.421027604,
    0.283,
    1.421027819583917,
    1.234,
    1.234,
    0.283,
    1.234,
    1.23456789,
    1.234,
    0.283,
    1.234,
    1.234,
    1.234,
    0.283,
    1.234,
    1.234,
    1.234,
    0.283,
    1.234,
    1.234,
    1.421356,
    1.234,
    0.847,
    1.234,
    0.283,
    0.283,
    0.283,
    1.23456789,
    1.234,
    1.234,
    1.521,
    0.283,
    1.421356,
    0.847,
    1.234,
    0.283,
    1.234,
    1.234,
    1.234,
    1.234,
    0.847,
    1.234,
    1.234,
    1.234,
    0.283,
    1.421027546,
    1.234,
    0.283,
    1.429,
    0.287,
    1.421027281,
    1.421027604,
    1.234,
    1.421356,
    1.234,
    1.234,
    1.421356,
    1.421356,
    0.283,
    1.325,
    1.234,
    0.287,
    1.234,
    0.283,
    1.234,
    1.234,
    1.23456789,
    1.234,
    1.234,
    1.23456789,
    0.287,
    0.283,
    1.234,
    1.234,
    1.234,
    1.234,
    0.283,
    1.421027546,
    0.283,
    0.287,
    0.847,
    0.287,
    0.847,
    1.234,
    0.287,
    0.283,
    0.283,
    0.283,
    1.234,
    1.234,
    0.283,
    0.283,
    1.234,
    1.234,
    0.847,
    1.234,
    0.847,
    0.283,
    1.234,
    1.234,
    0.283,
    0.283,
    0.283,
    1.421356,
    0.283,
    1.234,
    0.283,
    1.421029,
    1.23456789,
    0.283,
    1.421029,
    1.23456789,
    1.23456789,
    1.234,
    1.234,
    1.234,
    1.234,
    1.234,
    1.234,
    0.283,
    1.234,
    0.283,
    1.234,
    0.287,
    0.847,
    0.283,
    0.283,
    0.287,
    0.283,
    0.847,
    0.847,
    1.23456789,
    0.841,
    1.234,
    1.234,
    1.421356,
    1.234,
    1.234,
    0.283,
    0.841,
    1.234,
    1.23456789,
    0.283,
    0.283,
    0.283,
    0.283,
    1.234,
    0.847,
    1.234,
    0.283,
    0.283,
    0.283,
    0.847,
    0.841,
    0.283,
    0.283,
    1.234,
    1.421356,
    1.234,
    1.421027281,
    1.234,
    1.23456789,
    1.234,
    0.283,
    1.2345678909,
    1.234,
    0.287,
    1.234,
    1.421027,
    0.847,
    0.283,
    1.234,
    1.234,
    0.287,
    1.421356,
    1.421027616633284,
    1.234,
    1.234,
    0.283,
    0.287,
    1.421027581,
    1.234,
    0.283,
    0.283,
    1.23456789,
    1.421356,
    0.283,
    1.234,
    0.847,
    1.429,
    1.234,
    1.234,
    1.23456789,
    1.421356,
    1.234,
    1.234,
    1.421356,
    1.234,
    1.234,
    0.283,
    1.421356,
    1.234,
    0.283,
    1.421356,
    0.283,
    0.283,
    1.234,
    1.521,
    1.421356,
    0.283,
    1.234,
    1.234,
    0.283,
    1.234,
    0.287,
    1.234,
    1.234,
    1.234,
    1.234,
    1.421356,
    1.234,
    0.283,
    0.814,
    0.287,
    0.287,
    1.2345678909,
    1.234,
    1.421356,
    1.421356,
    1.325,
    1.234,
    1.325,
    0.283,
    0.283,
    0.283,
    0.283,
    1.421029,
    1.325,
    1.234,
    1.234,
    0.283,
    0.287,
    0.283,
    1.234,
    0.283,
    0.287,
    0.287,
    0.847,
    0.283,
    0.283,
    1.234,
    0.283,
    0.287,
    1.421029,
    1.234,
    0.283,
    1.234,
    1.421356,
    0.841,
    0.283,
    1.234,
    1.234,
    0.283,
    0.841,
    1.234,
    1.421356,
    0.283,
    1.421356,
    1.234,
    0.283,
    0.841,
    1.234,
    1.234,
    0.283,
    0.287,
    1.234,
    0.283,
    1.421356,
    0.287,
    1.234,
    0.283,
    0.283,
    0.283,
    1.234,
    1.429,
    0.283,
    1.421356,
    0.283,
    0.283,
    0.283,
    0.287,
    1.421356,
    1.421029,
    1.234,
    1.234,
    1.234,
    0.283,
    1.421356,
    1.234,
    0.841,
    1.234,
    1.23456789,
    0.283,
    1.23456789,
    1.234,
    0.283,
    0.283,
    1.234,
    0.283,
    1.234,
    1.234,
    0.283,
    1.23456789,
    1.23456789,
    0.287,
    1.23456789,
    1.234,
    1.421356,
    1.234,
    1.234,
    1.421027574,
    1.234,
    1.234,
    1.234,
    1.234,
    0.283,
    1.234,
    1.234,
    1.234,
    1.234,
    1.234,
    1.234,
    1.234,
    1.234,
    1.234,
    0.283,
    1.234,
    1.234,
    0.283,
    1.234,
    0.283,
    1.421356,
    1.421027546,
    1.325,
    1.429,
    1.23456789,
    0.287,
    0.287,
    1.234,
    0.283,
    0.841,
    0.841,
    0.283,
    1.234,
    1.234,
    1.421356,
    0.283,
    0.847,
    0.287,
    1.234,
    1.421029,
    0.283,
    1.234,
    0.283,
    1.234,
    1.234,
    1.234,
    1.234,
    0.283,
    1.234,
    0.847,
    0.283,
    1.421356,
    1.234,
    0.283,
    1.421356,
    1.234,
    1.421027546,
    1.234,
    1.234,
    0.841,
    1.234,
    1.421027574,
    1.234,
    1.234,
    1.2345678909,
    1.234,
    0.283,
    1.234,
    0.283,
    0.283,
    1.421356,
    1.421356,
    1.421356,
    0.283,
    0.287,
    0.283,
    1.23456789,
    1.234,
    1.421029,
    1.234,
    1.234,
    0.283,
    1.421027,
    1.234,
    1.234,
    0.283,
    1.421356,
    0.283,
    1.421356,
    1.521,
    1.421356,
    0.283,
    1.23456789,
    0.841,
    1.234,
    0.841,
    1.234,
    1.325,
    1.234,
    0.283,
    0.374,
    1.234,
    1.429,
    1.234,
    0.847,
    1.421027581,
    1.421027574,
    1.234,
    1.421356,
    1.234,
    1.421356,
    1.234,
    0.283,
    1.421027819583932,
    0.283,
    0.287,
    1.421027581,
    1.234,
    0.841,
    0.287,
    0.283,
    1.23456789,
    1.234,
    1.234,
    1.234,
    1.421356,
    0.283,
    1.421027166,
    1.234,
    1.234,
    1.421356,
    1.23456789,
    1.234,
    1.421356,
    0.283,
    1.234,
    1.421027604,
    1.234,
    0.283,
    1.234,
    0.283,
    1.234,
    1.234,
    0.283,
    0.287,
    1.234,
    1.421356,
    1.421027298,
    0.283,
    1.421029,
    1.421027574,
    1.234,
    0.283,
    1.234,
    0.824,
    1.234,
    1.421027298,
    1.234,
    1.421027574,
