{
  "model": "openai/gpt-oss-120b",
  "distribution": "Exponential",
  "mode": "independent_requests",
  "max_workers": 50,
  "requested_samples": 1000,
  "generation_time": 49.39821696281433,
  "statistics": {
    "total_samples": 1000,
    "failed_requests": 0,
    "mean": 0.7653005751377239,
    "std": 0.32051495904074945,
    "min": 0.172,
    "max": 2.1202635,
    "ks_statistic": 0.282433390928632,
    "ks_pvalue": 4.609366729668817e-71
  },
  "samples": [
    0.3748146987242159,
    1.428953,
    0.4632417921608143,
    0.7325598421,
    0.5278316421,
    0.4738423592156523,
    0.5271748923,
    0.5379,
    0.618,
    0.5273849321,
    0.9834291652,
    0.3785429321,
    0.384692629,
    0.5874034546,
    0.587832,
    0.734251,
    0.842305,
    0.837152,
    0.6184932125,
    0.2741568942,
    0.4231595422,
    0.437251,
    0.5278432921,
    0.5943279125,
    0.5873492975,
    0.7223948254,
    0.592832,
    0.5271,
    0.734951,
    0.839274,
    1.4829390570952243,
    0.8390427617362244,
    0.5237410182,
    1.532,
    0.842315,
    0.6174835921,
    0.7324178190548482,
    0.984,
    0.452176,
    0.6473218945,
    0.842917,
    0.4737198426,
    0.834965,
    0.385721,
    0.842726,
    1.2039728,
    0.4321567892741631,
    0.263874,
    0.9839,
    1.3425,
    0.827329,
    0.572,
    1.135907,
    2.095342,
    0.6184729173297514,
    0.832145,
    0.7384732591,
    0.5623872145,
    0.5270958732,
    0.6183529473589311,
    0.8423,
    0.5274316426,
    2.0955827364526187,
    0.736842,
    0.8123456789,
    0.9247514675,
    0.473815,
    0.829106,
    0.8427618254,
    0.9853125412,
    0.442951,
    0.839,
    0.5623459621,
    0.9162907318741551,
    0.6248714621,
    1.184567,
    0.2746381939452783,
    0.374829,
    0.985,
    0.8456739145,
    1.261,
    0.658972,
    0.4687213932,
    0.9832476185,
    0.5738421915,
    0.643,
    0.583241,
    1.284329,
    0.6309,
    0.34279561374464235,
    0.7328537612,
    0.417392,
    0.582394,
    0.834572,
    0.8423310956,
    0.6826347217,
    0.732145,
    0.738291,
    0.3721,
    0.7321459321,
    0.842752,
    0.7384295270726751,
    0.567891234,
    0.783,
    1.237,
    0.617342,
    0.842195,
    0.476253,
    0.678945,
    2.1202635,
    0.5873,
    0.5478213529,
    0.8345271621,
    0.837291,
    0.842739,
    0.4871194268435931,
    0.842719,
    0.6728392743,
    0.5403520187,
    0.842273,
    1.317758,
    0.643182,
    0.647,
    0.658271,
    1.0644263585732694,
    0.5665,
    0.9873421956,
    0.732487219,
    0.576,
    0.5873224185,
    0.4829137562,
    0.839,
    0.732,
    0.732842,
    0.9832,
    0.982834,
    0.834927,
    0.732914,
    0.532147290581,
    0.8587215427,
    1.2375,
    0.732145,
    0.842716,
    1.2387,
    0.742058,
    0.7321,
    0.983,
    0.487321,
    0.599532,
    0.483921,
    0.587341,
    1.6094379124341003,
    0.4832156721,
    0.527384,
    0.839357,
    0.3721419625,
    0.4321740955,
    0.25110413180315083,
    0.4375821194,
    0.4678942154,
    0.587324,
    0.727137,
    0.4735218942,
    0.4173,
    0.6398743952,
    0.861236,
    0.5836294248,
    1.5188,
    0.3742,
    0.5665,
    0.6183074759,
    0.642971,
    0.842159,
    0.821,
    0.658942,
    0.842567,
    0.7284541621,
    0.872349,
    0.6734122151767391,
    0.862345,
    0.582934,
    0.4839275411,
    0.4973412746037046,
    0.453212,
    0.6194237561428753,
    0.7321458712,
    0.3145866397048469,
    0.3745819852,
    0.6574331625,
    0.6842717369424991,
    0.9836420475,
    1.247,
    0.734251,
    0.658921,
    0.736482,
    1.43,
    0.732145,
    0.7264,
    0.5276420917,
    0.9813,
    0.6178423786,
    1.435037,
    0.587628,
    0.533178,
    0.7418,
    0.727145,
    0.7181234567,
    0.642879,
    1.4375,
    1.8425410193,
    0.832145,
    0.732145,
    0.693147,
    0.584912,
    0.464,
    0.6931471805599453,
    1.29468,
    0.4308,
    0.4536328947,
    1.427859,
    0.674215,
    0.764321,
    0.4285912409,
    0.842315,
    0.5871948257,
    0.754321,
    0.5372,
    0.587643,
    0.629357,
    0.587324,
    0.731215,
    0.4873021817,
    0.845376,
    0.8432571841,
    0.538,
    0.8416325271,
    0.7392,
    0.417394,
    0.8342176185,
    0.6931471806,
    0.985,
    1.064715,
    0.4738268515,
    0.527413,
    0.985342,
    0.587426,
    0.98379,
    1.3745928678005395,
    0.742391,
    0.4971620915,
    0.8643921636176742,
    0.4832193471,
    0.3741629317,
    0.538291,
    0.824,
    0.6931471805599453,
    0.4172967071,
    1.2375,
    0.3274158592,
    0.979,
    0.5870423211,
    0.482193,
    0.7427,
    0.4832197461,
    0.4627,
    0.452378,
    0.9838,
    0.5871240291,
    0.673921,
    1.309,
    0.7423918420729451,
    0.3119,
    0.8425873921,
    0.3566749,
    0.7381453125,
    0.58394,
    0.642,
    0.7321745874,
    0.7923,
    0.4731526189,
    0.6428152741,
    1.248533,
    0.989,
    0.712394,
    0.3742156832,
    0.842361,
    0.732145,
    0.424,
    0.931,
    0.8274167423,
    0.7245,
    0.6843,
    0.6847321475,
    0.6738254739,
    0.732145,
    0.487263,
    0.7324158741,
    0.8292745871,
    0.6283748256039411,
    0.4876318205,
    0.5278491621,
    0.7243187369274151,
    0.4927431456038106,
    0.7382196952,
    0.6178424912,
    0.4371624159,
    0.842139,
    0.649215,
    0.533247,
    0.7328420976,
    0.8421345271,
    0.487452,
    0.837154,
    0.8423068251,
    0.8421493521,
    0.6931471806,
    2.091864,
    0.7648321571,
    0.742315,
    0.742315,
    0.9853,
    0.7426183295,
    0.447956,
    0.5482371581971905,
    0.456789,
    0.985271,
    0.4218423569,
    0.4871438254,
    0.8421743892,
    0.985342,
    0.7324511021,
    0.847302,
    0.732845,
    0.5273840953,
    0.6173347521,
    1.2834529876,
    0.172,
    0.842915,
    0.4316823475,
    0.527841,
    1.8423672941,
    0.5273698216,
    0.527834,
    0.7384629185,
    0.6182746871,
    1.60944,
    0.642345,
    0.5279183472,
    0.527374,
    0.6423179246318925,
    0.447034,
    0.5374123864149916,
    0.8597,
    0.6421589321,
    0.5178946421,
    0.6412927451,
    0.682174,
    0.8345679472,
    1.295,
    0.7321452691,
    0.734,
    0.6382743912,
    0.3566749439,
    0.4278914621,
    0.35667494393873245,
    2.0916,
    0.749157,
    0.9833647215,
    0.983,
    1.3427,
    0.6849532147,
    0.817642,
    0.842697,
    0.574819,
    0.736214,
    0.8426172245,
    0.5843127915,
    0.7324562471,
    0.2847363821,
    0.9838,
    0.487126,
    0.8345,
    0.417695,
    0.714395,
    0.427983,
    0.4829536122079151,
    0.916290731874155,
    0.587,
    0.6421053781,
    0.923415,
    0.7325,
    0.984,
    0.842,
    0.642317935,
    0.5471837124,
    0.682341,
    0.859,
    2.091,
    0.7249139421,
    0.854321,
    0.547236,
    1.5223,
    1.148321489,
    0.865742,
    0.631122,
    1.03,
    0.4287364921,
    0.8809,
    2.0918,
    1.029845,
    0.5270425943,
    0.732145,
    0.7463192742,
    0.587,
    0.4876529135,
    0.770632,
    0.31784252742364905,
    0.5281743521,
    0.527384,
    0.842193,
    1.3456789123,
    1.324958745,
    1.698,
    0.734219,
    0.548132657,
    0.5872,
    0.875302,
    0.5423319125,
    0.843219,
    0.7423159482,
    0.732164,
    0.872345,
    0.732239,
    0.845358,
    0.927451,
    0.364572,
    1.912347,
    0.732145,
    0.8421746291,
    0.6243719821,
    0.752363,
    0.5695,
    0.993231,
    0.916291,
    0.6729412153,
    0.587219,
    0.7248679125,
    1.0643,
    0.6289716425,
    0.5273469182742351,
    0.4282410967367051,
    0.273689,
    0.783452,
    0.639746,
    0.5471,
    1.15785,
    0.4729137281,
    0.7324952389,
    0.5832179315,
    0.5178425941,
    1.328,
    0.7321845152,
    0.629411,
    0.7321649853,
    0.8427,
    0.587934,
    0.842742,
    0.6835741921,
    0.4271026482364433,
    0.824637,
    0.8345678921,
    0.9836,
    0.3840925269047316,
    0.443157,
    0.9834579134,
    0.732845,
    0.184383,
