{
  "model_name": "google/gemma-3-27b-it",
  "distribution": "Exponential(\u03bb=1.0)",
  "lambda_param": 1.0,
  "n_requests": 1000,
  "failed_count": 0,
  "samples": [
    0.832879,
    0.8325,
    0.832987,
    0.8325,
    0.823487,
    0.8325,
    0.63295,
    0.48488824134799324,
    0.821987848644978,
    0.3871,
    0.81328,
    0.473988,
    0.82928869402,
    0.378598748,
    0.4857392914247098,
    0.872319,
    0.45839816342337364,
    0.83298764577,
    0.37489525,
    0.4869787245694765,
    0.2876820724519143,
    0.735836,
    0.47952968378256977,
    0.83257387819,
    0.827244634,
    0.4738,
    0.372848252876682,
    0.376,
    0.6825249672684984,
    0.47388993069797297,
    0.3748,
    0.8326057375398718,
    0.6329186766914476,
    0.285399,
    0.3728841941289355,
    0.487287898394776,
    0.4859280941882507,
    0.47357809532,
    0.832859,
    0.823184627,
    0.823718,
    0.82347619537,
    0.473398,
    0.8739989034379977,
    0.834879,
    0.837,
    0.872518,
    0.4839809884587714,
    0.473438,
    0.8329,
    0.8328556289327,
    0.485874,
    0.378218,
    0.8325,
    0.8253746768576377,
    0.8525483880448947,
    0.6389557522,
    0.832,
    0.876738,
    0.83234,
    0.6329879687115355,
    0.835478,
    0.4813958089787837,
    0.4738,
    0.8329,
    0.8329076576732827,
    0.4827836235969455,
    0.832854,
    0.45789321567,
    0.2836,
    0.876231,
    0.832978763,
    0.8215678676868756,
    0.8752338787,
    0.832858,
    0.473908828,
    0.372853726,
    0.456789,
    0.8528743554738796,
    0.4838296483,
    0.832897,
    0.8548048789541477,
    0.8328426812,
    0.8345,
    0.851,
    0.8326607653848549,
    0.47397795097,
    0.4848983984839849,
    0.782305,
    0.4737885973,
    0.488707,
    0.8325,
    0.8325,
    0.8354299597802828,
    0.8539996557,
    0.87623,
    0.4562345,
    0.4738692699082901,
    0.4735702965347484,
    0.4817391407,
    0.37186475682854975,
    0.8322887528066383,
    0.8518,
    0.832907,
    0.3728563765949987,
    0.8329729979384856,
    0.3871,
    0.8721326764,
    0.3781788652164869,
    0.4882812994997435,
    0.4889975507289954,
    0.4739518700583972,
    0.834780736138894,
    0.2836,
    0.876275,
    0.2889870272343857,
    0.8539997784915472,
    0.45789376211873817,
    0.42876454327,
    0.486298,
    0.47308688622898765,
    0.4817497681719678,
    0.3768597811769678,
    0.8539,
    0.387123,
    0.8239473806693757,
    0.38289718478,
    0.4785797775101894,
    0.89472329957,
    0.876231,
    0.37928359784898924,
    0.8358525585079479,
    0.8329283746343096,
    0.834839,
    0.8329429375934968,
    0.4817846477552783,
    0.6317404990405777,
    0.3782926503841827,
    0.3758917917757194,
    0.4583956915789692,
    0.876239409,
    0.87654321,
    0.8325963901195381,
    0.832039,
    0.4855899712699347,
    0.8556,
    0.82349872345,
    0.2876820724519143,
    0.8328795790438137,
    0.8765321,
    0.4523947036385333,
    0.832848,
    0.8723456789101122,
    0.872684,
    0.456789,
    0.4735829782087794,
    0.8327286686541872,
    0.875234987,
    0.4738834957,
    0.48807983874649286,
    0.872356,
    0.83297364757,
    0.3784998598487718,
    0.6782980731767337,
    0.838203,
    0.3742867457978413,
    0.4739872899981787,
    0.4327643827453767,
    0.8328,
    0.4828727874846929,
    0.37194,
    0.3798,
    0.8329367603,
    0.3784182728884965,
    0.834863,
    0.832679,
    0.8732,
    0.852341,
    0.8326397491950813,
    0.812378,
    0.374862477,
    0.35714,
    0.83288756686,
    0.4828,
    0.28768215657677515,
    0.832879,
    0.4739829,
    0.8238479645840777,
    0.3728744847426867,
    0.814289,
    0.82187894284,
    0.4783926150788377,
    0.3793146985416256,
    0.4859298865137465,
    0.48365785,
    0.47396,
    0.8587517495983784,
    0.473299,
    0.8549480043471372,
    0.8325,
    0.485705,
    0.372848,
    0.8364933841,
    0.6329,
    0.832,
    0.8329076518896334,
    0.2784297538675138,
    0.482898,
    0.7834296377934573,
    0.832879,
    0.378285048697778,
    0.4828041583187813,
    0.8325478155844462,
    0.4738997038840357,
    0.8570099532834087,
    0.6329186889886986,
    0.4739193368586378,
    0.8721502896482338,
    0.832531,
    0.4738898765839677,
    0.8325,
    0.4738879877,
    0.82209374,
    0.8237874229,
    0.832907,
    0.834489,
    0.8322705341109549,
    0.632918678,
    0.28687,
    0.456789,
    0.8324899789977978,
    0.832849,
    0.371545,
    0.832874,
    0.488904,
    0.832026,
    1.8762788424948498,
    0.83284,
    0.3758288599,
    0.85283,
    0.834593,
    0.3782947998114486,
    0.83293798583983,
    0.473689493,
    0.873946,
    0.8341879781687279,
    0.835978,
    0.6381,
    0.473987159,
    0.8316883597634872,
    0.8729833989489749,
    0.8342,
    0.8347823144779823,
    0.473667,
    0.83262472505,
    0.8528100798481786,
    0.37848305391,
    0.248894175,
    0.857842873584645,
    0.4858860489872925,
    0.8573955975547827,
    0.734829537,
    0.87654321,
    0.4829377569877754,
    0.473988,
    0.4738973489265328,
    0.832907759,
    0.87654321,
    0.832510599,
    0.4730299243025708,
    0.3758291544347465,
    0.3785978104849323,
    0.47398836438,
    0.3748093934418108,
    0.8328797304,
    0.832578,
    0.47368281891683595,
    0.8348793635,
    0.832853,
    0.875432,
    0.47389,
    0.473998257,
    0.3782915385973176,
    0.4848798686483756,
    0.4734946757498638,
    0.8324886638,
    0.483749,
    0.8923477328205197,
    0.876229,
    0.85987969873,
    0.8732,
    0.481779,
    0.835870476,
    0.832879,
    0.632958,
    0.283978,
    0.8395727,
    0.8329186347355044,
    0.87235,
    0.8329428669770277,
    0.372874443875,
    0.832879,
    0.832482,
    0.832858,
    0.2975746771953989,
    0.3719877879589152,
    0.37829557,
    0.632987045,
    0.832874,
    0.3748829115537044,
    0.876239,
    0.85372978759,
    0.47379876916280234,
    0.834478,
    0.4738097438642216,
    0.8329378615851483,
    0.3871835292794427,
    0.3749059358398028,
    0.6394627633916682,
    0.456789,
    0.374929,
    0.4738977966153787,
    0.3778,
    0.8325,
    0.375829,
    0.823916,
    0.8732,
    0.8395927428884536,
    0.831438,
    0.823778,
    0.4738290473,
    0.8578564423739982,
    0.485797576,
    0.8520389286335988,
    0.45283794699434765,
    0.375928,
    0.4738597978147824,
    0.859284306,
    0.4739277976944367,
    0.4738694548818795,
    0.873241,
    0.876529,
    0.4876439472459384,
    0.8578923536967847,
    0.83250435,
    0.7358391382886375,
    0.4857386134743862,
    0.458389975197852,
    0.4827368711763392,
    0.48679799735,
    0.374718,
    0.831828,
    0.4738974821644088,
    0.4738695349747767,
    0.4583891295475857,
    0.28768207245192845,
    0.4872982789771357,
    0.4785887886729786,
    0.835472,
    0.832563,
    0.3829154758417892,
    0.8618676889544357,
    0.47328,
    0.832861,
    0.8325172375422276,
    0.482953,
    0.48598383695739744,
    0.872356712,
    0.47387518643,
    0.3728874636856224,
    0.8216,
    0.8123791749897729,
    0.374189,
    0.473463,
    0.8328543869,
    0.378427,
    0.473867,
    0.728184728996565,
    0.8328737987408416,
    0.8761,
    0.83104,
    0.37285176,
    0.8278760677765462,
    0.78342187,
    0.3717975197805475,
    0.8792181630801386,
    0.8147415748174232,
    0.47386981339,
    0.832973654789632,
    0.3768,
    0.378427,
    0.83277085649,
    0.48273094687,
    0.6837,
    0.832951,
    0.78349,
    0.48271258486,
    0.487642,
    0.823858,
    0.8328096705087923,
    0.8325,
    0.372859,
    0.3587599838457897,
    0.4734923278257685,
    0.4928755373898731,
    0.834879,
    0.4858807547,
    0.26524542978753596,
    0.8528718777435389,
    0.473369,
    0.6842,
    0.87623847253,
    0.3728189562741588,
    0.832938165,
    0.8218824460115499,
    0.4287628191557497,
    0.8315974884448875,
    0.47396,
    0.4869762631,
    0.87623,
