{
  "model_name": "deepseek-ai/DeepSeek-V3.2-Exp",
  "distribution": "Exponential(\u03bb=1.0)",
  "lambda_param": 1.0,
  "n_requests": 1000,
  "failed_count": 0,
  "samples": [
    0.78,
    0.857,
    1.497,
    0.826427,
    0.38,
    0.327,
    2.95,
    0.872,
    2.46584,
    0.568,
    0.372,
    0.85,
    1.397,
    0.741,
    0.872,
    0.201,
    1.176,
    0.834,
    0.627,
    0.42,
    1.73,
    0.327,
    0.723,
    1.249934,
    0.742,
    0.78,
    0.875,
    3.79,
    0.632,
    0.75,
    0.724,
    1.426,
    0.7303,
    1.48471063,
    3.97,
    1.791,
    0.73,
    0.624,
    0.782,
    0.857,
    0.8654,
    1.734,
    0.7845,
    0.842,
    0.21,
    0.874,
    0.826,
    0.479,
    0.475,
    1.79,
    1.61,
    1.532,
    1.497989,
    0.5,
    0.34792,
    0.472,
    0.753,
    2.156931,
    0.624,
    1.834,
    1.325,
    0.451,
    0.42,
    1.171434,
    2.832,
    0.732,
    0.624,
    0.834,
    0.42,
    0.374,
    0.327,
    0.73,
    0.7689,
    1.234,
    0.42,
    2.716,
    0.32,
    0.734647,
    0.84,
    2.806,
    0.76,
    0.589,
    1.0,
    0.624,
    0.781,
    2.41,
    0.73,
    2.71828,
    2.91,
    2.3,
    1.325,
    0.316,
    0.54,
    0.7815,
    5.23,
    0.75423,
    0.784,
    2.108268,
    0.347,
    0.862,
    1.61,
    0.456,
    2.8,
    0.595,
    1.93,
    0.783311,
    0.241,
    1.864,
    0.347,
    1e-06,
    3.217,
    3.215,
    0.608,
    2.376511856,
    0.724,
    0.83,
    0.573,
    0.379,
    0.7834,
    0.836,
    0.758,
    2.182317,
    0.456,
    0.238,
    0.784,
    0.734,
    0.873492,
    0.73,
    0.365,
    0.264,
    0.63,
    0.75,
    0.42,
    0.724,
    2.456,
    0.734,
    1.42,
    0.79,
    0.47,
    2.734,
    0.73,
    0.73,
    0.73,
    0.724,
    0.782,
    0.73,
    0.742,
    0.712,
    3.4657359028,
    0.862,
    1.609,
    0.347,
    0.342,
    2.1,
    1.263,
    0.783,
    0.432,
    1.618,
    1.0,
    0.357862,
    0.85,
    1.5213,
    0.73,
    0.743,
    0.84,
    0.619,
    0.783,
    1.0,
    2.6758,
    0.0,
    0.753,
    2.343,
    0.42,
    2.886,
    0.352,
    0.724,
    1.527,
    0.876,
    2.5,
    2.467897,
    0.536,
    0.5,
    2.546,
    1.494,
    0.624,
    1.28,
    0.864,
    1.394,
    0.874,
    2.15,
    0.427,
    0.73,
    1.0,
    0.4613,
    0.73,
    0.497,
    1.437,
    0.2,
    0.779,
    2.248897,
    0.542,
    2.2571,
    0.492,
    6.395,
    0.784,
    1.0,
    1.7308,
    1.573,
    2.14,
    0.764,
    0.784,
    1.821431649,
    0.327,
    1.0377,
    0.782,
    1.34,
    0.754,
    0.726,
    0.784,
    0.785,
    0.73,
    2.714,
    0.731,
    1.864,
    1.257272,
    0.784,
    2.43,
    0.784,
    1.583184,
    2.315,
    0.472,
    0.73,
    0.753,
    0.735,
    0.579,
    1.2345,
    1.483,
    0.432,
    0.215,
    0.639,
    1.0,
    1.89,
    2.196,
    0.879,
    0.583249,
    0.924,
    0.539,
    0.739874,
    4.230704,
    0.538,
    0.79,
    2.1324,
    1.624,
    0.342,
    0.864,
    0.78,
    1.218,
    0.783,
    0.623,
    0.427,
    0.743,
    0.783,
    0.37819,
    2.712673,
    0.327,
    1.656,
    1.83,
    1.736,
    1.342,
    0.731,
    0.798,
    0.372,
    2.567,
    3.217,
    0.724,
    0.3541,
    0.75,
    0.73,
    0.73,
    0.973,
    0.355,
    1.396,
    0.486,
    1.75,
    0.583,
    0.7834,
    0.75,
    0.589,
    0.152,
    1.609,
    2.412,
    2.3598,
    0.782,
    0.834,
    0.54,
    0.852,
    0.973,
    0.65,
    1.83258,
    1.629,
    1.81,
    2.721058,
    0.743,
    2.109,
    0.848,
    0.724,
    2.73,
    0.453,
    0.73,
    1.83,
    0.72,
    0.74,
    2.570457,
    0.783,
    0.752,
    0.47,
    0.542,
    1.865168,
    0.725,
    1.892,
    0.734,
    0.763,
    0.798,
    0.42,
    0.749,
    0.456,
    0.378,
    0.783,
    2.1527,
    0.734,
    0.73,
    0.472,
    0.72,
    0.723,
    0.74,
    1.573,
    0.783,
    0.7351,
    0.34,
    0.743,
    0.73095,
    0.541,
    0.47,
    0.75,
    0.702,
    0.743,
    0.723,
    0.325,
    0.42,
    0.57,
    0.783,
    0.73,
    2.631,
    1.356,
    0.9204,
    0.314,
    0.573,
    0.831,
    0.124,
    0.693,
    0.725,
    0.73,
    0.452,
    0.428,
    1.0,
    0.459,
    0.78,
    2.718,
    2.436839774,
    2.718,
    0.723,
    0.869,
    1.436,
    0.634,
    0.712,
    0.624,
    0.973,
    0.523,
    1.2943,
    1.763,
    0.743,
    0.845,
    2.82,
    0.238,
    0.754,
    0.943,
    0.3273,
    0.8743,
    0.473,
    0.783,
    1.23189,
    0.372,
    0.73,
    0.154949,
    0.726,
    0.723,
    1.732051,
    0.732,
    0.327,
    0.431,
    1.609,
    0.461288,
    0.742,
    5.632,
    1.37,
    4.585915,
    0.73,
    0.583,
    2.3,
    0.372,
    0.73,
    0.729,
    2.104,
    2.985,
    1.784,
    1.57079632679,
    0.728,
    0.7528,
    0.735,
    0.6248,
    0.791,
    1.639,
    1.0,
    0.327,
    2.698,
    1.793,
    0.723,
    0.792,
    0.723,
    1.465,
    0.72,
    0.78,
    0.736,
    1.0,
    0.415,
    0.783,
    1.23,
    2.41,
    0.75,
    0.5,
    1.326,
    0.783,
    1.648,
    0.356,
    0.84293,
    1.203,
    0.847,
    1.976,
    0.352,
    0.624,
    2.309,
    0.856,
    0.843,
    0.347,
    0.794,
    2.84,
    0.712,
    0.4783,
    0.73,
    0.427,
    0.276,
    0.42,
    1.63,
    0.725,
    0.843,
    0.734,
    0.579,
    0.427,
    0.812,
    0.372,
    0.873,
    0.52,
    0.945,
    0.364,
    0.582,
    0.864,
    1.72,
    0.264,
    1.0,
    0.473421,
    1.62,
    0.634,
    1.072307,
    0.726,
    1.85,
    1.89,
    0.724,
    0.79,
    0.729,
    2.477706744422,
    0.328,
    0.734,
    0.73,
    1.0,
    0.751,
    0.723,
    0.83,
    0.42,
    1.03,
    0.754,
    1.0,
    1.847,
    1.85,
    0.864,
    1.847,
    0.734,
    1.486,
    1.83,
    1.609,
    1.836,
    0.437,
    1.093,
    0.864,
    1.23,
    0.738,
    0.73,
    0.003647,
    0.579,
    0.984,
    0.703,
    0.573,
    0.576,
    2.302585,
    0.398,
    0.783561,
    0.756,
    0.872,
    0.532,
    0.73,
    0.72,
    2.931198,
    0.724,
    0.738,
    1.83,
    0.8743,
    0.47,
    0.602,
    0.85,
    2.345,
    1.0,
    0.86,
    3.29,
    2.304,
    1.423,
    0.468,
    0.467,
    0.28768207245178085,
    0.342,
    2.36578,
    0.851,
    0.842,
    1.56,
    1.82,
    0.72345,
    0.892,
    0.54,
    1.6,
    0.867,
    1.86,
    0.726,
    0.75,
    0.72,
    4.734,
    0.453,
    0.874,
    0.582,
    0.72,
    0.405,
    0.7,
    0.723,
    0.268,
    2.7,
    0.734,
    2.854,
    0.47,
    0.73,
    0.42,
    1.0,
    0.76,
    0.873,
    0.74,
    1.734,
    0.872,
    4.265,
    2.174,
    0.73,
    0.5,
    3.456,
    0.77,
    1.845,
    0.924,
    0.847,
    0.731,
    0.743,
    0.475,
    1.83,
    0.42,
    0.623,
    0.639,
    0.731,
    0.75,
    0.874632,
    1.52,
    2.65,
    0.573,
    1.432,
    0.8463,
    0.783,
    0.86,
    0.856,
    0.732,
    0.72,
    0.624,
    0.732,
    0.836,
    0.79,
    0.73,
    1.84592,
    0.731,
    0.57,
    0.87,
    0.634,
    0.453,
    3.42,
    0.372,
    1.834,
    1.516,
    0.427,
    0.7,
    0.437,
    0.864,
    3.1416,
    0.31,
    0.732,
    0.73,
    2.342,
    0.735,
    0.731,
    0.497,
    0.73,
    0.682,
    0.5772,
    1.943,
    0.72,
    0.432,
    0.312,
    3.4,
    0.73,
    0.625,
    1.847,
    0.438,
    0.73,
    0.472,
    0.731,
    0.542,
    0.3245,
    0.783247,
    2.03,
    0.324,
    0.734,
    0.253,
    0.784,
    0.784,
    0.857,
    2.7185,
    0.73,
    2.077316361887723,
    2.302585,
    2.42,
    0.347,
    1.837,
    0.847,
    0.306,
    0.342,
    0.46314,
    0.736,
    0.72,
    0.729876,
    2.3,
    0.712,
    2.087,
    0.347,
    1.096,
    0.76,
    8.155,
    0.427,
    1.652,
    1.83,
    1.49,
    1.68,
    4.42,
    0.73,
    0.73,
    0.872,
    0.486,
    0.7845,
    0.474,
    1.483581,
    3.72,
    3.72,
    0.386,
    1.609,
    0.726,
    0.342,
    1.0,
    1.0,
    0.289,
    0.346,
    0.732,
