{
  "model_name": "gpt-4o",
  "distribution": "Exponential(\u03bb=1.0)",
  "lambda_param": 1.0,
  "n_requests": 1000,
  "failed_count": 0,
  "samples": [
    0.832,
    0.27,
    0.34,
    0.459,
    1.23,
    0.748,
    0.237,
    0.213,
    1.24,
    0.8904705884583215,
    0.3652419864,
    0.587,
    1.12,
    0.37,
    2.103,
    0.731,
    0.317,
    0.6844673734664588,
    0.57,
    0.538,
    0.74,
    2.0833086207306857,
    2.03,
    0.532,
    0.681,
    0.728,
    1.12,
    0.38,
    0.5473287021555563,
    0.483,
    0.342,
    0.327,
    1.43,
    2.84,
    0.5249660147152921,
    1.43,
    0.23,
    0.5470627104152336,
    1.05,
    0.8393943230771032,
    1.57,
    1.729161316458401,
    0.37,
    0.373,
    0.438,
    0.743,
    0.374,
    0.673,
    0.218,
    1.24,
    0.38,
    0.326,
    0.372,
    0.8473,
    0.2877127862702683,
    0.876,
    0.4695114453083927,
    0.24,
    0.435,
    0.537,
    0.476,
    1.16,
    0.582,
    0.876,
    0.5835294088452356,
    0.583,
    0.64,
    1.3,
    1.32,
    0.842,
    0.597,
    0.987267512399849,
    0.587,
    0.523,
    1.15,
    0.876,
    0.21,
    1.02,
    0.274,
    0.547,
    1.23,
    0.37,
    0.362,
    0.925,
    0.663,
    0.9320987329328753,
    0.43,
    2.53,
    0.643,
    0.632,
    0.726,
    1.256413,
    0.637,
    1.2065726588785264,
    0.734,
    0.427,
    0.823,
    1.32,
    0.347,
    0.947023456785,
    0.7312172000943776,
    0.492,
    0.343,
    0.67,
    1.46,
    0.27,
    0.9312547818434002,
    1.26,
    0.529,
    0.327,
    0.678399675122832,
    1.17,
    0.82,
    0.735,
    1.04,
    0.842,
    0.462,
    0.431,
    0.583,
    1.37,
    0.34,
    0.6583517232378416,
    1.43,
    1.32,
    1.62,
    1.28,
    0.34,
    0.493,
    0.547,
    0.8342611425614371,
    1.34,
    0.032,
    0.643,
    0.89,
    0.74,
    0.362,
    0.84,
    0.67,
    0.283,
    1.36,
    0.658,
    0.253,
    1.23,
    0.738,
    0.52,
    0.694,
    0.37,
    0.31,
    1.65,
    1.34,
    0.624,
    0.31,
    0.73,
    0.147,
    2.47,
    0.353,
    0.521,
    0.46,
    0.467,
    2.35,
    0.7936949885978495,
    0.35,
    0.315,
    0.72,
    1.38,
    0.47,
    0.8423,
    0.47,
    1.04,
    3.47,
    1.02,
    1.57,
    0.041,
    1.37,
    0.231,
    1.0278323792831308,
    0.3748692184426326,
    0.729,
    1.05,
    0.482,
    1.26,
    0.8309627459605688,
    0.024,
    0.732,
    1.203,
    1.91,
    0.84,
    0.872,
    1.56,
    0.456,
    0.752,
    1.18,
    1.27,
    1.32,
    0.347,
    0.295,
    0.703,
    0.453,
    0.593,
    0.894,
    1.02,
    0.564,
    0.376,
    1.02,
    2.144267,
    1.34,
    0.427,
    0.57,
    1.53,
    0.438,
    0.834,
    0.32,
    0.9743624513421294,
    1.54,
    0.982,
    1.27,
    0.316,
    1.34,
    1.38,
    1.39,
    1.13,
    0.563,
    0.73,
    0.6571371862898912,
    0.8241,
    0.35,
    0.754,
    0.47,
    1.24,
    1.35,
    2.37,
    0.52,
    0.389,
    1.53,
    0.34,
    1.32,
    1.13,
    0.541,
    0.875,
    0.58,
    0.543,
    0.37,
    0.29,
    0.287876,
    0.47,
    0.74,
    0.74,
    0.768,
    0.7691829116595877,
    0.89,
    0.42,
    0.73,
    0.152,
    0.842,
    2.047,
    0.783,
    1.27,
    0.428,
    0.385,
    1.76,
    0.68,
    0.549,
    0.28,
    0.73,
    0.254,
    0.842,
    0.847,
    0.29808519224387403,
    0.132846,
    0.6827355473926273,
    0.245,
    0.7354821204,
    0.45,
    0.675,
    0.752,
    0.473,
    0.87,
    0.846,
    0.4509,
    0.783,
    0.482,
    0.9471078232,
    0.23,
    0.537,
    1.03,
    1.24,
    0.645,
    0.72,
    1.28,
    0.53,
    1.56,
    0.463,
    0.37,
    0.337,
    0.7374546598672792,
    0.37,
    2.38,
    0.36,
    0.8341953522941159,
    0.256,
    0.864,
    1.52,
    2.45,
    0.74,
    0.294,
    0.45,
    1.0576532352092078,
    1.37,
    0.6472,
    1.08,
    0.6031042399407545,
    2.48,
    0.73,
    0.4636537353120386,
    1.38,
    0.573,
    0.9482346502795302,
    0.38687625519087904,
    0.37,
    0.385,
    0.67,
    1.23,
    0.82,
    0.142,
    1.26,
    1.34,
    1.54,
    0.842,
    0.7312,
    0.673,
    0.8535279710925663,
    0.852,
    0.87,
    1.37,
    1.86,
    0.5389376295059568,
    0.42424876002804063,
    0.762,
    0.84,
    0.8472308491254007,
    0.6374,
    0.347,
    2.13,
    0.57,
    1.78,
    0.837,
    1.15,
    0.36,
    0.825,
    1.62,
    0.943,
    0.8246274689837352,
    0.514,
    0.432,
    0.146,
    1.23,
    0.36,
    0.84,
    0.732,
    0.67,
    1.58,
    0.643,
    0.743,
    0.813,
    1.02,
    0.372,
    0.354,
    1.34,
    0.562,
    0.76,
    0.134,
    0.203,
    1.45,
    0.472,
    1.57,
    1.62,
    0.347,
    1.32,
    0.842,
    0.362,
    1.23,
    0.73,
    1.28,
    1.28,
    1.26,
    1.31,
    1.02,
    1.72,
    0.128,
    0.231,
    1.73,
    0.832,
    0.423,
    0.5848,
    2.36,
    2.35,
    1.306,
    0.376,
    1.38,
    0.734921102233897,
    1.346,
    0.9263103958743738,
    0.731,
    0.37,
    0.374,
    0.357,
    0.593,
    1.463093673018318,
    0.693,
    0.472,
    0.923,
    1.05,
    1.37,
    0.573,
    0.53,
    1.29,
    0.58,
    0.847,
    0.935,
    0.67,
    0.6371,
    2.84,
    0.394,
    0.357,
    0.843,
    0.74,
    2.58,
    0.5982073495672913,
    0.98,
    0.485,
    0.017,
    0.67,
    0.729,
    0.463,
    1.23,
    0.837,
    0.24,
    0.326,
    0.64,
    0.846,
    0.754,
    0.698,
    0.845,
    0.87,
    0.034,
    1.57,
    1.348,
    0.846,
    1.27,
    0.72,
    1.42,
    0.35,
    0.35,
    1.78,
    0.67,
    1.82,
    0.343,
    0.379,
    1.08,
    0.57,
    0.842,
    1.32,
    0.263,
    0.058,
    0.37,
    1.24,
    0.831,
    0.2578337212536826,
    0.6473,
    0.532,
    0.37,
    0.43,
    0.763,
    0.741,
    2.13,
    1.14,
    0.46,
    0.58,
    0.5873,
    1.42,
    1.43,
    0.776,
    2.34,
    0.13868544797059842,
    1.17,
    0.54,
    0.9582823671831451,
    2.64,
    0.581,
    1.05,
    1.08,
    2.03,
    1.56,
    0.378,
    1.06,
    0.37,
    1.62,
    0.9543210243,
    0.64,
    0.37,
    0.317,
    0.08431771178941337,
    0.847,
    1.24,
    0.263,
    1.08,
    1.63,
    0.731,
    0.482,
    0.22,
    0.73,
    0.412,
    0.457,
    0.635,
    0.937,
    0.4844458012885961,
    0.745,
    0.523,
    0.637,
    0.793,
    0.73,
    0.35,
    0.57,
    0.38,
    0.45,
    0.63,
    0.67,
    0.368,
    1.17,
    0.492,
    0.534,
    1.1275892343925011,
    0.47,
    0.34,
    1.09,
    0.234,
    0.845,
    2.36,
    0.789034669313892,
    0.73,
    1.14,
    0.364,
    0.3389875207935134,
    0.38,
    2.08,
    0.345,
    0.84,
    0.384,
    0.76,
    0.453,
    0.12,
    1.02,
    0.89,
    2.37,
    0.859,
    0.478,
    0.37,
    0.839,
    0.57,
    0.47,
    2.008312395848054,
    1.25,
    0.37,
    0.84,
    0.8543096352891902,
    1.63,
    0.246,
    0.53,
    0.248,
    0.43,
    0.837,
    1.29,
    0.37,
    1.94,
    1.24,
    1.42,
    0.8378835622536551,
    0.67,
    0.76,
    0.10045174325892595,
    1.37,
    1.23,
    0.373,
    0.47,
    1.27,
    1.24,
    0.381,
    0.273,
    1.24,
    1.185,
    0.58,
    0.134,
    0.398282,
    0.72,
    1.53,
    0.428,
    2.64,
    0.29,
    0.583,
    0.48,
    1.13,
    0.74,
    0.71,
    1.23,
    0.935,
    0.83,
    0.368,
    1.78,
    0.34,
    1.62,
    0.5842544698854069,
    0.291,
    0.458,
    0.834,
    0.37,
    2.153,
    1.79,
    0.263,
    1.1621327496864442,
    1.18,
    0.482,
    1.48,
    0.526,
    1.256,
    1.2,
    0.319,
    0.36,
    0.8674565673264542,
    0.27,
    2.37,
    0.263,
    0.6946480215133722,
    0.358,
    1.23,
    0.742,
    1.04,
    0.784,
    0.56,
    0.84,
    0.476,
    0.436,
    1.06,
    1.47,
    0.537,
    0.93,
    3.21,
    1.68,
    0.824,
    0.567,
    1.85,
    0.588,
    0.466,
    0.683,
    2.017982624523907,
    0.483,
    0.41,
    0.83,
    0.25,
    1.14,
    0.96,
    0.94,
    0.237,
    0.324,
    0.485,
