{
  "model_name": "mistralai/Mistral-Small-3.2-24B-Instruct-2506",
  "distribution": "Exponential(\u03bb=1.0)",
  "lambda_param": 1.0,
  "n_requests": 1000,
  "failed_count": 0,
  "samples": [
    0.717,
    0.7189,
    0.345876,
    0.123456789,
    0.45,
    0.7164,
    0.354,
    0.279495,
    0.378,
    0.4231,
    0.3567,
    0.35,
    0.2544,
    0.37855,
    0.452,
    0.756298,
    0.3549,
    0.357,
    0.2381,
    0.341,
    0.257,
    0.3458,
    0.4218,
    0.348,
    0.4231,
    0.423,
    0.4235,
    0.238,
    0.34875,
    0.35,
    0.7183,
    0.483,
    0.124,
    0.453,
    0.3544,
    0.45,
    0.3546,
    1.386,
    0.3567,
    0.693147,
    0.453,
    0.345,
    0.6931471805599453,
    0.3784,
    0.736109097331722,
    0.3789,
    0.3489,
    0.4332,
    0.42,
    0.43768145,
    0.35,
    0.3642,
    0.354139521,
    0.456,
    0.4237,
    0.3483,
    0.36221,
    0.346,
    0.256,
    0.53,
    0.37211,
    0.3851,
    0.7142,
    0.3585,
    0.436,
    0.345,
    0.35,
    0.123,
    0.3567,
    0.452,
    1.2398,
    0.6931,
    0.7162,
    0.2758,
    0.346568,
    0.35368,
    0.34567,
    0.123456789,
    0.35,
    0.5508,
    0.354,
    0.248,
    0.3996,
    0.3426,
    0.278,
    0.12345,
    0.3745,
    0.3567242932,
    0.680023123,
    0.423703,
    0.3567207357,
    0.453,
    0.23832,
    0.423,
    0.12345,
    0.4829,
    0.454391163,
    0.238462,
    0.3468,
    0.43,
    1.35672,
    0.423124,
    0.354215,
    0.342,
    0.3567,
    1.4572,
    0.3473,
    0.123456,
    0.7187,
    0.782,
    0.2369,
    0.371,
    0.345,
    0.3465,
    0.245,
    0.45417,
    0.3465,
    0.357,
    0.3405,
    0.7186945199728441,
    0.123456,
    0.3459,
    0.123456,
    0.3976,
    0.0387,
    0.4231,
    0.346,
    0.4829,
    0.342,
    0.258,
    0.4231,
    0.1348,
    0.345,
    0.6752451121,
    0.321,
    0.7324,
    0.43,
    0.3566,
    0.345,
    0.4231,
    0.713,
    0.713,
    0.3679,
    0.354987,
    0.453,
    0.345678,
    0.356724009,
    0.3546,
    0.354,
    0.348084,
    0.456,
    0.342,
    0.701,
    0.7183,
    0.452,
    0.345,
    0.353,
    0.3417,
    0.423,
    0.3536,
    0.3456,
    0.352,
    0.347,
    0.345,
    0.3573,
    0.3781,
    0.2783,
    0.71834,
    0.34657,
    0.718,
    0.345,
    0.457,
    0.123456,
    0.5124,
    0.35,
    0.718,
    0.346,
    0.3761,
    0.4232,
    0.379,
    0.238,
    0.73,
    0.123456789,
    0.496,
    0.234,
    0.367879441171,
    0.4247,
    0.2946,
    0.4231,
    0.356724374036482,
    0.423,
    0.4233,
    0.345678,
    0.4238975446,
    0.345,
    0.7823,
    0.4336,
    0.345,
    0.3476,
    0.347,
    0.123456789,
    0.35,
    0.35452,
    0.347,
    0.247,
    0.713,
    0.5364,
    0.2386,
    0.4573,
    0.35,
    0.293472,
    0.7185,
    0.2734567891,
    0.34578,
    0.323,
    0.456,
    0.3547,
    0.3465735,
    0.3528,
    0.6425009094607004,
    0.417,
    0.2382,
    0.3567,
    0.342,
    0.42,
    0.437,
    0.123456,
    0.6123724,
    0.4276,
    2.41893,
    0.3425,
    0.458209,
    0.718724,
    0.3476,
    0.3567,
    0.4385,
    0.345,
    0.3565,
    0.3417,
    0.471012345,
    0.1342,
    0.7384,
    0.718242,
    0.714,
    0.345,
    4.123,
    0.342,
    0.3587,
    0.4288113021223574,
    0.3567,
    0.342,
    0.35,
    0.3466,
    0.324,
    0.34,
    0.673161921,
    0.3567,
    0.4523,
    0.342,
    0.345,
    0.347,
    0.3512,
    1.7345,
    0.717,
    0.35,
    0.354,
    0.4236,
    0.35,
    0.7186,
    0.3574,
    0.354321,
    0.356,
    0.357,
    0.124,
    0.84647,
    0.2707989190136604,
    0.7836,
    0.4110972181920082,
    0.342,
    0.3563,
    0.719,
    0.4231,
    0.4582,
    0.7173,
    0.3465,
    0.354982,
    0.718,
    0.35,
    0.3473,
    0.6544,
    0.734536,
    0.378,
    0.7149,
    0.3468,
    1.4782,
    0.472,
    0.4521,
    0.327,
    0.379,
    0.4349,
    0.3819,
    0.7188,
    0.821,
    0.345,
    0.45,
    0.125,
    0.354721,
    0.34567,
    0.378,
    0.3721,
    0.345,
    0.2876820724517809,
    0.2781246399684447,
    0.27067056647322546,
    0.2385,
    0.342,
    0.2718,
    0.357,
    0.451,
    0.423123,
    0.345,
    0.0484,
    1.386294361,
    0.913,
    0.3567,
    0.2383,
    0.3452,
    0.4562,
    0.214912,
    0.718,
    0.347,
    0.3467,
    0.34597,
    0.693147,
    0.469461,
    0.3562,
    0.3745,
    0.422,
    0.1234,
    0.2714,
    0.4234,
    0.2345,
    0.673512345,
    0.3451,
    0.453,
    0.123456789,
    0.342,
    0.342,
    0.273,
    0.3567,
    0.270856,
    0.3544,
    0.43,
    0.43,
    0.386,
    0.35,
    0.3468,
    0.7164,
    0.123456789,
    0.345,
    0.342,
    0.423,
    0.345,
    0.35,
    0.2722,
    0.345,
    0.284639,
    0.123456,
    0.345,
    0.474488,
    0.342,
    0.345,
    0.3567,
    0.347,
    0.4524,
    0.453,
    0.786,
    0.345,
    0.12345,
    0.3462,
    0.378151256,
    0.3745,
    0.3482,
    0.2345,
    0.3745401188483934,
    0.345,
    0.357,
    0.53,
    0.322937,
    0.6337,
    0.34567,
    0.356675,
    0.123456789,
    0.2749288205,
    0.453,
    0.458,
    0.428456,
    0.4513,
    0.371213,
    0.34521,
    0.2701,
    0.3457,
    0.349,
    1.2377878,
    0.35,
    0.3786,
    0.123456789,
    0.35,
    0.42,
    0.243,
    0.53872,
    0.3245,
    0.354,
    0.123456,
    0.3812,
    0.345,
    0.4143,
    0.37560606215898085,
    0.3549,
    0.3524,
    0.4582,
    0.2713,
    0.3567,
    0.345,
    0.492537,
    0.7423,
    0.453,
    0.35491,
    0.293,
    0.4264,
    0.4311,
    0.3784,
    0.53,
    0.3195143220768405,
    0.5349,
    0.3472,
    0.3548,
    0.34567,
    0.524,
    0.3546,
    0.3517,
    0.3421,
    0.718,
    0.345,
    0.362741,
    0.345,
    0.354,
    0.4573,
    0.3745,
    0.234567,
    0.3516,
    0.3567,
    0.342,
    0.39347,
    0.4562,
    0.3789,
    0.457,
    0.647,
    0.326605,
    0.3567287,
    0.4381,
    0.3465,
    0.693,
    0.345,
    0.732467,
    0.3567,
    0.823,
    0.4387,
    0.238,
    0.345,
    0.348,
    0.693147,
    1.23456789,
    0.345,
    0.354,
    0.423,
    0.32657,
    0.3726162083,
    0.345,
    0.3418,
    0.34174,
    0.35,
    0.4123,
    0.4523,
    0.342,
    0.34962722,
    0.342,
    0.35,
    0.3476,
    0.423,
    0.3542,
    0.345,
    0.3765,
    0.3456,
    0.35,
    0.1249,
    0.123456789,
    0.345,
    0.256893,
    2.48,
    0.35,
    0.345,
    0.246,
    0.458,
    0.3496,
    0.713216,
    0.3567,
    0.4543,
    0.4508040731,
    0.459930363,
    0.4321,
    0.345,
    0.372,
    0.2927,
    0.347,
    0.123456,
    0.3914,
    0.3567,
    0.12345,
    0.7841,
    3.47,
    0.3456,
    0.123412,
    0.34567,
    0.354,
    0.35,
    0.347,
    0.2345,
    0.4231,
    0.4231,
    0.7189,
    0.412,
    0.354673,
    0.2384,
    0.3457,
    0.455045,
    0.34,
    0.415228,
    1.3862944,
    0.249,
    0.45,
    0.4965,
    0.123456789,
    0.378483,
    0.3456,
    0.345,
    0.2345,
    0.53,
    0.354,
    0.423892,
    0.4567,
    0.342,
    0.234567,
    0.3876,
    0.7213,
    0.3567,
    0.123456789,
    0.4283,
    0.3531,
    0.4567,
    0.429916,
    0.354,
    0.350341,
    0.35,
    1.04729,
    0.342,
    0.452,
    0.2574,
    0.3452,
    0.539,
    0.423,
    0.342,
    0.3458,
    0.34567,
    0.8192,
    0.3424,
    0.4386,
    0.125624,
    0.35,
    0.34567,
    0.34895,
    0.3567,
    0.276864346,
    0.345678,
    0.71642125,
    0.456,
    0.6734,
    0.745671234,
    0.342,
    0.2384,
    0.345,
    0.3549,
    1.23456789,
    0.4378,
    0.35,
    0.69314718056,
    0.3517,
    0.354,
    0.34832,
    0.42,
    0.4236,
    0.3587,
    0.241,
    0.45238476,
    0.3567,
    0.452,
    0.7171,
    1.382,
    0.345,
    0.324,
    0.6420361296,
    0.3456,
    0.354,
    0.456,
    0.35,
    0.123,
    0.718,
    0.7176,
    0.345,
    0.35,
    0.345,
    0.3568,
    0.471,
    0.123456789,
    0.35,
    0.4586,
    0.3454,
    0.4589,
    0.2731,
