{
  "model": "deepseek-ai/DeepSeek-V3.2-Exp",
  "distribution": "Logistic(loc={loc}, scale={scale})",
  "mode": "independent_requests",
  "requested_samples": 1000,
  "generation_time": 590.3341250419617,
  "statistics": {
    "total_samples": 995,
    "failed_requests": 5,
    "unique_values": 972,
    "unique_rate": 97.68844221105527,
    "mean": 7427049240478.657,
    "std": 234275909713559.72,
    "min": -9581.486,
    "max": 7389910413258975.0,
    "ks_statistic": 0.23958886143329944,
    "ks_pvalue": 9.521057553534555e-51
  },
  "samples": [
    0.673946,
    0.9120493847621456,
    0.923574829,
    0.766,
    -1.101677,
    -0.635,
    -0.332,
    -1.145,
    -0.2941,
    0.4579,
    -0.682,
    -0.801648631774943,
    -1.522431678018,
    -0.734012325,
    -0.7423,
    2.592645762,
    -0.420040052462,
    3.476555,
    -1.023845,
    -2.1763,
    7.913704,
    3.268491,
    -0.725783,
    -1.821975,
    -1.365,
    -1.3846,
    -0.548842,
    -0.402962332059,
    2.194074,
    0.0,
    -1.518,
    -2.545,
    -1.034,
    -1.472583,
    -0.482136,
    -1.833,
    0.2134,
    2.93949,
    -0.937402,
    -0.0243,
    0.486527,
    -1.4984060716493772,
    -0.715793,
    -1.096506,
    -1.617452,
    0.8463,
    -0.8653947129,
    -1.014363,
    0.4921,
    -1.8472,
    -0.9671,
    0.846,
    -3.055,
    -1.4547829105208927,
    -0.830714,
    -0.846944,
    48.438995,
    -1.223747275,
    0.576341,
    15.691155,
    -0.8991742158449624,
    -0.243,
    -3.120042,
    -1.5075780597887607,
    1.580652836,
    5.481953020236659,
    -1.385475,
    -0.4388,
    0.978224843296742,
    -1.826701,
    -0.3677,
    2.94,
    3.892857,
    -0.6931,
    -1.578820264614161,
    -0.783893,
    -0.357,
    0.849674,
    -0.7507,
    -0.7123,
    -0.611934,
    -0.45,
    0.732,
    2.490742,
    -0.449089,
    -0.68615,
    -0.573921,
    0.547392,
    -0.548,
    -1.567,
    1.256107505,
    0.947,
    -1.491,
    -0.847599,
    -0.692951,
    -0.8935,
    -0.541,
    0.573,
    3.942685,
    -1.483745,
    -0.929407,
    -0.34782089,
    -2.10559297,
    0.7263,
    -2.9745695707,
    3.754637,
    -0.043713,
    0.7583,
    -0.164,
    0.551675,
    -1.210384,
    1.906,
    0.5423,
    0.7428,
    -2.0794415416798357,
    -0.918596,
    -1.043792826,
    -1.891045351,
    -0.7809301643,
    -1.3297,
    -0.834,
    -0.9727,
    -0.3543,
    -1.5488211638497422,
    0.595,
    -1.625819,
    0.469725,
    -0.48,
    -2.018,
    2.1979,
    -0.656,
    39.34277405992686,
    0.0,
    -1.640819,
    -4.040863011737689,
    -0.472308258,
    -2.1973,
    -0.621,
    -2.830309,
    2.197,
    9.207438935,
    -1.942,
    -1.4546,
    -2.91452,
    -2.228755923,
    -1.436443266,
    1.5708,
    -1.856437298,
    -0.6243,
    0.534,
    3.241,
    -1.845846038,
    0.537,
    0.847431,
    1.212,
    4.223,
    -0.7719,
    0.0,
    -0.870403946,
    0.587813,
    -0.7786329146,
    9.937,
    -2.554638751,
    -2.318,
    -0.836307561009175,
    2.397,
    -0.3026,
    0.943,
    -4.7838732987,
    4.200379,
    -2.758836,
    1.329,
    -0.3197,
    0.491,
    3.243981,
    2.125507854,
    -2.3091,
    -2.18602,
    -0.578,
    0.4456,
    -0.4607,
    3.482937,
    0.456,
    -1.317658,
    -2.598421614,
    0.5432,
    -0.262305,
    2.288261,
    -0.7305,
    0.5738,
    1.733688693,
    0.0,
    2.112616114,
    -1.793031590761,
    -1.498837695,
    0.8513,
    -0.789955,
    -1.253,
    -1.436938,
    3.542981,
    -0.5777,
    -0.8572,
    -0.946306,
    3.806823460775948,
    -1.5700897852692983,
    -1.300344,
    -0.210059,
    -1.573759,
    -0.6023,
    -1.398768,
    -3.283729584,
    -0.296886,
    -1.7284,
    -0.1226,
    5.739258,
    -2.890734,
    -1.149,
    -1.763,
    2.4286940447,
    -0.874916,
    0.943,
    -1.434391,
    0.5446,
    1.3043195834820622,
    -1.582038,
    -1.287661343185732,
    -0.647,
    -1.534531,
    -1.51122864,
    -0.134231,
    -1.716388476194204,
    -0.2394,
    -1.2537920603,
    2.101132,
    3.018931,
    -0.0761,
    2.12559849054,
    2.7639,
    -2.16997,
    -0.9172,
    -0.742462,
    0.5832,
    -2.78646,
    0.5849,
    0.800822,
    0.8739414258126759,
    -0.184,
    -0.3507924,
    1.252326,
    -0.6734,
    -2.062,
    -1.1734488602547117,
    -0.281791,
    5.125,
    0.726,
    -1.171374,
    4.370251,
    -2.835223,
    -1.4799,
    -0.7285,
    3.469893,
    -2.667,
    -1.570051,
    -3.591649,
    -2.747012,
    -0.656253,
    0.9428,
    -1.481,
    -0.5147986519857208,
    -0.832754,
    -0.272,
    -0.5816,
    -0.782,
    3.456,
    -1.9837938942,
    -2.708321408,
    -1.42915,
    4.156029597293862,
    0.9218,
    -1.29674,
    0.953,
    -0.397726,
    0.9251,
    3.8749107089436854,
    -0.560316,
    -0.2736,
    -0.091643783,
    3.266,
    -0.248,
    -1.2405697024181894,
    -3.23923168,
    -0.813,
    7.28831,
    -0.7002725349,
    -2.456,
    1.318267,
    0.052341,
    1.38629436112,
    -1.084597,
    -3.397,
    -1.7346198271,
    5.804208,
    2.1372955167,
    0.783,
    -1.64776,
    -0.467786,
    -0.6251,
    -1.911883,
    -0.2573,
    -1.4821,
    -2.4003301850118635,
    -0.8246,
    5.204140186,
    -2.1972245773362196,
    -0.3439184591,
    -5.33649,
    -2.0567,
    -0.47231,
    -0.756,
    -1.2643462089156585,
    -0.6728,
    -0.552029,
    -1.038,
    2.105,
    3.772,
    2.619941,
    -0.5242176608616963,
    -0.69141174,
    -1.325486,
    -2.097539553,
    2.018,
    -2.0313225924569114,
    -0.173819,
    -1.6246055882854018,
    -0.843905,
    -0.479,
    0.246,
    -1.5843001493310127,
    2.046532,
    -0.8217,
    -1.0900106760227977,
    -1.708633,
    3.081,
    -0.255725,
    -1.743,
    -1.2498374906692455,
    -0.7486,
    -0.2469824,
    -0.558,
    -0.4573,
    -0.726,
    0.5064852,
    2.07987014,
    -1.0023643087,
    -1.302585092994046,
    1.230325,
    -0.43760994016977917,
    1.9032790464757599,
    17.918934,
    -0.221932,
    -2.48374522643294,
    0.8123,
    -2.737576,
    1.5329847256689972,
    -0.6028,
    -4.4723,
    -0.731,
    -1.196194,
    -1.771834,
    1.261417,
    -1.7345679389832578,
    9.146891,
    5.480980290841845,
    -0.678954,
    -1.8774365037,
    -1.81,
    -1.698529,
    -1.479836,
    -0.248742,
    -1.981,
    -1.640565698411,
    -1.529815,
    -4.53446827,
    -1.0197028558838306,
    2.7653,
    -2.275,
    -1.512842681,
    0.308058,
    -0.583594,
    -0.9123,
    0.5374964421143194,
    -1.1137,
    -1.391713,
    -0.7838,
    5.847297,
    -0.311,
    -1.702316,
    0.0,
    -4.001,
    -0.762,
    -0.1823,
    -1.877539061605045,
    -1.192,
    3.847714,
    -0.324892,
    -1.936,
    0.0,
    -0.952,
    -2.861,
    -2.97415,
    -2.20170375,
    -1.614949,
    4.638798,
    -1.32735,
    -1.265498,
    -1.548184,
    -0.3562,
    -1.3739646692381997,
    -1.2637542497383927,
    -3.6475,
    0.683,
    -0.987654301,
    -0.8077,
    -2.03475,
    -2.141222,
    -1.936121726,
    -0.237862591,
    0.863419,
    -1.1643498701,
    -0.5359,
    3.07184,
    -0.887334,
    0.7834,
    -1.3943375004967347,
    -0.913473,
    0.829528,
    0.628,
    -0.7824226836350963,
    0.3960935,
    -1.44725927,
    -0.153477,
    -2.1378925146,
    -0.3512,
    -1.166,
    1.37919329353,
    -0.857315,
    -3.271792,
    -0.8178,
    9.293,
    -1.822,
    0.7265,
    3.066698,
    2.675383,
    1.9966131165349594,
    2.510048,
    -1.534264,
    -0.497443,
    -1.22,
    -2.972791384,
    -1.201,
    0.758492,
    0.9985,
    -1.9576476295494802,
    -0.3164,
    -0.056709,
    -1.7928,
    -0.616847,
    0.583,
    0.4859921738374585,
    -1.373924,
    -3.023242162,
    -0.6253,
    -0.7161,
    -0.3788297687415356,
    2.385,
    -2.007286,
    -0.504,
    -2.978,
    -0.6734,
    -0.828,
    -1.514602,
    -1.735,
    -1.847934,
    -1.3743377082701238,
    -2.554613,
    -0.69314,
    -0.301486,
    2.3094,
    -0.5714853436,
    -0.9173,
    2.510124,
    -1.674275,
