{
  "model": "google/gemma-3-27b-it",
  "distribution": "Logistic(loc={loc}, scale={scale})",
  "mode": "independent_requests",
  "requested_samples": 1000,
  "generation_time": 656.611873626709,
  "statistics": {
    "total_samples": 1000,
    "failed_requests": 0,
    "unique_values": 625,
    "unique_rate": 62.5,
    "mean": 0.43049934696922204,
    "std": 0.26974585293269443,
    "min": -0.4898857717333358,
    "max": 1.23456789,
    "ks_statistic": 0.5307136165445882,
    "ks_pvalue": 2.243592222112051e-263
  },
  "samples": [
    0.813789429,
    0.837199,
    0.4785197676876734,
    0.428175,
    0.48296657156,
    0.38275,
    0.483946,
    0.87324178,
    0.235749,
    0.837291,
    0.235768,
    0.8328,
    0.4871785764139652,
    0.234892,
    0.4783977776083085,
    0.234567,
    0.873219,
    0.4785734776463252,
    0.832518,
    0.4783977,
    0.503782,
    0.234892,
    0.481778,
    0.234567,
    0.5283947,
    0.473878,
    0.3482728069629125,
    0.872356,
    0.234567,
    0.235738,
    -0.478439,
    0.235704,
    0.843797,
    0.478318,
    0.234567,
    0.472839,
    0.234897,
    0.843758,
    0.235791,
    0.62138376,
    0.567892345,
    0.48197346,
    0.873281,
    0.5823876,
    0.234892,
    0.478272,
    0.4817042482516477,
    0.8329077093996177,
    0.234567,
    0.235741,
    0.832797,
    0.481889539,
    0.235798,
    0.873214,
    0.478527,
    0.478729,
    0.234789,
    -0.428156,
    0.473829,
    0.4821977419,
    0.823774,
    0.528177,
    0.234567,
    0.234567,
    0.478329055,
    0.385679,
    0.478290758661999,
    0.234567,
    0.4783729179867818,
    0.47839,
    0.481889675,
    0.478293,
    0.2357931242,
    0.8723567,
    0.8327919877923998,
    0.234876,
    0.234789,
    0.4818779996678339,
    0.234567,
    0.4789231751,
    0.234892,
    0.618377973,
    0.47828375,
    0.847981,
    0.548329742978954,
    0.234892,
    0.837294,
    0.234567,
    0.52876,
    0.234892,
    0.234876,
    0.2347892,
    0.234892,
    0.234789,
    0.482831,
    0.2387,
    0.283784,
    0.538894494,
    0.234567,
    -0.48296041977,
    0.235751,
    0.4787321987654321,
    0.235783,
    0.528171,
    0.387192,
    0.235789,
    0.234567,
    0.384729178,
    0.234789,
    0.234567,
    0.234892,
    0.234567,
    0.857483,
    0.38517888785,
    0.234567,
    0.582387,
    0.478394017,
    0.832876,
    0.329888,
    0.837296,
    0.23456789,
    0.47327199,
    0.234892,
    0.8123795546,
    0.2347821987654321,
    0.928486,
    0.234879,
    0.234567,
    0.4782950844,
    0.478293,
    0.478372899,
    0.823769,
    0.234567,
    0.837269,
    0.472388,
    0.34828751,
    0.34827,
    0.5281713719,
    0.6158478906849382,
    0.478792,
    0.478576,
    0.873219,
    0.234892,
    0.473847,
    0.4783958,
    0.234789,
    0.234789,
    0.234892,
    0.478697,
    0.234892,
    0.234789,
    0.47832917,
    0.8372927186687246,
    0.234892,
    0.478329,
    0.235729,
    0.458329,
    0.2357691,
    0.234567,
    0.418776,
    0.85248737,
    0.86203046,
    0.52876,
    1.23456789,
    0.374887329,
    0.478762,
    0.47863838,
    0.235792,
    0.478578,
    0.234879,
    0.872356,
    0.473879,
    0.235738,
    0.473829,
    0.234876,
    0.812357,
    0.234892357,
    0.528679,
    0.358784,
    0.783439278953659,
    0.832799,
    0.528374,
    0.823768,
    0.234567,
    0.234792,
    0.234567,
    0.538289007,
    0.832847678,
    -0.4386878657,
    0.4785737382,
    0.832761,
    0.3847291846,
    0.837198,
    0.234892,
    0.234892,
    0.47839,
    0.234892,
    0.234892,
    0.528399,
    0.382764,
    0.235792,
    0.5382706086,
    0.234567,
    0.348027,
    0.235711,
    0.234897,
    0.234567,
    0.832876,
    0.235788,
    0.538972,
    0.234789,
    0.4785971189879179,
    0.234892,
    0.374819,
    0.34829,
    0.872356,
    0.52876,
    0.234876,
    0.48378850649,
    0.481188,
    0.57874355,
    0.683748,
    0.234567,
    0.234892,
    0.8124733623,
    0.234892485,
    0.89374795,
    0.478852,
    0.38719466598,
    0.48382799367,
    0.2357807,
    -0.438597,
    0.478296656,
    0.81237,
    0.235789,
    0.4782738,
    0.478517,
    0.4837698814,
    0.84314,
    0.384729,
    0.428159,
    -0.418049,
    0.234567,
    0.582376,
    0.617835,
    0.387192,
    0.234897,
    0.523487,
    0.837293,
    0.832759,
    0.48868427847,
    0.4785797077875306,
    0.823764,
    0.35817835054,
    0.8372837,
    0.823597,
    0.481879,
    0.234567,
    0.832769,
    0.234789,
    0.483618,
    -0.41878,
    0.38479228679,
    0.478599457,
    0.234876,
    0.478598,
    0.234789,
    0.738536,
    0.2357947674913548,
    0.832763,
    0.497871,
    0.234789216548765,
    0.443187,
    0.234798,
    0.47838099487,
    0.462986,
    0.812356,
    0.348192,
    0.234897,
    0.234897,
    0.234897,
    0.52876,
    0.234892,
    0.234892,
    0.47382,
    0.872356,
    0.478923576,
    0.478092,
    0.234567,
    0.235786,
    0.482573,
    0.238791,
    0.478329679,
    0.234789,
    0.345892131,
    0.234892,
    0.382789,
    0.234892,
    0.348678441,
    0.234567,
    0.83729,
    0.378271,
    -0.428157,
    0.234798,
    0.4829745537910824,
    0.41898275,
    0.234567,
    0.4789235169,
    0.578874,
    0.234789,
    0.235792,
    0.237889,
    0.618034,
    0.234876,
    0.3827,
    0.8371795771514423,
    0.234892,
    0.5281789641,
    0.478338,
    0.234567,
    0.823749,
    0.234567,
    0.235715,
    0.234892,
    0.235789,
    0.872356,
    0.4917927947172119,
    0.87654321,
    0.52876,
    0.2347892,
    0.582387,
    0.234567,
    0.478762,
    0.478397781,
    0.872356,
    0.47832918,
    0.8128739838,
    0.478392361,
    0.827436,
    0.234789,
    0.873215,
    0.234892,
    0.482985,
    0.87236,
    0.4287626663940477,
    0.872356,
    0.2347893,
    0.234789,
    -0.438791663577,
    0.3857179796427468,
    0.472833,
    0.234789,
    0.235752,
    0.823747,
    0.872356,
    0.47839,
    -0.486855,
    0.235789,
    0.23577234,
    0.48289075,
    0.234567,
    0.718291,
    0.528171759,
    0.234892,
    0.38729834,
    0.872364,
    0.823957,
    0.4187697198534988,
    0.358270286,
    0.823719,
    0.234892,
    0.478582,
    0.832867,
    0.23571342,
    0.3482724637,
    0.234879,
    0.382784756,
    0.234892,
    0.348276919,
    0.872356,
    0.234567,
    0.234892,
    0.487672,
    0.583898,
    0.387275,
    0.478723276,
    0.234892,
    0.538767,
    0.578972458,
    0.234567,
    0.234876,
    0.234892,
    0.234876,
    0.478273186,
    0.52876,
    0.4828477,
    0.234892,
    0.53842915,
    0.2357947674,
    0.234567,
    -0.4182936984,
    -0.428274,
    0.234567,
    0.823478,
    0.328178,
    0.2347892,
    0.235797,
    0.31827,
    0.234892,
    0.235711,
    0.87234,
    0.234789,
    0.823761,
    0.234899,
    0.235798,
    0.863442,
    0.812377,
    0.235797,
    0.234789,
    0.234789,
    0.235739,
    -0.4854757,
    0.8723567,
    0.829784,
    0.23456789,
    0.234567,
    0.4783927851278378,
    0.234567,
    0.234567,
    0.837285,
    0.872356,
    0.487629,
    0.234567,
    0.234789,
    0.837291,
    0.478738,
    0.872135,
    0.34829,
    0.817384,
    0.234567,
    0.5287,
    0.8329075,
    0.348528,
    0.872345,
    0.235797,
    0.5287395419,
    0.823764,
    -0.473828,
    0.478762,
    0.48287983,
    0.23577,
    0.87654321,
    0.473287,
    0.234789,
    0.852387,
    0.847583969541,
    0.34789227912,
    0.528739,
    0.837291,
    0.235788,
    0.837262,
    0.528731,
    0.34827578,
    0.358289,
    0.23488917387568126,
    0.47892174,
    0.812371897,
    0.873215,
    0.487612,
    0.235793,
    0.234897,
    0.234567,
    0.234567,
    0.834792,
    0.235795,
    0.4902969738,
    0.47838722868,
    0.234567,
    0.32876,
    0.234897,
    0.234765,
    0.47829661619,
    0.5287419383,
    0.837299,
    0.2347892,
    0.234567,
    0.823749,
    0.548318,
    0.498178,
    0.872356,
