{
  "model": "openai/gpt-oss-120b",
  "distribution": "Logistic",
  "mode": "independent_requests",
  "max_workers": 40,
  "requested_samples": 1000,
  "generation_time": 103.7468810081482,
  "statistics": {
    "total_samples": 1000,
    "failed_requests": 0,
    "mean": 0.10249918414970463,
    "std": 0.9067638851474178,
    "ks_statistic": 0.20299787068563088,
    "ks_pvalue": 1.3228985805900256e-36
  },
  "samples": [
    0.734586,
    0.3174280792015061,
    -0.8425,
    0.274639115871,
    0.6832,
    1.672,
    -0.272018,
    0.978,
    1.002,
    -0.453,
    0.617,
    -0.576147,
    -0.791023,
    -0.7081,
    0.847267,
    -0.4847,
    0.842163732,
    -0.273594,
    -0.208926,
    0.842371,
    1.4638,
    -1.6736,
    0.995,
    -0.834762,
    1.676384,
    -0.8424261745,
    -0.4532,
    -1.959238,
    1.791759469,
    -0.721189,
    -0.524887,
    -0.423891,
    -0.847302,
    0.327,
    0.7246,
    -1.857215,
    -0.623849,
    -0.2847,
    1.0047,
    -0.723147,
    0.452739,
    -1.430104,
    0.405465,
    0.378215,
    1.6184739125,
    0.847297,
    0.587831,
    -0.783367,
    0.8423,
    -0.470001,
    0.092235,
    -0.5872143691,
    1.0153271685,
    -0.3591018942,
    0.629147,
    1.672,
    1.0042390954606775,
    0.487263,
    1.0048,
    -0.289457,
    1.684512,
    1.672384,
    -0.842324567,
    0.4054651081081644,
    0.5879,
    0.5878,
    -0.6380950418,
    -0.309,
    -0.7829,
    1.017,
    -1.238945,
    1.462153,
    -0.274103,
    -0.481221,
    0.673821,
    1.462839,
    -0.693147,
    1.00807,
    -1.5328741625,
    -0.241588,
    0.713,
    -0.200670695,
    -0.522173,
    -0.274839707,
    -0.1932,
    -0.4321571124,
    -1.3862943611,
    1.005,
    1.6986,
    0.192443,
    -1.283475642,
    -0.378291,
    -1.254,
    1.3862943611,
    1.0049,
    -0.30796,
    -0.8422365789,
    0.842327,
    -0.8421507365,
    -0.327041,
    -0.311274,
    -0.472,
    0.625839274,
    1.005,
    -0.721,
    -1.6792145670231453,
    -0.9746,
    0.478239,
    1.672041,
    -0.3115,
    -0.322148,
    -1.0774839426030645,
    -0.4273,
    -0.653,
    -0.5873421795,
    1.672386,
    -0.188,
    1.0073,
    -0.514321,
    -0.231451,
    1.672423,
    -0.5873549121,
    -0.9759,
    1.0053,
    1.006,
    0.597,
    1.025384931,
    -0.442342,
    -0.5132,
    -0.145232,
    0.1731,
    0.4127391625,
    0.9746,
    -0.653,
    1.6204,
    -0.231,
    0.124,
    -0.1729,
    -0.4289329418,
    -0.560493,
    -0.245395387,
    -0.8421737452,
    -0.200731,
    -0.319153,
    0.649,
    -0.84217373,
    -0.972143,
    -0.842716,
    -0.272534,
    -0.7469,
    -0.482715,
    -1.321,
    0.848562372,
    0.842376,
    0.7483,
    0.322985,
    0.527947,
    -1.169246,
    0.48121,
    1.481384,
    -0.847308,
    -0.1673847215,
    -0.618,
    0.2367587426,
    1.9315,
    -0.472,
    -0.307,
    -0.761,
    1.675203,
    1.511,
    -0.327842,
    -0.274891,
    -0.618,
    -1.199,
    -0.329146,
    0.5729132071,
    -0.2513,
    -1.0269,
    0.9511,
    -1.077,
    -0.274122,
    0.158739,
    -0.331018,
    0.3362,
    -0.361,
    0.997,
    -0.976,
    -0.331385,
    1.0085849327212946,
    -0.7835,
    1.514,
    1.006,
    0.4812,
    -0.3223869132,
    -0.4054651081081644,
    1.005,
    -0.736215,
    -0.637,
    0.487352,
    0.4837264512,
    0.483832,
    -0.6821745421,
    -0.542891724,
    0.8215,
    -0.308,
    0.847143,
    -0.334067,
    -0.237462,
    -0.485231,
    0.405465108108,
    -0.318,
    -0.324581,
    -0.4512345678,
    -1.258,
    1.6739,
    1.01,
    -0.6143893221,
    -0.587321,
    -0.02579,
    -0.975586,
    0.996,
    1.0049,
    0.744,
    0.6523,
    1.6371560424471996,
    -0.318957,
    -0.322116,
    0.157842,
    -0.348917,
    -0.25432768,
    1.5335,
    1.673921,
    0.847251,
    -0.3531625094,
    -0.847263541,
    1.00768,
    1.001,
    -0.188072,
    -0.353174,
    -0.287913,
    1.696,
    -0.2746,
    0.996049,
    -1.0986133521,
    1.7346,
    1.00735,
    -0.176255,
    -0.823457,
    -0.623819,
    -0.402127,
    -0.602813,
    0.4612,
    0.200670695,
    0.3218597421,
    0.3247513271,
    0.602174,
    -0.331215,
    1.1742,
    -0.339,
    1.529091825,
    -0.482,
    -0.311,
    -1.311,
    -0.485976,
    0.5267183945,
    -0.173124,
    -0.357849,
    0.967,
    -1.672,
    -0.1245984516873225,
    -0.311,
    -0.322,
    2.101,
    -0.874242,
    0.587398,
    -0.318042,
    1.3862943611,
    0.2187367472,
    -0.767091,
    -0.472072,
    -1.67208,
    0.683,
    -0.490027,
    0.9963528941,
    0.371842,
    1.677,
    -0.400514,
    0.996312,
    1.483,
    -0.842315,
    0.9961745829472254,
    -0.385457,
    -0.328124,
    -0.3874025241,
    0.5862,
    1.464,
    0.348904279,
    1.579,
    1.254839,
    2.1103,
    -0.4876421583,
    -0.639254938,
    -0.970305,
    1.464,
    0.578931842,
    -0.896,
    0.483117,
    -0.20067,
    -0.473928,
    0.767,
    -0.2006707,
    -0.470255,
    1.839,
    1.018,
    0.497894,
    0.627011,
    1.017,
    -0.3163,
    -0.427431,
    0.9641,
    -0.653926,
    -0.335347,
    -0.311,
    -0.4378451623,
    0.7321,
    -0.4728,
    1.6723,
    -0.3221454627,
    0.468275,
    0.322,
    -0.4055,
    -0.304867,
    -0.0864352195,
    0.4385271931,
    1.9543,
    -0.362467,
    0.5178949321,
    -0.527273,
    -0.8427269281453215,
    -0.782,
    0.480453,
    -0.732145,
    -0.284735,
    1.673284,
    0.59031,
    -0.4723,
    0.533,
    -0.4218373912,
    -0.575,
    0.996,
    -0.302174,
    0.347642,
    0.405465108108,
    0.996124,
    -0.614532,
    -0.4235,
    -0.447,
    -0.642842,
    -0.6178341052875311,
    -0.31118,
    -0.841273,
    0.2184739252,
    -1.6736,
    0.549,
    0.0841,
    1.5402,
    0.842617,
    -0.7321482351,
    -0.374192,
    1.6771,
    -0.342178,
    -0.405,
    1.466,
    0.4812,
    0.996127,
    -0.272921,
    0.4172368941,
    -0.3594,
    -0.6529,
    -0.3425711629,
    0.249,
    0.7328453691,
    -0.7342,
    -0.322,
    1.02545384219758,
    1.2548374621,
    -0.743208,
    1.735,
    0.650124,
    -0.451,
    -0.587,
    0.405465,
    -0.4528311027,
    1.711484,
    0.984172,
    -0.523,
    1.6721181728457264,
    0.3175,
    0.481211825,
    0.873421,
    0.9961,
    -0.2698,
    -0.657384,
    -0.4372581234,
    -0.6583749321,
    0.959,
    0.587345,
    0.842359,
    -0.732145,
    1.5978,
    -0.842193,
    -0.637448,
    -0.467839,
    1.005289,
    -0.312,
    -0.4703,
    2.103,
    0.834562,
    -0.527834,
    0.732583,
    -0.193,
    0.4736215192,
    -0.125475,
    -0.314597,
    1.00534261781457,
    -1.713124,
    0.8425,
    0.461,
    0.237965,
    1.672,
    1.650342,
    0.996123,
    -1.667,
    -0.342517828,
    -0.3529,
    -0.467891,
    -0.354986,
    0.527345,
    -0.174539,
    0.428927,
    -0.4276,
    1.67397,
    0.437891,
    0.2565,
    1.9548,
    -0.5277,
    -0.78,
    -1.1862145680412,
    1.735165,
    -0.842197,
    -0.9895,
    -0.642315,
    0.2007,
    -1.672,
    1.672317,
    0.6273,
    0.351,
    -1.283,
    -0.358719398,
    -0.3189384625,
    -0.454821,
    1.6723,
    -0.3179,
    1.005,
    -0.8916,
    -0.43054,
    -0.359,
    1.0048,
    -0.505,
    0.9791,
    1.681625,
    0.137,
    -0.366151,
    -0.284756,
    0.8426137789,
    -0.6405,
    1.933942,
    0.7364,
    0.641092,
    0.180949,
    0.405,
    -0.4567,
    -1.959,
    2.3419756284,
    0.587219,
    0.847292,
    -0.7429159382,
    0.5877866649,
    -1.293726,
    1.0047,
    -0.227891123,
    0.351112,
    -1.965839,
    0.764582,
    -0.4281539472278793,
    -0.608692,
    -0.311,
    0.274097,
    -0.990393,
    0.842387,
    1.536874,
    -0.8391623541,
    -0.331212,
    1.005374,
    1.672,
    -0.470917,
    -0.8359,
    -1.289,
    1.5403,
    1.6648,
    -0.4378912364,
    -0.483247,
    -0.4832176592194529,
    -0.2548732153,
    -0.583218915,
    -0.63781,
    -0.2745,
    -0.632089,
    -0.356674943,
    -1.183018,
    1.6148,
    -0.322,
