{
  "model": "meta-llama/Llama-4-Scout-17B-16E-Instruct",
  "distribution": "Logistic(loc={loc}, scale={scale})",
  "mode": "independent_requests",
  "requested_samples": 1000,
  "generation_time": 321.2460687160492,
  "statistics": {
    "total_samples": 1000,
    "failed_requests": 0,
    "unique_values": 70,
    "unique_rate": 7.000000000000001,
    "mean": -0.48667756809894597,
    "std": 0.03552830143753074,
    "min": -0.7147,
    "max": -0.366051,
    "ks_statistic": 0.60129013998073,
    "ks_pvalue": 0.0
  },
  "samples": [
    -0.478321,
    -0.478325,
    -0.478321,
    -0.478218,
    -0.478321,
    -0.478321,
    -0.478321,
    -0.478177,
    -0.478321,
    -0.594512,
    -0.478321,
    -0.478321,
    -0.478321,
    -0.478321,
    -0.478321,
    -0.478218,
    -0.478321,
    -0.478303,
    -0.478321,
    -0.478321,
    -0.478324,
    -0.366069,
    -0.478321,
    -0.478321,
    -0.478321,
    -0.478312,
    -0.478321,
    -0.478321,
    -0.478321,
    -0.478321,
    -0.478321,
    -0.4786206375,
    -0.478321,
    -0.478321,
    -0.478321,
    -0.478321,
    -0.478321,
    -0.478218,
    -0.478321,
    -0.478321,
    -0.478321,
    -0.478321,
    -0.478321,
    -0.478321,
    -0.478321,
    -0.478432,
    -0.478466,
    -0.478432,
    -0.478207,
    -0.478321,
    -0.478321,
    -0.478321,
    -0.594055,
    -0.478321,
    -0.478321,
    -0.478321,
    -0.478321,
    -0.594055,
    -0.594512,
    -0.478321,
    -0.478321,
    -0.478207,
    -0.478321,
    -0.478321,
    -0.478321,
    -0.478321,
    -0.478321,
    -0.478321,
    -0.430332,
    -0.478321,
    -0.478321,
    -0.478321,
    -0.478321,
    -0.478321,
    -0.478321,
    -0.478321,
    -0.478321,
    -0.478321,
    -0.478321,
    -0.478309,
    -0.478321,
    -0.478177,
    -0.478321,
    -0.478321,
    -0.478321,
    -0.478321,
    -0.478218,
    -0.478321,
    -0.594055,
    -0.478321,
    -0.478321,
    -0.478321,
    -0.478321,
    -0.478321,
    -0.4784316156,
    -0.478177,
    -0.478321,
    -0.478321,
    -0.478325,
    -0.478321,
    -0.478321,
    -0.478321,
    -0.478321,
    -0.478321,
    -0.478321,
    -0.478324,
    -0.478321,
    -0.594512,
    -0.478321,
    -0.478321,
    -0.478207,
    -0.478321,
    -0.478321,
    -0.478321,
    -0.4784328939306624,
    -0.7144,
    -0.478432,
    -0.478321,
    -0.478321,
    -0.478321,
    -0.478321,
    -0.478218,
    -0.478321,
    -0.478321,
    -0.478321,
    -0.478466,
    -0.478321,
    -0.478321,
    -0.594512,
    -0.366512,
    -0.478321,
    -0.478309,
    -0.478321,
    -0.478321,
    -0.478321,
    -0.478211,
    -0.478218,
    -0.478321,
    -0.478321,
    -0.478321,
    -0.5940530840514316,
    -0.478321,
    -0.478321,
    -0.478321,
    -0.478321,
    -0.478321,
    -0.478321,
    -0.478321,
    -0.478218,
    -0.594512,
    -0.478321,
    -0.478321,
    -0.478321,
    -0.478321,
    -0.478321,
    -0.478321,
    -0.478321,
    -0.478321,
    -0.478321,
    -0.478321,
    -0.478321,
    -0.478321,
    -0.478321,
    -0.478325,
    -0.478366,
    -0.478177,
    -0.478321,
    -0.478325,
    -0.478321,
    -0.478321,
    -0.478321,
    -0.478321,
    -0.478321,
    -0.478321,
    -0.478321,
    -0.478321,
    -0.594512,
    -0.430332,
    -0.478321,
    -0.478321,
    -0.478321,
    -0.478321,
    -0.594055,
    -0.478321,
    -0.478321,
    -0.478321,
    -0.478177,
    -0.478321,
    -0.478321,
    -0.478321,
    -0.478321,
    -0.478321,
    -0.478218,
    -0.478207,
    -0.366051,
    -0.478321,
    -0.478321,
    -0.478432,
    -0.478321,
    -0.478321,
    -0.478321,
    -0.478321,
    -0.478321,
    -0.478321,
    -0.478233,
    -0.478321,
    -0.478314,
    -0.478321,
    -0.478321,
    -0.478321,
    -0.478321,
    -0.478321,
    -0.366512,
    -0.478321,
    -0.478321,
    -0.478321,
    -0.478233,
    -0.478309,
    -0.478318,
    -0.478321,
    -0.594055,
    -0.478325,
    -0.478325,
    -0.478321,
    -0.478321,
    -0.478321,
    -0.478321,
    -0.5940555764753673,
    -0.478321,
    -0.594512,
    -0.478218,
    -0.478321,
    -0.478312,
    -0.594055,
    -0.594055,
    -0.478177,
    -0.478321,
    -0.478321,
    -0.478321,
    -0.478321,
    -0.478321,
    -0.478317,
    -0.478321,
    -0.478321,
    -0.478321,
    -0.478321,
    -0.478321,
    -0.478321,
    -0.478233,
    -0.478321,
    -0.478321,
    -0.478321,
    -0.478309,
    -0.478321,
    -0.478321,
    -0.478321,
    -0.478321,
    -0.478325,
    -0.478321,
    -0.478309,
    -0.478218,
    -0.478321,
    -0.478321,
    -0.478321,
    -0.478321,
    -0.478321,
    -0.478321,
    -0.478321,
    -0.478321,
    -0.478321,
    -0.478321,
    -0.594053384792,
    -0.478321,
    -0.478321,
    -0.478321,
    -0.478321,
    -0.478321,
    -0.478321,
    -0.478321,
    -0.478321,
    -0.478321,
    -0.478321,
    -0.478321,
    -0.478325,
    -0.478321,
    -0.478321,
    -0.594055338,
    -0.478321,
    -0.5940553848247433,
    -0.478321,
    -0.478321,
    -0.594512,
    -0.478321,
    -0.594055,
    -0.478321,
    -0.478321,
    -0.478321,
    -0.47862052971289354,
    -0.478321,
    -0.478321,
    -0.478321,
    -0.478321,
    -0.478321,
    -0.478321,
    -0.478321,
    -0.478321,
    -0.478321,
    -0.478466,
    -0.478321,
    -0.478321,
    -0.478321,
    -0.478321,
    -0.594055,
    -0.478321,
    -0.5940555760976844,
    -0.478321,
    -0.478321,
    -0.478321,
    -0.478321,
    -0.478321,
    -0.366512,
    -0.478321,
    -0.4784325194376094,
    -0.594055,
    -0.478321,
    -0.478620459,
    -0.478321,
    -0.478321,
    -0.478321,
    -0.478062,
    -0.478321,
    -0.478321,
    -0.478321,
    -0.478321,
    -0.478321,
    -0.478321,
    -0.478321,
    -0.478321,
    -0.5940555768850784,
    -0.478321,
    -0.478321,
    -0.478321,
    -0.478321,
    -0.478325,
    -0.478321,
    -0.478218,
    -0.478321,
    -0.478321,
    -0.478321,
    -0.478321,
    -0.478321,
    -0.478321,
    -0.478312,
    -0.478321,
    -0.478321,
    -0.478321,
    -0.478321,
    -0.478432,
    -0.478321,
    -0.478321,
    -0.5940553851381374,
    -0.478321,
    -0.478321,
    -0.478321,
    -0.478321,
    -0.478321,
    -0.478321,
    -0.478211,
    -0.478321,
    -0.594055,
    -0.478321,
    -0.478321,
    -0.495945,
    -0.478325,
    -0.478321,
    -0.594055,
    -0.478321,
    -0.478309,
    -0.478321,
    -0.478321,
    -0.478321,
    -0.594512,
    -0.478321,
    -0.432787901,
    -0.478321,
    -0.478321,
    -0.478321,
    -0.478321,
    -0.478321,
    -0.478321,
    -0.478207,
    -0.478321,
    -0.5940555764751234,
    -0.478321,
    -0.478321,
    -0.478432,
    -0.478325,
    -0.478321,
    -0.478321,
    -0.478325,
    -0.594055,
    -0.366067,
    -0.478466,
    -0.478321,
    -0.478321,
    -0.478321,
    -0.478321,
    -0.478321,
    -0.594055,
    -0.366156431,
    -0.4277234257,
    -0.478321,
    -0.478321,
    -0.594153,
    -0.478321,
    -0.478321,
    -0.478325,
    -0.478321,
    -0.47843289393076327,
    -0.478321,
    -0.478321,
    -0.478321,
    -0.478321,
    -0.478321,
    -0.594153,
    -0.478321,
    -0.478321,
    -0.594055,
    -0.478321,
    -0.430332,
    -0.478321,
    -0.478321,
    -0.478466,
    -0.594055,
    -0.478321,
    -0.478177,
    -0.478321,
    -0.478321,
    -0.478321,
    -0.478321,
    -0.594055,
    -0.478321,
    -0.478321,
    -0.478325,
    -0.478321,
    -0.478321,
    -0.478321,
    -0.478317,
    -0.478321,
    -0.478325,
    -0.478321,
    -0.478321,
    -0.594512,
    -0.478321,
    -0.478321,
    -0.4786205297128935,
    -0.478321,
    -0.478321,
    -0.478321,
    -0.478321,
    -0.478207,
    -0.478321,
    -0.478466,
    -0.4959458768173777,
    -0.478321,
    -0.478321,
    -0.478218,
    -0.478321,
    -0.478432,
    -0.478309,
    -0.478321,
    -0.478321,
    -0.478321,
    -0.478321,
    -0.478321,
    -0.478321,
    -0.478321,
    -0.366334,
    -0.478321,
    -0.478321,
    -0.478321,
    -0.478321,
    -0.478321,
    -0.495945,
    -0.414207,
    -0.7143,
