{
  "model": "meta-llama/Llama-3.3-70B-Instruct-Turbo",
  "distribution": "Logistic(loc={loc}, scale={scale})",
  "mode": "independent_requests",
  "requested_samples": 1000,
  "generation_time": 512.2329161167145,
  "statistics": {
    "total_samples": 1000,
    "failed_requests": 0,
    "unique_values": 591,
    "unique_rate": 59.099999999999994,
    "mean": -0.5104067545711308,
    "std": 0.1487034261048122,
    "min": -0.934546736469,
    "max": -0.0,
    "ks_statistic": 0.5389240460170271,
    "ks_pvalue": 2.7977403989612313e-272
  },
  "samples": [
    -0.934546736469,
    -0.549,
    -0.6128,
    -0.247,
    -0.5493,
    -0.547199,
    -0.5987386727913536,
    -0.366,
    -0.0470917,
    -0.5493,
    -0.83738541,
    -0.5498,
    -0.366513651,
    -0.5493,
    -0.367745887051,
    -0.598656,
    -0.5497,
    -0.547947834,
    -0.612549,
    -0.549,
    -0.5499,
    -0.549,
    -0.5498,
    -0.5493,
    -0.5653,
    -0.464043009,
    -0.5498,
    -0.598556479,
    -0.172,
    -0.3665163416,
    -0.549,
    -0.6127,
    -0.549,
    -0.303896555,
    -0.758412881,
    -0.5499,
    -0.5984361,
    -0.367,
    -0.549,
    -0.547538556,
    -0.243947578587,
    -0.742474236,
    -0.5491,
    -0.365977,
    -0.382747574,
    -0.5496,
    -0.5496,
    -0.265374237,
    -0.847297,
    -0.6120583802,
    -0.5493,
    -0.3678316517937594,
    -0.4650916,
    -0.547031,
    -0.547367565,
    -0.36651741,
    -0.612438281,
    -0.547852,
    -0.5493,
    -0.5497,
    -0.247237834,
    -0.5499,
    -0.549,
    -0.5498,
    -0.5496,
    -0.5495361376356189,
    -0.5492374424,
    -0.6129,
    -0.3659473623471428,
    -0.5498,
    -0.5505,
    -0.549,
    -0.5492,
    -0.612083,
    -0.847297,
    -0.465,
    -0.59815,
    -0.5496,
    -0.6128,
    -0.549,
    -0.3665169679,
    -0.5492,
    -0.3665160911588785,
    -0.549,
    -0.598932,
    -0.5496,
    -0.5499,
    -0.837,
    -0.8474974410539,
    -0.367831347,
    -0.24772389262688557,
    -0.5496,
    -0.27333945454285,
    -0.5496,
    -0.5497,
    -0.5497,
    -0.6128,
    -0.274,
    -0.549,
    -0.549,
    -0.3665129208,
    -0.3665129221794162,
    -0.5495,
    -0.5498,
    -0.5983431986736892,
    -0.5494,
    -0.565347105,
    -0.5948468,
    -0.668442047764,
    -0.5476,
    -0.5645,
    -0.547,
    -0.5493,
    -0.3670033447,
    -0.4714,
    -0.24757505698342205,
    -0.3665130676541278,
    -0.5495,
    -0.5498,
    -0.549,
    -0.367945754,
    -0.598436481,
    -0.5496,
    -0.19719763654662245,
    -0.8377478047,
    -0.837165,
    -0.6128,
    -0.5628,
    -0.5495,
    -0.367474723,
    -0.247528439,
    -0.5493,
    -0.265947099,
    -0.5653,
    -0.549536938,
    -0.5658149654,
    -0.5492,
    -0.5984497,
    -0.598439,
    -0.367043956,
    -0.5494,
    -0.5496,
    -0.36789398931344,
    -0.5493,
    -0.247867,
    -0.366537,
    -0.837363,
    -0.5495,
    -0.4232597,
    -0.3678316533,
    -0.36651636106824,
    -0.273889494,
    -0.934057,
    -0.27404590212161645,
    -0.5987357,
    -0.2654,
    -0.246,
    -0.5493,
    -0.5984360570370743,
    -0.5948468,
    -0.549,
    -0.5496,
    -0.5493,
    -0.5495,
    -0.5397,
    -0.547,
    -0.5626,
    -0.612548422,
    -0.5493,
    -0.549,
    -0.598436,
    -0.24750354791246706,
    -0.5948464,
    -0.189043,
    -0.5499,
    -0.547,
    -0.2476514150469365,
    -0.5495366183349732,
    -0.5948464,
    -0.6120757,
    -0.5653474631570475,
    -0.5495,
    -0.549,
    -0.549536547,
    -0.5492,
    -0.549,
    -0.3665130979,
    -0.598436267,
    -0.273946,
    -0.5658,
    -0.253188,
    -0.598436483547,
    -0.5492,
    -0.36651310841242213,
    -0.549,
    -0.549536,
    -0.5984367675799644,
    -0.5492,
    -0.5494,
    -0.247483716061827,
    -0.5495,
    -0.5658,
    -0.598737069,
    -0.36647565,
    -0.5496,
    -0.547156,
    -0.5493,
    -0.36786248,
    -0.934,
    -0.598887082,
    -0.24748337182750346,
    -0.5497,
    -0.5499,
    -0.5497,
    -0.5492,
    -0.3670946,
    -0.6128,
    -0.5493,
    -0.46689453,
    -0.24724191155669123,
    -0.4650475610686348,
    -0.837052710828,
    -0.5494,
    -0.5493,
    -0.549,
    -0.5657,
    -0.5492,
    -0.549536,
    -0.547147,
    -0.547197982,
    -0.5497,
    -0.5493756589942943,
    -0.5493,
    -0.5628,
    -0.5498,
    -0.5659,
    -0.5497,
    -0.547070965,
    -0.366517742968,
    -0.5495,
    -0.5495,
    -0.547,
    -0.5497,
    -0.837876123,
    -0.598761,
    -0.5496,
    -0.598932,
    -0.5988861250720456,
    -0.3665169222997787,
    -0.382326098,
    -0.5492,
    -0.5492,
    -0.3579,
    -0.5498,
    -0.549,
    -0.59865633,
    -0.8178,
    -0.5499,
    -0.5497,
    -0.456719,
    -0.367474968556664,
    -0.24772987610627556,
    -0.8240546419,
    -0.8176,
    -0.5474,
    -0.6127,
    -0.5493,
    -0.2474545475,
    -0.547194,
    -0.549863549,
    -0.612549,
    -0.5496,
    -0.549663121549,
    -0.6127,
    -0.5498,
    -0.6128,
    -0.247868824549,
    -0.547033435,
    -0.465947556,
    -0.612547995,
    -0.5628,
    -0.36647573,
    -0.547609,
    -0.366516391347,
    -0.3665,
    -0.5495366183349254,
    -0.382662,
    -0.547,
    -0.553002954,
    -0.549,
    -0.549,
    -0.565893,
    -0.2471580563,
    -0.5495,
    -0.6128,
    -0.612412351,
    -0.5493,
    -0.5499,
    -0.465,
    -0.247289,
    -0.598436615,
    -0.612,
    -0.465947556,
    -0.5496,
    -0.5492,
    -0.6128,
    -0.549,
    -0.5494,
    -0.549,
    -0.5497,
    -0.5988819161214118,
    -0.598185,
    -0.5988499687573721,
    -0.5494,
    -0.3579,
    -0.36651308872,
    -0.366513058,
    -0.612547534,
    -0.8173139649464647,
    -0.5623,
    -0.46594755645,
    -0.24748337108593,
    -0.5498,
    -0.2477,
    -0.8379798952376964,
    -0.5499,
    -0.357312635,
    -0.3670561929763477,
    -0.24772389873831863,
    -0.5493,
    -0.598286,
    -0.5492,
    -0.4659475568936046,
    -0.1680542864151763,
    -0.549536,
    -0.549,
    -0.5499630407,
    -0.549,
    -0.366527,
    -0.549,
    -0.5492,
    -0.5984364774,
    -0.5496,
    -0.1643115,
    -0.3669473,
    -0.549537,
    -0.5988899639718894,
    -0.3665163196,
    -0.549,
    -0.6125435312,
    -0.5988547,
    -0.598436318,
    -0.366513097,
    -0.5494,
    -0.5493,
    -0.5495,
    -0.367056219,
    -0.1683263398,
    -0.6128,
    -0.84749744106843,
    -0.547493,
    -0.847288,
    -0.612547635,
    -0.549,
    -0.5494317,
    -0.382287,
    -0.2737,
    -0.328,
    -0.5653,
    -0.5494,
    -0.247868612,
    -0.549536,
    -0.598886937,
    -0.612548356,
    -0.598436986,
    -0.817881498,
    -0.247109,
    -0.549,
    -0.5621,
    -0.549,
    -0.547756497,
    -0.5496,
    -0.5653471649,
    -0.265347943,
    -0.3276826584152934,
    -0.386277,
    -0.274,
    -0.5628,
    -0.293461,
    -0.254609,
    -0.36651609139854857,
    -0.549982561159,
    -0.5496,
    -0.5498,
    -0.247077,
    -0.4667099695,
    -0.582748,
    -0.598436137,
    -0.5623,
    -0.24745336193830453,
    -0.5498,
    -0.612319,
    -0.5493,
    -0.5499,
    -0.46423179,
    -0.598588,
    -0.5496,
    -0.5493,
    -0.247048,
    -0.549,
    -0.5496,
    -0.357,
    -0.5492,
    -0.5493,
    -0.5492,
    -0.6126,
    -0.5496,
    -0.3824436,
    -0.265881,
    -0.247289941,
    -0.847565,
    -0.547,
    -0.549,
    -0.36651308,
    -0.5493,
    -0.8377756313099454,
    -0.598079993,
    -0.547631,
    -0.847497861,
    -0.549536618134,
    -0.247129658,
    -0.4434560218898875,
    -0.5499677126340649,
    -0.612713564,
    -0.598889658,
    -0.423332453,
    -0.5567,
    -0.26537423743872546,
    -0.5492,
    -0.6128,
    -0.486742948,
    -0.549,
    -0.547031,
    -0.5492,
    -0.5492,
    -0.2470830511,
    -0.3669051415,
    -0.3667580343,
    -0.5493,
    -0.2477335315327125,
    -0.5659,
    -0.2740436179,
    -0.5493,
    -0.547,
    -0.5492,
    -0.934546,
    -0.8370573387,
    -0.247208189,
    -0.3665160910790565,
    -0.36789567,
    -0.287677,
    -0.5496,
    -0.5473,
    -0.293449,
    -0.366513,
    -0.5496,
