{
  "model": "mistralai/Mistral-Small-3.2-24B-Instruct-2506",
  "distribution": "Logistic(loc={loc}, scale={scale})",
  "mode": "independent_requests",
  "requested_samples": 1000,
  "generation_time": 653.8960256576538,
  "statistics": {
    "total_samples": 1000,
    "failed_requests": 0,
    "unique_values": 804,
    "unique_rate": 80.4,
    "mean": -0.19449033794145357,
    "std": 0.7143285165318278,
    "min": -2.7183,
    "max": 3.2587612,
    "ks_statistic": 0.3055483241008214,
    "ks_pvalue": 2.3209982529264812e-83
  },
  "samples": [
    0.437,
    -0.345678901,
    -0.23456789123,
    -0.345292102,
    -0.9832,
    1.345678,
    -0.1246,
    -0.564982,
    -0.4276123487,
    -0.1287345,
    -0.270984830935,
    -1.342567,
    -1.234567890123456,
    -0.372782,
    -1.234567890123456,
    -0.345214,
    1.246789,
    -1.40303492810987,
    -0.37289,
    -0.432137,
    -1.045,
    -0.4296734892,
    1.348925,
    -0.765367523,
    1.23456789,
    -0.43293842789,
    0.234567,
    -0.3215421,
    -0.473921,
    -0.284756,
    -1.2369231,
    0.37880627,
    0.345687291,
    -0.3448432154,
    0.2349,
    0.235784123,
    -1.236789,
    0.381621696,
    -0.361245,
    0.123456789,
    -0.3456789012345678,
    -0.321687,
    -0.357643,
    -0.45389,
    0.2419872312,
    -0.3456789,
    1.35246800102337,
    0.216432,
    -0.2345678912345679,
    0.123456789,
    -0.421682334982156,
    -0.3462,
    1.23456789,
    -0.72318,
    -0.58197,
    0.3456789,
    -0.437102,
    -0.0537195663330031,
    -0.562341,
    1.2345678901234567,
    -0.721389,
    -0.123456789,
    0.6084232,
    0.8735161,
    -0.2704881575066123,
    -0.286684037270529,
    -0.432156789,
    0.4296128057860352,
    -1.42312323,
    0.713424876321,
    -0.2341,
    -0.231789,
    -0.213456789,
    -0.2345678901234568,
    -0.23456789012345677,
    -0.3721548,
    1.23456789,
    1.23456,
    0.1376,
    -0.76751234,
    -0.123456789,
    1.687994,
    -0.412389607,
    -0.3214595272,
    -0.235849,
    0.123456789,
    0.349812348,
    -1.0,
    0.4106,
    -0.32981246,
    -0.3456789,
    -0.372482597407,
    -0.5671432904097861,
    0.388005,
    0.3456789,
    -0.4321789,
    -0.12345,
    -0.842345,
    -0.7129,
    -0.23456789,
    -0.356782,
    0.3102,
    -0.78234512,
    -0.2345678912345678,
    -0.123456789012345,
    -0.126312945698342,
    -0.2345678901234567,
    -0.1234567890123456,
    -0.43269422,
    1.236784529,
    -0.245,
    -0.2345678,
    -2.71828,
    -0.23412,
    1.235678,
    -0.45567,
    -0.365821,
    0.517683,
    -0.2319876,
    -0.528972618652074,
    -1.2345678901234567,
    -0.123456789,
    -0.123456789,
    -0.452348915,
    -0.4372187,
    0.275927,
    -0.123456789,
    -0.357102,
    -0.34217,
    -0.27342188,
    1.37520055025,
    -1.34928,
    -0.321864,
    -0.4213752902,
    -1.234567890123456,
    -0.123456789,
    -0.721347892341,
    2.35671,
    -0.876234129,
    -0.523604467901232,
    -0.325872,
    0.345217,
    -0.123456789,
    1.23456789,
    -0.21345678901234566,
    -0.13288237319,
    -0.227045915119752,
    -0.472126,
    1.348720491,
    0.24389,
    -0.4688063942201329,
    -0.32456721,
    -0.123456789,
    0.3462,
    -0.7682123,
    -0.21642938,
    -0.345628,
    -1.2345678901234567,
    -0.237103,
    -0.123456789,
    0.253480967,
    -0.236578,
    -0.4389,
    -1.2345,
    -0.372194,
    -0.2623928178517449,
    0.80043742,
    -0.456132,
    -0.234567890123456,
    -0.245376,
    -0.456213412,
    -0.02467514236841296,
    -0.3481273291,
    -0.321587624123,
    0.678923145,
    -0.426116,
    -0.342687,
    -0.23456789,
    -0.3219876542,
    -0.345678123,
    0.4303461106,
    -0.34662099531121,
    -0.32456,
    -0.45923,
    -0.234123456789,
    -0.21043,
    0.764173,
    -0.548811837967314,
    -0.21768,
    -0.712345678912,
    -0.2367891254,
    0.768,
    -0.802966,
    -0.873123,
    -0.123456789,
    -0.432978,
    -0.321489,
    -0.3456789,
    -0.346218792,
    -0.34174987236,
    -0.5673429983,
    -0.231947629,
    -0.7439238423,
    -0.2768194482547391,
    1.052348762,
    -0.34527812,
    -0.3556982143,
    -0.742134989312,
    -0.342968,
    0.4562,
    -0.2319670921,
    -0.123456789,
    -0.67319876,
    -0.234192,
    -0.8347623578124684,
    -0.844168969,
    -1.2345678901234567,
    -0.346728,
    -1.236789421,
    -0.2716028381134717,
    -0.327672902345,
    -1.2345678901234567,
    -0.435209,
    -0.821456235,
    0.4359,
    -1.43523287,
    -0.456213678,
    -0.4248215783216969,
    -0.378119,
    -0.567143292,
    -0.4532192789,
    -0.375621,
    -0.721345,
    -0.00641672,
    -0.823429372492,
    -0.23456789,
    0.234,
    -0.345219,
    -0.235269,
    -0.237119,
    -0.36485,
    -0.3462316167223459,
    -0.3456728129,
    -0.7325491,
    -0.2345678901234568,
    -0.297843,
    -0.3218064382,
    -0.716269,
    -0.232456,
    -0.2876134889,
    -0.3472898239582,
    -0.2345678901234567,
    -0.235,
    -0.123456789,
    -0.45623,
    -0.67231478921,
    -0.234129187542319,
    1.8923456789,
    0.345,
    -1.23487,
    0.418037599,
    0.3096,
    -0.45621,
    -1.234567890123456,
    -0.23684,
    -0.42123456789,
    -0.437281231,
    -0.123456789,
    0.452672,
    -0.487434206572467,
    -1.6438592407,
    -0.234567,
    0.83336554,
    -0.231539,
    0.7333,
    0.745621,
    -0.234512,
    1.476934,
    -0.5432963501,
    -0.432159,
    2.478523618127821,
    -0.4387623217,
    -0.345267,
    -0.42312054875,
    -0.46321,
    -1.845221,
    -0.1234567890123456,
    -0.217134172053543,
    -0.23456789012345677,
    -0.53687,
    -0.377213,
    0.123456789,
    -0.3752,
    -0.13572834,
    1.23456789,
    -0.5629,
    -0.367182342,
    -0.23156789,
    -0.832467236184211,
    -1.2345678901234567,
    -0.2341,
    -0.1223456789,
    0.4123877259523731,
    0.43689229,
    -0.234567123456789,
    -0.3456789,
    -0.45283215,
    -0.768523145,
    1.289645,
    -0.12345678912345678,
    -0.347823901,
    0.721347591,
    0.379615,
    1.387,
    -0.237180149489866,
    -0.43923,
    1.2345678901234567,
    -0.12345678901234568,
    -0.381122,
    -0.8127345921,
    0.492489,
    -1.2769,
    -0.3126,
    -0.349938,
    -0.373862,
    -0.352861,
    -0.3456789,
    -0.632299,
    1.234567,
    -1.45672389,
    1.23456789,
    -0.356721,
    -0.348721,
    0.910725987,
    -0.23456789012345677,
    -0.12364231872,
    -0.423913,
    1.1234567890123457,
    0.2705658227056582,
    -0.352149236,
    0.123456789,
    -0.23456789,
    -1.23456789,
    -0.456789,
    0.452364892,
    2.1765811,
    -0.345678921,
    -0.123456789,
    -0.234567891234567,
    -0.12345678901234566,
    -0.456213456789,
    -0.34298,
    -1.7686,
    -0.4562347891,
    0.234567,
    -0.3444279913034323,
    -0.2345678912345678,
    -0.398721,
    -0.41234167,
    0.234517,
    -0.321651434,
    -0.2543,
    -0.34567291,
    -0.473219,
    -0.12345678912345678,
    -0.256893,
    1.23456,
    -0.123456789012,
    -0.8447784455462362,
    -0.32512478,
    -0.4328719234,
    0.67237219431,
    -0.324512,
    -0.356978211239,
    -0.23456789,
    -1.2345678901234567,
    -0.132556798,
    -0.862354123,
    -0.34562,
    0.8003,
    -0.3214567892145678,
    3.2587612,
    -0.3456789,
    0.312,
    -0.34126,
    -0.23456789,
    -1.3862943611198906,
    -0.356218457,
    -0.3456789,
    -0.234128987654,
    -0.4723198723,
    -0.123478921,
    -0.3456728912345679,
    -0.237658123,
    -1.236789,
    -0.3724817187,
    -0.23678912312,
    0.24128712493,
    0.32141823,
    -0.123456789012345,
    -0.23456789,
    -1.821123,
    -0.3456789,
    -0.12345678912345678,
    -0.4567283192,
    -1.345,
    -0.2614741567322091,
    -0.3452,
    -1.03247186397,
    0.345662,
    -0.4562318972,
    -0.38452,
    -0.123456789,
    1.287654321,
    1.3568923,
    -0.37722,
    -0.236467121,
    -0.2145,
    -0.3216,
    -0.01347862,
    -1.43768231005,
    0.356721,
    2.168783,
    -0.123748239,
    1.18625,
