{
  "model": "moonshotai/Kimi-K2-Instruct-0905",
  "distribution": "Logistic(loc={loc}, scale={scale})",
  "mode": "independent_requests",
  "requested_samples": 1000,
  "generation_time": 722.1175398826599,
  "statistics": {
    "total_samples": 1000,
    "failed_requests": 0,
    "unique_values": 427,
    "unique_rate": 42.699999999999996,
    "mean": 0.5449685126126945,
    "std": 0.9834137288035876,
    "min": -4.281937,
    "max": 3.8472,
    "ks_statistic": 0.38302467732760087,
    "ks_pvalue": 1.8605714320461642e-132
  },
  "samples": [
    -1.247836,
    -0.847,
    1.374,
    0.8473,
    -0.743,
    -0.847,
    1.843729,
    1.742639,
    0.847,
    0.847163,
    0.847,
    0.847213115,
    0.742,
    0.437,
    -0.847291,
    -1.847263,
    0.847,
    2.1847,
    0.847,
    0.847,
    0.742,
    0.213,
    0.847,
    -0.742,
    0.317428509,
    0.8472,
    1.683492,
    0.847,
    0.847362,
    0.847,
    -0.312984765,
    1.73582,
    1.8237,
    0.847,
    0.8473,
    0.738,
    0.847,
    -1.247836,
    0.847,
    0.847263918,
    1.746832,
    -0.592,
    1.247836,
    0.8743,
    1.273,
    0.873,
    0.873264915,
    -0.847239156,
    0.742,
    -0.427,
    1.3847,
    0.847,
    0.847,
    1.847,
    0.742,
    -0.847263,
    0.817,
    -0.873,
    -0.427783,
    0.8473,
    0.847,
    -0.382,
    0.847,
    0.847263,
    0.847,
    0.742,
    0.847,
    -1.3849,
    0.4815637289,
    0.742,
    1.847263915,
    0.847529,
    0.874,
    -0.847,
    0.8472,
    0.8472,
    1.2476,
    -4.281937,
    -0.342918,
    2.340176,
    1.847332,
    -0.187,
    0.847,
    0.847,
    0.873,
    1.2476,
    0.847,
    0.847,
    0.3792,
    0.783,
    0.847,
    0.847,
    -0.847,
    -0.8472,
    -0.738,
    -1.342896,
    1.7892,
    0.847291,
    1.392847,
    -0.3847,
    0.892317452,
    -0.742981,
    -0.8473,
    0.847,
    1.047298,
    0.847,
    0.427,
    0.847268309153,
    0.742,
    0.8473,
    0.847263915,
    0.8473,
    0.487,
    0.847392,
    -0.847391,
    1.743596,
    1.273846,
    -0.8472,
    0.873,
    -0.8473,
    0.7823,
    1.37284,
    1.847263,
    0.475,
    0.847392,
    -0.374,
    -0.473812,
    0.842,
    -0.847362915,
    1.2738,
    -0.847291,
    0.847293,
    0.382,
    -0.742,
    0.8472,
    0.742,
    -0.873,
    0.847,
    0.847,
    0.847,
    0.7823,
    -0.743818,
    0.847,
    0.847291,
    2.1847,
    0.847,
    0.742,
    0.874532,
    1.8472369154,
    -0.812947319,
    0.742,
    -1.342,
    0.8172,
    0.8472,
    0.847261905,
    0.847219,
    0.8473,
    0.2947,
    0.874,
    0.847312,
    0.847,
    0.847,
    0.847,
    0.8473,
    0.847,
    -2.138274,
    -0.8473,
    3.8472,
    0.562,
    1.847263509,
    0.8473,
    1.847362,
    -1.847236,
    0.847,
    -0.873,
    0.847,
    -1.847236,
    -0.847293,
    0.847316,
    1.847263,
    0.847,
    0.847362915,
    0.742,
    0.847362915,
    -0.847362,
    0.67215,
    -0.8476392,
    0.847312,
    0.847,
    -0.847,
    0.847362915,
    -1.342796,
    1.064208,
    0.847,
    1.382,
    0.742,
    0.847,
    0.847362,
    0.847,
    0.8473,
    0.8476,
    0.847263915,
    0.847,
    1.273816,
    0.927,
    0.847,
    -0.847,
    0.817,
    0.847,
    -0.367518,
    0.847,
    0.847291,
    0.847,
    -0.8472,
    2.073419,
    0.847,
    0.473,
    0.847,
    0.817,
    1.734924,
    0.8472,
    0.847263,
    0.8472,
    -1.7423,
    1.286,
    0.847231905,
    1.027364,
    0.8472,
    0.8472,
    1.847263915,
    0.4173,
    1.847263915,
    0.847219,
    0.847231,
    -0.731,
    2.174,
    0.873,
    0.847256193,
    0.847362915,
    0.8473,
    0.817,
    0.847,
    -0.473,
    0.847,
    0.847,
    0.847213,
    0.847291,
    1.8472,
    0.874,
    -0.742196,
    0.842,
    -2.918364,
    0.847,
    1.234567,
    -0.842,
    0.847,
    -0.384,
    1.247836,
    -0.38217,
    0.874216,
    0.847,
    0.847,
    -2.340198,
    0.847,
    0.187,
    0.872,
    0.847,
    -0.873124,
    0.742389,
    -0.847,
    -0.847391,
    0.847316,
    2.084937,
    0.847,
    0.847,
    1.937281,
    0.8472,
    0.847,
    0.847265,
    1.2738,
    0.847,
    -0.3847,
    0.847,
    0.847293,
    1.374,
    1.742,
    0.847,
    2.063,
    0.742,
    0.8472,
    2.847,
    1.472,
    0.782,
    -0.847,
    0.847312,
    0.8473,
    0.847,
    1.2748,
    0.847,
    0.738291,
    0.847,
    0.3745,
    -0.8472,
    0.784291,
    -0.847312,
    -0.847362391,
    0.847,
    0.8473,
    0.847,
    1.2734,
    0.742,
    0.8472,
    -1.384276,
    -0.847312,
    0.487,
    -0.8472,
    0.8473,
    -0.1793,
    2.71828182846,
    -0.847,
    -0.329,
    0.847213531,
    -0.847,
    0.927,
    1.827,
    0.84739215,
    -0.384726819,
    0.8472,
    0.84726591,
    0.847,
    1.374,
    0.273845,
    0.847,
    1.328471,
    0.674385,
    -0.8473,
    1.837294,
    1.742,
    0.847392,
    -0.847391,
    0.731,
    0.8473,
    0.8472,
    0.847,
    1.273846,
    0.847,
    0.847,
    0.847,
    -0.743,
    0.847362915,
    0.847392,
    1.203847,
    0.8473,
    1.742,
    0.842,
    0.847,
    0.847326915,
    0.8472,
    0.738292,
    0.847,
    -0.8473,
    0.847,
    1.2047,
    -0.7392,
    0.847,
    0.8472,
    0.847,
    0.847,
    0.8473,
    0.847219,
    0.8473,
    0.742,
    0.847,
    0.847213115,
    0.7429,
    -0.384,
    1.202,
    2.181732914878,
    0.817,
    0.847,
    0.842,
    2.384729,
    0.742931,
    2.3847,
    0.472,
    0.872,
    -0.847563912,
    0.672,
    0.847362,
    0.7421,
    1.2748,
    0.8473,
    -0.4827,
    0.847392,
    -0.847392,
    -0.847392015,
    -0.237,
    0.847312,
    0.8472,
    0.847,
    0.847362,
    0.8423,
    2.184,
    0.847362915,
    -0.847263915,
    -0.847291,
    0.847,
    0.847,
    0.847319205,
    0.342819,
    0.842,
    0.847,
    1.3487,
    0.847,
    0.847,
    -0.847,
    0.8472,
    0.847,
    0.847,
    0.847,
    1.2046,
    0.873,
    1.273846,
    0.8472,
    0.847,
    0.847,
    0.8472,
    0.7423,
    -0.847,
    2.184,
    0.847,
    -0.847312069,
    -0.837294615,
    1.3847,
    0.847,
    2.184,
    0.8571,
    0.742,
    0.672,
    0.847,
    0.847,
    0.847923,
    0.847215,
    1.386,
    -1.847362,
    1.847362915,
    0.742,
    0.8472,
    1.847263,
    0.874,
    0.867342915,
    0.847263915,
    -0.237,
    0.847,
    0.817,
    0.8472,
    2.8472,
    0.847,
    -0.847291,
    -0.8473,
    1.973,
    -0.847,
    1.274836,
    0.847,
    0.847,
    2.374,
    2.843,
    1.847263915,
    2.376915,
    0.732,
    0.847372819,
    0.847,
    0.847,
    0.847,
    2.340891867,
    -0.847,
    0.847,
    -0.2374592,
    -1.84726,
    0.847,
    0.874,
    0.874,
    0.847296,
    0.8642,
    -0.8472,
    0.742891,
    2.348951,
    0.283,
    1.437892,
    0.65478,
    1.087,
    -0.273,
    1.837246,
    2.345678,
    0.8472,
    -0.847392,
    0.847213,
    2.418367,
    -1.847263915,
    0.847,
    0.8472,
    0.847,
    0.847391,
    0.847,
    0.847,
    0.874,
    -1.247,
    0.8473,
    1.32894721,
    0.847312,
    0.847312915,
    -1.843,
    -0.847265,
    0.847,
    0.847,
    2.163,
    0.847,
    -0.738,
    1.847192,
    -0.842,
    0.847,
    -0.739281,
    1.237564819,
    0.874563,
    0.8472,
    -1.847362,
    2.847291,
    0.847,
    -0.742891689,
    0.847,
    1.742839105671,
    -0.583942,
    0.847392,
    0.847,
    -0.382147,
    0.847,
    0.847129,
    -2.9147,
    0.8472,
    0.847312,
    1.427896,
    0.847,
    0.8472519,
    -1.847362,
    -0.8473592104,
    1.848756309,
    0.342165,
    0.847,
    1.873024,
    0.8473,
    1.273,
    0.842,
    0.847,
    0.847263914,
    -1.20897,
    1.384729,
    -0.847362,
    -0.739,
    -0.742,
    1.847263,
    -0.847213,
    0.742,
    0.9172,
    0.742,
    0.847392051,
    0.847,
    0.847,
    -0.1724,
    2.873,
    0.847,
    -0.847216,
    0.847275,
    -1.742836,
    -0.847612,
    0.842,
    0.847,
    0.847,
    -0.482,
    1.087432,
    0.847,
    -0.847,
