{
  "model": "openai/gpt-oss-120b",
  "distribution": "Binomial",
  "mode": "independent_requests",
  "max_workers": 50,
  "requested_samples": 1000,
  "generation_time": 33.852895975112915,
  "statistics": {
    "total_samples": 1000,
    "failed_requests": 0,
    "mean": 5.751,
    "std": 0.712394909096427,
    "min": 3.0,
    "max": 7.0,
    "ks_statistic": 0.578125,
    "ks_pvalue": 1.7351457e-317
  },
  "samples": [
    6.0,
    6.0,
    6.0,
    4.0,
    6.0,
    6.0,
    6.0,
    7.0,
    6.0,
    6.0,
    6.0,
    6.0,
    6.0,
    6.0,
    6.0,
    6.0,
    6.0,
    6.0,
    6.0,
    6.0,
    6.0,
    6.0,
    6.0,
    7.0,
    5.0,
    6.0,
    5.0,
    6.0,
    7.0,
    6.0,
    6.0,
    6.0,
    7.0,
    6.0,
    6.0,
    6.0,
    6.0,
    5.0,
    5.0,
    5.0,
    7.0,
    6.0,
    7.0,
    6.0,
    6.0,
    5.0,
    6.0,
    7.0,
    5.0,
    7.0,
    6.0,
    6.0,
    6.0,
    6.0,
    6.0,
    6.0,
    6.0,
    7.0,
    6.0,
    5.0,
    6.0,
    6.0,
    6.0,
    6.0,
    7.0,
    5.0,
    4.0,
    6.0,
    5.0,
    6.0,
    6.0,
    6.0,
    6.0,
    6.0,
    6.0,
    6.0,
    4.0,
    6.0,
    6.0,
    6.0,
    6.0,
    5.0,
    6.0,
    6.0,
    6.0,
    6.0,
    6.0,
    7.0,
    5.0,
    6.0,
    6.0,
    6.0,
    6.0,
    6.0,
    6.0,
    6.0,
    6.0,
    6.0,
    6.0,
    7.0,
    5.0,
    6.0,
    6.0,
    6.0,
    6.0,
    6.0,
    5.0,
    7.0,
    7.0,
    6.0,
    6.0,
    5.0,
    6.0,
    6.0,
    6.0,
    6.0,
    6.0,
    6.0,
    6.0,
    6.0,
    6.0,
    6.0,
    6.0,
    6.0,
    6.0,
    4.0,
    6.0,
    4.0,
    5.0,
    6.0,
    6.0,
    6.0,
    6.0,
    6.0,
    6.0,
    6.0,
    6.0,
    6.0,
    6.0,
    5.0,
    6.0,
    7.0,
    6.0,
    6.0,
    7.0,
    7.0,
    6.0,
    6.0,
    5.0,
    6.0,
    6.0,
    4.0,
    6.0,
    6.0,
    6.0,
    6.0,
    4.0,
    6.0,
    4.0,
    5.0,
    6.0,
    6.0,
    6.0,
    7.0,
    6.0,
    6.0,
    5.0,
    6.0,
    6.0,
    6.0,
    4.0,
    4.0,
    6.0,
    6.0,
    5.0,
    6.0,
    6.0,
    4.0,
    7.0,
    6.0,
    7.0,
    6.0,
    6.0,
    6.0,
    6.0,
    6.0,
    6.0,
    6.0,
    6.0,
    4.0,
    5.0,
    6.0,
    6.0,
    6.0,
    6.0,
    6.0,
    6.0,
    6.0,
    6.0,
    6.0,
    7.0,
    6.0,
    6.0,
    6.0,
    6.0,
    6.0,
    6.0,
    6.0,
    5.0,
    5.0,
    6.0,
    6.0,
    4.0,
    6.0,
    6.0,
    5.0,
    6.0,
    6.0,
    6.0,
    6.0,
    6.0,
    4.0,
    7.0,
    6.0,
    6.0,
    4.0,
    6.0,
    6.0,
    6.0,
    6.0,
    6.0,
    6.0,
    6.0,
    6.0,
    6.0,
    5.0,
    5.0,
    6.0,
    4.0,
    6.0,
    6.0,
    6.0,
    4.0,
    6.0,
    6.0,
    6.0,
    6.0,
    5.0,
    6.0,
    5.0,
    6.0,
    6.0,
    5.0,
    6.0,
    6.0,
    5.0,
    6.0,
    6.0,
    4.0,
    5.0,
    4.0,
    6.0,
    6.0,
    6.0,
    6.0,
    5.0,
    6.0,
    6.0,
    5.0,
    6.0,
    5.0,
    6.0,
    6.0,
    6.0,
    6.0,
    6.0,
    6.0,
    6.0,
    6.0,
    7.0,
    6.0,
    6.0,
    6.0,
    6.0,
    6.0,
    5.0,
    6.0,
    6.0,
    5.0,
    7.0,
    5.0,
    6.0,
    5.0,
    5.0,
    5.0,
    5.0,
    5.0,
    6.0,
    5.0,
    6.0,
    6.0,
    5.0,
    6.0,
    4.0,
    6.0,
    5.0,
    6.0,
    6.0,
    7.0,
    6.0,
    6.0,
    6.0,
    6.0,
    7.0,
    6.0,
    6.0,
    6.0,
    5.0,
    6.0,
    5.0,
    6.0,
    6.0,
    6.0,
    6.0,
    6.0,
    6.0,
    6.0,
    6.0,
    6.0,
    5.0,
    6.0,
    5.0,
    6.0,
    6.0,
    6.0,
    7.0,
    5.0,
    6.0,
    5.0,
    4.0,
    6.0,
    6.0,
    7.0,
    6.0,
    7.0,
    6.0,
    4.0,
    6.0,
    6.0,
    6.0,
    5.0,
    7.0,
    6.0,
    6.0,
    5.0,
    6.0,
    6.0,
    6.0,
    5.0,
    6.0,
    4.0,
    5.0,
    4.0,
    6.0,
    6.0,
    4.0,
    6.0,
    6.0,
    6.0,
    6.0,
    6.0,
    6.0,
    6.0,
    6.0,
    6.0,
    6.0,
    6.0,
    6.0,
    5.0,
    5.0,
    5.0,
    4.0,
    6.0,
    6.0,
    6.0,
    5.0,
    6.0,
    4.0,
    6.0,
    5.0,
    7.0,
    6.0,
    6.0,
    5.0,
    6.0,
    6.0,
    6.0,
    6.0,
    6.0,
    5.0,
    6.0,
    6.0,
    6.0,
    6.0,
    4.0,
    6.0,
    6.0,
    6.0,
    6.0,
    6.0,
    6.0,
    6.0,
    6.0,
    5.0,
    6.0,
    6.0,
    4.0,
    6.0,
    5.0,
    5.0,
    6.0,
    6.0,
    6.0,
    5.0,
    5.0,
    5.0,
    6.0,
    6.0,
    6.0,
    7.0,
    5.0,
    4.0,
    4.0,
    7.0,
    5.0,
    6.0,
    5.0,
    5.0,
    4.0,
    5.0,
    6.0,
    5.0,
    5.0,
    4.0,
    5.0,
    5.0,
    5.0,
    6.0,
    6.0,
    6.0,
    7.0,
    6.0,
    6.0,
    7.0,
    6.0,
    5.0,
    4.0,
    6.0,
    7.0,
    7.0,
    6.0,
    7.0,
    5.0,
    5.0,
    5.0,
    6.0,
    6.0,
    6.0,
    5.0,
    5.0,
    6.0,
    6.0,
    4.0,
    5.0,
    5.0,
    6.0,
    6.0,
    5.0,
    5.0,
    5.0,
    6.0,
    6.0,
    6.0,
    6.0,
    6.0,
    6.0,
    6.0,
    6.0,
    6.0,
    6.0,
    6.0,
    6.0,
    4.0,
    6.0,
    5.0,
    6.0,
    6.0,
    6.0,
    7.0,
    6.0,
    5.0,
    6.0,
    6.0,
    6.0,
    6.0,
    6.0,
    5.0,
    6.0,
    6.0,
    6.0,
    6.0,
    6.0,
    6.0,
    5.0,
    6.0,
    6.0,
    6.0,
    6.0,
    6.0,
    6.0,
    6.0,
    7.0,
    6.0,
    5.0,
    6.0,
    6.0,
    4.0,
    4.0,
    6.0,
    5.0,
    4.0,
    6.0,
    6.0,
    6.0,
    5.0,
    6.0,
    6.0,
    4.0,
    5.0,
    6.0,
    6.0,
    6.0,
    6.0,
    6.0,
    6.0,
    6.0,
    6.0,
    7.0,
    6.0,
    6.0,
    5.0,
    5.0,
    6.0,
    6.0,
    4.0,
    6.0,
    6.0,
    6.0,
    4.0,
    6.0,
    6.0,
    6.0,
    7.0,
    6.0,
    7.0,
    6.0,
    7.0,
    4.0,
    5.0,
    6.0,
    4.0,
    6.0,
    5.0,
    6.0,
    6.0,
    6.0,
    4.0,
    6.0,
    6.0,
    6.0,
    4.0,
    6.0,
    5.0,
    6.0,
    6.0,
    6.0,
    5.0,
    5.0,
    7.0,
    6.0,
    4.0,
    4.0,
    6.0,
    6.0,
    6.0,
    5.0,
    6.0,
    6.0,
    6.0,
    5.0,
    6.0,
    6.0,
    5.0,
    4.0,
    6.0,
    6.0,
    5.0,
    7.0,
    5.0,
    4.0,
    5.0,
    7.0,
    6.0,
    6.0,
    6.0,
    6.0,
    6.0,
    5.0,
    6.0,
    6.0,
    6.0,
    6.0,
    5.0,
    6.0,
    6.0,
    6.0,
    6.0,
    5.0,
    6.0,
    6.0,
    6.0,
    6.0,
    5.0,
    6.0,
    6.0,
    6.0,
    7.0,
    5.0,
    6.0,
    6.0,
    4.0,
    6.0,
    6.0,
    6.0,
    6.0,
    6.0,
    6.0,
    4.0,
    4.0,
    5.0,
    6.0,
    5.0,
    4.0,
    6.0,
    6.0,
    6.0,
    6.0,
    4.0,
    6.0,
    6.0,
    6.0,
    5.0,
    6.0,
    7.0,
    5.0,
    6.0,
    6.0,
    6.0,
    6.0,
    6.0,
    6.0,
    6.0,
    4.0,
    4.0,
    7.0,
    6.0,
    5.0,
    5.0,
    7.0,
    6.0,
    6.0,
    6.0,
    6.0,
    6.0,
    6.0,
    6.0,
    6.0,
    6.0,
    6.0,
    6.0,
    6.0,
    5.0,
    6.0,
    6.0,
    6.0,
    6.0,
    6.0,
    5.0,
    4.0,
    6.0,
    6.0,
    6.0,
    6.0,
    6.0,
    6.0,
    6.0,
    6.0,
    6.0,
    5.0,
    6.0,
    6.0,
    6.0,
    7.0,
    7.0,
    6.0,
    7.0,
    6.0,
    6.0,
    6.0,
    6.0,
    6.0,
    5.0,
    6.0,
    5.0,
    7.0,
    4.0,
    6.0,
    6.0,
    4.0,
    6.0,
    7.0,
    6.0,
    6.0,
    6.0,
    6.0,
    6.0,
    5.0,
    6.0,
    6.0,
    6.0,
    4.0,
    6.0,
    6.0,
    4.0,
    6.0,
    6.0,
    5.0,
    6.0,
    6.0,
    6.0,
    6.0,
    6.0,
    6.0,
    5.0,
    5.0,
    5.0,
    6.0,
    6.0,
    6.0,
    6.0,
    4.0,
    6.0,
    6.0,
    6.0,
    6.0,
    6.0,
    4.0,
    7.0,
    6.0,
    6.0,
    5.0,
    6.0,
    5.0,
    6.0,
    4.0,
    6.0,
    6.0,
    6.0,
    4.0,
    6.0,
    6.0,
    6.0,
    6.0,
    6.0,
    6.0,
    6.0,
    6.0,
    6.0,
    3.0,
    5.0,
    5.0,
    6.0,
    6.0,
    6.0,
    6.0,
    6.0,
    7.0,
    6.0,
    5.0,
    6.0,
    7.0,
    4.0,
    6.0,
    6.0,
    5.0,
    6.0,
    6.0,
    5.0,
    7.0,
    6.0,
    7.0,
    6.0,
    6.0,
    6.0,
    6.0,
    6.0,
    6.0,
    6.0,
    6.0,
    6.0,
    6.0,
    5.0,
    6.0,
    6.0,
    4.0,
    7.0,
    7.0,
    6.0,
    6.0,
    6.0,
    7.0,
    6.0,
    6.0,
    6.0,
    6.0,
    6.0,
    6.0,
    6.0,
    7.0,
    6.0,
    6.0,
