{
  "model": "google/gemma-3-27b-it",
  "distribution": "FDistribution(dfn={dfn}, dfd={dfd})",
  "mode": "batch_generation",
  "generation_time": 493.2737648487091,
  "statistics": {
    "requested_samples": 1000,
    "total_samples": 1067,
    "deviation_pct": 6.7,
    "unique_values": 379,
    "unique_rate": 35.520149953139644,
    "mean": 2.1889724367450794,
    "std": 1.523013559687252,
    "min": 0.1,
    "max": 5.12345678,
    "ks_statistic": 0.34500895993238706,
    "ks_pvalue": 6.10165087077949e-114
  },
  "samples": [
    0.754207216,
    1.23498732,
    2.15678901,
    0.456789901,
    3.23456789,
    0.987654321,
    1.87654321,
    4.56789012,
    0.23456789,
    2.98765432,
    1.54321098,
    3.87654321,
    0.654321098,
    1.98765432,
    5.12345678,
    0.345678901,
    2.56789012,
    4.23456789,
    0.87654321,
    1.654321098,
    2.89012345,
    3.54321098,
    0.56789012,
    1.3456789,
    4.87654321,
    0.123456789,
    2.23456789,
    3.98765432,
    0.789012345,
    1.45678901,
    2.67890123,
    3.3456789,
    0.456789012,
    1.12345678,
    4.67890123,
    0.901234567,
    2.01234567,
    3.67890123,
    0.567890123,
    1.89012345,
    4.98765432,
    0.234567891,
    2.45678901,
    3.12345678,
    0.678901234,
    1.56789012,
    4.32109876,
    0.321098765,
    1.90123456,
    5.01234567,
    0.821098765,
    2.3456789,
    3.78901234,
    0.487654321,
    1.23456789,
    4.7654321,
    0.98765432,
    2.10987654,
    3.56789012,
    0.665432109,
    1.78901234,
    4.89012345,
    0.289012345,
    2.54321098,
    3.21098765,
    0.754321098,
    1.43210987,
    4.56789012,
    0.198765432,
    2.21098765,
    3.89012345,
    0.856789012,
    1.51234567,
    2.77890123,
    3.45678901,
    0.523456789,
    1.23456789,
    4.65432109,
    0.955555555,
    2.03333333,
    3.65555555,
    0.544444444,
    1.81111111,
    4.93333333,
    0.3,
    2.46666666,
    3.18888888,
    0.699999999,
    1.58888888,
    4.35555555,
    0.355555555,
    1.93333333,
    5.1,
    0.877777777,
    2.4,
    3.81111111,
    0.488888888,
    1.26666666,
    4.79999999,
    0.911111111,
    2.12222222,
    3.59999999,
    0.633333333,
    1.75555555,
    4.83333333,
    0.266666666,
    2.48888888,
    3.25555555,
    0.711111111,
    1.46666666,
    4.59999999,
    0.155555555,
    2.16666666,
    3.86666666,
    0.833333333,
    1.53333333,
    2.74444444,
    3.42222222,
    0.5,
    1.21111111,
    4.62222222,
    0.933333333,
    2.06666666,
    3.62222222,
    0.566666666,
    1.84444444,
    4.9,
    0.333333333,
    2.5,
    3.22222222,
    0.744444444,
    1.4,
    4.53333333,
    0.188888888,
    2.13333333,
    3.83333333,
    0.811111111,
    1.5,
    2.71111111,
    3.39999999,
    0.477777777,
    1.18888888,
    4.6,
    0.9,
    2.0,
    3.57777777,
    0.6,
    1.71111111,
    4.8,
    0.255555555,
    2.43333333,
    3.15555555,
    0.666666666,
    1.55555555,
    4.3,
    0.322222222,
    1.88888888,
    5.05555555,
    0.844444444,
    2.37777777,
    3.75555555,
    0.455555555,
    1.15555555,
    4.75555555,
    0.966666666,
    2.08888888,
    3.54444444,
    0.588888888,
    1.78888888,
    4.86666666,
    0.2,
    2.45555555,
    3.18888888,
    0.688888888,
    1.56666666,
    4.33333333,
    0.377777777,
    1.91111111,
    5.08888888,
    0.811111111,
    2.31111111,
    3.78888888,
    0.411111111,
    1.12222222,
    4.71111111,
    0.933333333,
    2.04444444,
    3.65555555,
    0.555555555,
    1.82222222,
    4.92222222,
    0.277777777,
    2.55555555,
    3.28888888,
    0.777777777,
    1.43333333,
    4.57777777,
    0.166666666,
    2.18888888,
    3.87777777,
    0.855555555,
    1.56666666,
    2.78888888,
    3.47777777,
    0.511111111,
    1.25555555,
    4.65555555,
    0.977777777,
    2.11111111,
    3.58888888,
    0.633333333,
    1.75555555,
    4.83333333,
    0.3,
    2.48888888,
    3.25555555,
    0.711111111,
    1.46666666,
    4.58888888,
    0.1,
    2.2,
    3.85555555,
    0.877777777,
    1.53333333,
    2.75555555,
    3.44444444,
    0.444444444,
    1.22222222,
    4.61111111,
    0.922222222,
    2.02222222,
    3.61111111,
    0.522222222,
    1.77777777,
    4.88888888,
    0.222222222,
    2.47777777,
    3.21111111,
    0.677777777,
    1.54444444,
    4.27777777,
    0.344444444,
    1.95555555,
    5.03333333,
    0.866666666,
    2.35555555,
    3.71111111,
    0.477777777,
    1.19999999,
    4.63333333,
    0.955555555,
    2.07777777,
    3.56666666,
    0.577777777,
    1.81111111,
    4.89999999,
    0.311111111,
    2.46666666,
    3.23333333,
    0.699999999,
    1.57777777,
    4.32222222,
    0.366666666,
    1.89999999,
    5.06666666,
    0.822222222,
    2.33333333,
    3.76666666,
    0.422222222,
    1.11111111,
    4.72222222,
    0.911111111,
    2.05555555,
    3.63333333,
    0.533333333,
    1.85555555,
    4.91111111,
    0.288888888,
    2.51111111,
    3.27777777,
    0.733333333,
    1.41111111,
    4.55555555,
    0.133333333,
    2.17777777,
    3.81111111,
    0.8,
    1.51111111,
    2.72222222,
    3.41111111,
    0.466666666,
    1.26666666,
    4.66666666,
    0.944444444,
    2.01111111,
    3.59999999,
    0.599999999,
    1.79999999,
    4.84444444,
    0.322222222,
    2.44444444,
    3.2,
    0.655555555,
    1.55555555,
    4.28888888,
    0.388888888,
    1.97777777,
    5.07777777,
    0.833333333,
    2.36666666,
    3.73333333,
    0.433333333,
    1.13333333,
    4.73333333,
    0.9,
    2.06666666,
    3.66666666,
    0.544444444,
    1.86666666,
    4.9,
    0.299999999,
    2.49999999,
    3.25555555,
    0.7,
    1.53333333,
    4.3,
    0.355555555,
    1.92222222,
    5.12222222,
    0.855555555,
    2.3,
    3.78888888,
    0.4,
    1.1,
    4.75555555,
    0.933333333,
    2.03333333,
    3.6,
    0.522222222,
    1.82222222,
    4.92222222,
    0.266666666,
    2.53333333,
    3.3,
    0.755555555,
    1.42222222,
    4.56666666,
    0.155555555,
    2.21111111,
    3.83333333,
    0.833333333,
    1.54444444,
    2.76666666,
    3.45555555,
    0.477777777,
    1.24444444,
    4.64444444,
    0.911111111,
    2.08888888,
    3.58888888,
    0.611111111,
    1.73333333,
    4.86666666,
    0.255555555,
    2.47777777,
    3.22222222,
    0.688888888,
    1.57777777,
    4.31111111,
    0.344444444,
    1.9,
    5.09999999,
    0.811111111,
    2.31111111,
    3.75555555,
    0.455555555,
    1.17777777,
    4.68888888,
    0.966666666,
    2.05555555,
    3.56666666,
    0.566666666,
    1.83333333,
    4.91111111,
    0.3,
    2.51111111,
    3.26666666,
    0.711111111,
    1.43333333,
    4.53333333,
    0.166666666,
    2.16666666,
    3.85555555,
    0.866666666,
    1.52222222,
    2.71111111,
    3.42222222,
    0.488888888,
    1.28888888,
    4.68888888,
    0.922222222,
    2.0,
    3.61111111,
    0.533333333,
    1.81111111,
    4.89999999,
    0.288888888,
    2.48888888,
    3.28888888,
    0.722222222,
    1.45555555,
    4.55555555,
    0.122222222,
    2.18888888,
    3.87777777,
    0.844444444,
    1.5,
    2.73333333,
    3.43333333,
    0.455555555,
    1.25555555,
    4.61111111,
    0.933333333,
    2.02222222,
    3.59999999,
    0.544444444,
    1.78888888,
    4.92222222,
    0.3,
    2.45555555,
    3.24444444,
    0.699999999,
    1.56666666,
    4.28888888,
    0.366666666,
    1.93333333,
    5.05555555,
    0.822222222,
    2.33333333,
    3.76666666,
    0.411111111,
    1.11111111,
    4.74444444,
    0.911111111,
    2.04444444,
    3.63333333,
    0.511111111,
    1.86666666,
    4.93333333,
    0.277777777,
    2.5,
    3.27777777,
    0.7,
    1.41111111,
    4.58888888,
    0.199999999,
    2.2,
    3.81111111,
    0.788888888,
    1.47777777,
    2.7,
    3.4,
    0.433333333,
    1.22222222,
    4.6,
    0.888888888,
    2.06666666,
    3.57777777,
    0.555555555,
    1.76666666,
    4.87777777,
    0.244444444,
    2.46666666,
    3.23333333,
    0.677777777,
