{
  "model": "gpt-4o",
  "distribution": "FDistribution(dfn={dfn}, dfd={dfd})",
  "mode": "batch_generation",
  "generation_time": 41.61988377571106,
  "statistics": {
    "requested_samples": 1000,
    "total_samples": 681,
    "deviation_pct": -31.900000000000002,
    "unique_values": 681,
    "unique_rate": 100.0,
    "mean": 1.4119928935007342,
    "std": 3.2786131959433966,
    "min": 0.000547196,
    "max": 75.75588932,
    "ks_statistic": 0.12651164995135133,
    "ks_pvalue": 5.83655622771401e-10
  },
  "samples": [
    2.280050238,
    3.020071306,
    0.514568694,
    0.325083818,
    1.404817274,
    0.490572594,
    0.317289788,
    0.469634525,
    0.178484758,
    1.333751032,
    0.327748156,
    0.629464019,
    0.653405214,
    0.851768431,
    0.382010771,
    1.732132255,
    1.006460641,
    0.260630743,
    0.371478705,
    0.406747019,
    4.784897961,
    0.736736418,
    0.461144067,
    0.257563029,
    4.091772648,
    1.161493908,
    1.30330398,
    0.425739108,
    0.894481603,
    1.795412109,
    0.763561839,
    1.079362147,
    0.956661501,
    0.687524264,
    0.353470146,
    2.249270907,
    2.013312895,
    0.224773701,
    2.194897017,
    4.653878016,
    1.158950757,
    0.345721267,
    8.930916133,
    2.093741543,
    2.018598625,
    0.386086307,
    1.957341041,
    0.130749877,
    3.295024945,
    0.706105206,
    2.199814816,
    0.714333079,
    0.446155028,
    0.74604306,
    1.282194191,
    0.83799221,
    0.734298063,
    0.334811924,
    0.611489677,
    0.895331442,
    0.830728264,
    0.308656946,
    0.333903357,
    3.667704162,
    1.150774061,
    0.577080875,
    0.617669949,
    0.724981786,
    0.150325873,
    4.095770985,
    0.716646531,
    0.343494205,
    0.267720992,
    0.794091021,
    1.257199283,
    0.242671487,
    1.544934077,
    0.760988995,
    0.512761652,
    2.678780428,
    0.273308059,
    0.271255308,
    0.354661906,
    0.38809814,
    3.239948488,
    0.172078697,
    1.338128982,
    0.636422048,
    0.576735202,
    0.284047884,
    0.556724844,
    0.514768612,
    1.11525649,
    0.213024761,
    2.526225258,
    1.069204176,
    0.726637355,
    0.570714944,
    0.412827628,
    0.541216139,
    0.742017627,
    0.069322476,
    0.810172605,
    1.814872528,
    3.89797315,
    0.718617006,
    1.533908504,
    3.410912639,
    1.257431139,
    0.194280496,
    1.278811229,
    1.36418148,
    0.015759943,
    0.43113235,
    0.111776073,
    9.191618924,
    0.238960573,
    0.258182468,
    0.265737149,
    0.023759214,
    0.045129932,
    2.91378954,
    0.605728712,
    6.929258909,
    1.407626761,
    1.037277607,
    0.327718969,
    0.264751751,
    1.308746549,
    7.679364953,
    0.307575427,
    0.961121721,
    0.434521191,
    0.312340179,
    0.295367096,
    3.637821519,
    8.19027294,
    1.017677266,
    0.720839308,
    0.82886806,
    1.098260744,
    1.991742632,
    2.40656583,
    1.766452321,
    0.494021425,
    0.862311498,
    0.840983974,
    0.281905537,
    0.625516318,
    0.442309456,
    2.141797987,
    1.576899924,
    0.799899797,
    1.386140212,
    0.148494153,
    0.943526664,
    0.594145461,
    0.996508683,
    0.871391422,
    0.583525176,
    1.939122314,
    0.110014096,
    0.321893109,
    1.246302601,
    0.633244146,
    8.291049516,
    0.565062573,
    3.789264251,
    2.481303965,
    0.468997929,
    0.320843512,
    6.154475958,
    6.107028683,
    0.953818202,
    7.176039734,
    5.609507221,
    6.505794702,
    2.063159788,
    1.38009107,
    0.592168343,
    3.278148652,
    0.660807774,
    0.338134571,
    1.706946174,
    2.957373938,
    2.642690373,
    3.996729608,
    0.58587531,
    0.357608629,
    4.949663148,
    0.243179582,
    3.107150125,
    0.496489238,
    0.125582939,
    0.098483383,
    1.234643997,
    0.69301181,
    0.610866693,
    1.405946697,
    0.788963146,
    0.569133051,
    0.538853434,
    1.420446009,
    0.017945155,
    2.406018672,
    3.377701167,
    0.442560583,
    9.269066488,
    0.663702109,
    0.502924541,
    0.073286498,
    0.142214738,
    0.781337248,
    2.288463044,
    0.375358507,
    0.387378615,
    0.94469547,
    1.105457367,
    0.266450427,
    0.484813729,
    0.481819593,
    2.059591542,
    4.186736749,
    1.1842914,
    0.480964814,
    2.547099566,
    0.838203624,
    2.314178259,
    1.206591972,
    0.263905469,
    2.81478832,
    0.515841783,
    0.584249846,
    5.124464966,
    2.05134794,
    1.471521085,
    0.600089765,
    0.158340327,
    0.987607273,
    3.190025636,
    0.993632374,
    0.604670009,
    0.943287383,
    2.613696495,
    0.969312609,
    0.211409495,
    0.478923622,
    0.431190312,
    0.840494846,
    0.059225429,
    1.355929786,
    9.374142524,
    2.628781546,
    0.094381499,
    1.646858874,
    1.557613898,
    0.456680384,
    0.352538232,
    1.092212166,
    0.004369054,
    0.950247347,
    0.006806024,
    3.092694428,
    0.749214895,
    0.192165378,
    1.634767644,
    1.034481022,
    2.214766887,
    0.150172518,
    0.960284201,
    0.23456391,
    0.479859583,
    0.28302233,
    0.319524882,
    1.014905781,
    0.680119645,
    0.490839886,
    0.178909297,
    1.130422724,
    0.25874252,
    0.292199268,
    0.450003187,
    0.100797345,
    2.671308471,
    2.754275757,
    1.105519349,
    0.661905269,
    0.677865822,
    0.108609874,
    0.252043311,
    3.15791685,
    0.657609416,
    0.223852493,
    0.497179209,
    0.683188774,
    0.482640366,
    0.69621537,
    0.816869664,
    0.393596237,
    1.900815271,
    0.31967192,
    0.663924327,
    2.919091647,
    0.389414443,
    0.717819119,
    0.692411384,
    0.249618798,
    0.837043708,
    0.617843758,
    2.139819201,
    0.137258464,
    0.561891859,
    1.251519253,
    8.995295257,
    4.572043786,
    0.206773583,
    0.449743383,
    0.742116359,
    1.278112656,
    0.287124271,
    1.238520902,
    1.83930706,
    0.206020875,
    1.194712437,
    0.129134887,
    0.399990668,
    0.630937418,
    1.328325863,
    0.776030922,
    4.215328976,
    0.787995402,
    0.181327864,
    0.583300819,
    1.030268675,
    0.141793957,
    1.419992376,
    0.222611582,
    0.264831298,
    2.50454946,
    1.077476655,
    1.624137292,
    0.425096727,
    0.555708445,
    2.680898882,
    0.137042195,
    0.713500051,
    1.802618083,
    0.765191794,
    0.633476272,
    1.125343546,
    2.019233137,
    0.776204303,
    3.105885093,
    0.000547196,
    1.873111968,
    0.432157631,
    0.403945564,
    1.009875639,
    0.220134225,
    1.13057226,
    0.108416373,
    1.503829171,
    0.846707245,
    2.103363666,
    0.060854239,
    0.343339197,
    1.943516854,
    0.249547246,
    0.185492754,
    1.505404989,
    1.710988193,
    1.119999124,
    2.269113131,
    1.351714794,
    1.451055829,
    2.217213645,
    2.447057328,
    0.809806252,
    0.524975676,
    1.712399586,
    0.553755288,
    0.43872397,
    0.292783235,
    3.259377312,
    0.098931345,
    0.117207799,
    0.973994656,
    0.642287455,
    0.088232367,
    2.651648994,
    1.584349636,
    0.93953149,
    2.721450072,
    0.898692145,
    0.57866537,
    0.612936782,
    0.556508147,
    0.457570967,
    0.228050414,
    1.421750889,
    0.398202859,
    0.748623334,
    2.722914,
    0.488082883,
    2.306863379,
    0.838907263,
    0.153493485,
    5.702314799,
    1.889168324,
    0.39012249,
    0.455251063,
    0.368712526,
    0.101024783,
    1.3685548,
    2.049234147,
    1.013504642,
    0.02871719,
    0.272111266,
    0.58754012,
    0.67880747,
    0.319754004,
    0.130617422,
    0.897813977,
    0.308113869,
    0.542943131,
    1.147990401,
    0.778180931,
    0.226185155,
    0.287662134,
    0.618853646,
    0.358316682,
    2.002503599,
    0.579744922,
    0.726134783,
    0.537260157,
    1.191113325,
    2.310789315,
    0.235153257,
    4.771723168,
    0.268460939,
    1.036737605,
