{
  "model": "meta-llama/Llama-4-Scout-17B-16E-Instruct",
  "distribution": "FDistribution(dfn={dfn}, dfd={dfd})",
  "mode": "batch_generation",
  "generation_time": 77.75477957725525,
  "statistics": {
    "requested_samples": 1000,
    "total_samples": 545,
    "deviation_pct": -45.2,
    "unique_values": 225,
    "unique_rate": 41.058394160583944,
    "mean": 1.0180880733944953,
    "std": 0.29721549273853665,
    "min": 0.051,
    "max": 2.431,
    "ks_statistic": 0.29593938473434417,
    "ks_pvalue": 4.921575353238618e-43
  },
  "samples": [
    0.352,
    1.192,
    0.051,
    0.694,
    1.416,
    2.431,
    0.227,
    1.049,
    0.785,
    0.463,
    1.814,
    0.882,
    1.509,
    2.114,
    0.617,
    1.135,
    0.289,
    1.846,
    1.056,
    0.913,
    0.398,
    1.442,
    1.671,
    0.759,
    0.837,
    1.193,
    0.593,
    1.257,
    1.989,
    1.046,
    0.686,
    0.503,
    1.529,
    1.216,
    0.314,
    0.963,
    1.621,
    1.383,
    0.817,
    0.731,
    1.258,
    1.902,
    0.456,
    1.141,
    1.013,
    0.559,
    1.315,
    0.821,
    1.616,
    0.891,
    0.542,
    1.465,
    0.935,
    1.347,
    0.667,
    0.805,
    0.676,
    1.615,
    0.845,
    0.728,
    1.253,
    0.617,
    1.982,
    1.154,
    0.939,
    1.826,
    1.258,
    1.458,
    0.765,
    1.241,
    0.851,
    1.205,
    0.774,
    1.089,
    1.278,
    1.481,
    0.883,
    0.935,
    1.274,
    0.467,
    0.988,
    0.825,
    1.431,
    1.052,
    0.957,
    0.514,
    1.173,
    1.793,
    0.964,
    0.847,
    0.787,
    1.202,
    0.915,
    1.382,
    0.697,
    1.303,
    0.935,
    0.962,
    0.632,
    1.215,
    0.938,
    0.987,
    0.781,
    1.394,
    0.725,
    1.055,
    1.509,
    0.776,
    1.321,
    1.117,
    0.989,
    1.228,
    0.864,
    0.725,
    0.986,
    1.174,
    1.152,
    0.953,
    1.397,
    0.762,
    1.313,
    1.194,
    0.888,
    0.901,
    0.585,
    0.977,
    1.267,
    0.942,
    0.932,
    0.807,
    0.875,
    1.056,
    1.193,
    1.054,
    1.243,
    0.728,
    1.416,
    0.842,
    1.064,
    1.369,
    0.892,
    0.925,
    0.809,
    0.991,
    1.096,
    1.372,
    1.157,
    1.074,
    0.743,
    0.932,
    0.897,
    0.864,
    1.141,
    0.937,
    1.204,
    1.274,
    0.982,
    0.952,
    0.966,
    0.815,
    1.049,
    1.263,
    0.867,
    0.901,
    1.026,
    0.935,
    1.267,
    0.835,
    0.989,
    0.848,
    0.919,
    0.905,
    1.033,
    0.872,
    0.895,
    1.128,
    0.751,
    1.119,
    0.883,
    0.997,
    0.901,
    0.964,
    1.198,
    1.222,
    0.962,
    1.049,
    1.232,
    0.789,
    0.901,
    0.989,
    1.037,
    0.951,
    0.799,
    1.141,
    1.065,
    0.993,
    1.177,
    1.161,
    0.841,
    1.082,
    1.208,
    0.87,
    0.97,
    1.036,
    0.895,
    0.964,
    1.052,
    0.989,
    0.865,
    0.933,
    1.124,
    1.063,
    1.165,
    1.091,
    0.958,
    0.995,
    1.027,
    0.941,
    0.925,
    0.907,
    0.999,
    0.879,
    0.989,
    0.87,
    0.904,
    1.059,
    0.936,
    0.982,
    0.96,
    0.977,
    0.971,
    0.871,
    0.893,
    1.036,
    0.935,
    1.055,
    0.961,
    1.121,
    1.128,
    0.885,
    1.061,
    0.887,
    0.945,
    0.895,
    0.971,
    0.866,
    1.032,
    1.044,
    0.922,
    0.94,
    0.881,
    0.922,
    0.942,
    0.896,
    0.954,
    0.961,
    1.029,
    1.024,
    0.978,
    1.009,
    1.004,
    0.944,
    0.933,
    0.894,
    0.923,
    0.956,
    0.944,
    0.936,
    0.973,
    0.934,
    0.934,
    0.971,
    0.88,
    0.352,
    1.192,
    0.051,
    0.694,
    1.416,
    2.431,
    0.227,
    1.049,
    0.785,
    0.463,
    1.814,
    0.882,
    1.509,
    2.114,
    0.617,
    1.135,
    0.289,
    1.846,
    1.056,
    0.913,
    0.398,
    1.442,
    1.671,
    0.759,
    0.837,
    1.193,
    0.593,
    1.257,
    1.989,
    1.046,
    0.686,
    0.503,
    1.529,
    1.216,
    0.314,
    0.963,
    1.621,
    1.383,
    0.817,
    0.731,
    1.258,
    1.902,
    0.456,
    1.141,
    1.013,
    0.559,
    1.315,
    0.821,
    1.616,
    0.891,
    0.542,
    1.465,
    0.935,
    1.347,
    0.667,
    0.805,
    0.676,
    1.615,
    0.845,
    0.728,
    1.253,
    0.617,
    1.982,
    1.154,
    0.939,
    1.826,
    1.258,
    1.458,
    0.765,
    1.241,
    0.851,
    1.205,
    0.774,
    1.089,
    1.278,
    1.481,
    0.883,
    0.935,
    1.274,
    0.467,
    0.988,
    0.825,
    1.431,
    1.052,
    0.957,
    0.514,
    1.173,
    1.793,
    0.964,
    0.847,
    0.787,
    1.202,
    0.915,
    1.382,
    0.697,
    1.303,
    0.935,
    0.962,
    0.632,
    1.215,
    0.938,
    0.987,
    0.781,
    1.394,
    0.725,
    1.055,
    1.509,
    0.776,
    1.321,
    1.117,
    0.989,
    1.228,
    0.864,
    0.725,
    0.986,
    1.174,
    1.152,
    0.953,
    1.397,
    0.762,
    1.313,
    1.194,
    0.888,
    0.901,
    0.585,
    0.977,
    1.267,
    0.942,
    0.932,
    0.807,
    0.875,
    1.056,
    1.193,
    1.054,
    1.243,
    0.728,
    1.416,
    0.842,
    1.064,
    1.369,
    0.892,
    0.925,
    0.809,
    0.991,
    1.096,
    1.372,
    1.157,
    1.074,
    0.743,
    0.932,
    0.897,
    0.864,
    1.141,
    0.937,
    1.204,
    1.274,
    0.982,
    0.952,
    0.966,
    0.815,
    1.049,
    1.263,
    0.867,
    0.901,
    1.026,
    0.935,
    1.267,
    0.835,
    0.989,
    0.848,
    0.919,
    0.905,
    1.033,
    0.872,
    0.895,
    1.128,
    0.751,
    1.119,
    0.883,
    0.997,
    0.901,
    0.964,
    1.198,
    1.222,
    0.962,
    1.049,
    1.232,
    0.789,
    0.901,
    0.989,
    1.037,
    0.951,
    0.799,
    1.141,
    1.065,
    0.993,
    1.177,
    1.161,
    0.841,
    1.082,
    1.208,
    0.87,
    0.97,
    1.036,
    0.895,
    0.964,
    1.052,
    0.989,
    0.865,
    0.933,
    1.124,
    1.063,
    1.165,
    1.091,
    0.958,
    0.995,
    1.027,
    0.941,
    0.925,
    0.907,
    0.999,
    0.879,
    0.989,
    0.87,
    0.904,
    1.059,
    0.936,
    0.982,
    0.96,
    0.977,
    0.971,
    0.871,
    0.893,
    1.036,
    0.935,
    1.055,
    0.961,
    1.121,
    1.128,
    0.885,
    1.061,
    0.887,
    0.945,
    0.895,
    0.971,
    0.866,
    1.032,
    1.044,
    0.922,
    0.94,
    0.881,
    0.922,
    0.942,
    0.896,
    0.954,
    0.961,
    1.029,
    1.024,
    0.978,
    1.009,
    1.004,
    0.944,
    0.933,
    0.894,
    0.923,
    0.956,
    0.944,
    0.936,
    0.973,
    0.934,
    0.971,
    0.88
  ],
  "timestamp": "2025-11-23 17:42:35"
}