{
  "model": "mistralai/Mistral-Small-3.2-24B-Instruct-2506",
  "distribution": "FDistribution(dfn={dfn}, dfd={dfd})",
  "mode": "batch_generation",
  "generation_time": 106.09203624725342,
  "statistics": {
    "requested_samples": 1000,
    "total_samples": 551,
    "deviation_pct": -44.800000000000004,
    "unique_values": 41,
    "unique_rate": 7.427536231884058,
    "mean": 0.5440780399274048,
    "std": 0.5375220109354392,
    "min": 0.111,
    "max": 10.0,
    "ks_statistic": 0.4159177354836297,
    "ks_pvalue": 5.575092614369603e-87
  },
  "samples": [
    5.0,
    10.0,
    0.312,
    0.154,
    0.875,
    0.432,
    0.221,
    0.654,
    0.983,
    0.333,
    0.555,
    0.777,
    0.212,
    0.444,
    0.666,
    0.888,
    1.222,
    0.256,
    0.378,
    0.594,
    0.724,
    0.213,
    0.333,
    0.555,
    0.777,
    1.021,
    0.222,
    0.345,
    0.666,
    0.999,
    0.211,
    0.456,
    0.789,
    0.223,
    0.334,
    0.567,
    0.891,
    0.112,
    0.345,
    0.678,
    1.234,
    0.111,
    0.222,
    0.444,
    0.666,
    0.999,
    0.221,
    0.333,
    0.555,
    0.777,
    0.123,
    0.234,
    0.456,
    0.789,
    1.123,
    0.222,
    0.333,
    0.555,
    0.777,
    0.999,
    0.111,
    0.222,
    0.444,
    0.666,
    0.888,
    0.221,
    0.333,
    0.555,
    0.777,
    0.123,
    0.234,
    0.456,
    0.789,
    1.123,
    0.222,
    0.333,
    0.555,
    0.777,
    0.999,
    0.111,
    0.222,
    0.444,
    0.666,
    0.888,
    0.221,
    0.333,
    0.555,
    0.777,
    0.123,
    0.234,
    0.456,
    0.789,
    1.123,
    0.222,
    0.333,
    0.555,
    0.777,
    0.999,
    0.111,
    0.222,
    0.444,
    0.666,
    0.888,
    0.221,
    0.333,
    0.555,
    0.777,
    0.123,
    0.234,
    0.456,
    0.789,
    1.123,
    0.222,
    0.333,
    0.555,
    0.777,
    0.999,
    0.111,
    0.222,
    0.444,
    0.666,
    0.888,
    0.221,
    0.333,
    0.555,
    0.777,
    0.123,
    0.234,
    0.456,
    0.789,
    1.123,
    0.222,
    0.333,
    0.555,
    0.777,
    0.999,
    0.111,
    0.222,
    0.444,
    0.666,
    0.888,
    0.221,
    0.333,
    0.555,
    0.777,
    0.123,
    0.234,
    0.456,
    0.789,
    1.123,
    0.222,
    0.333,
    0.555,
    0.777,
    0.999,
    0.111,
    0.222,
    0.444,
    0.666,
    0.888,
    0.221,
    0.333,
    0.555,
    0.777,
    0.123,
    0.234,
    0.456,
    0.789,
    1.123,
    0.222,
    0.333,
    0.555,
    0.777,
    0.999,
    0.111,
    0.222,
    0.444,
    0.666,
    0.888,
    0.221,
    0.333,
    0.555,
    0.777,
    0.123,
    0.234,
    0.456,
    0.789,
    1.123,
    0.222,
    0.333,
    0.555,
    0.777,
    0.999,
    0.111,
    0.222,
    0.444,
    0.666,
    0.888,
    0.221,
    0.333,
    0.555,
    0.777,
    0.123,
    0.234,
    0.456,
    0.789,
    1.123,
    0.222,
    0.333,
    0.555,
    0.777,
    0.999,
    0.111,
    0.222,
    0.444,
    0.666,
    0.888,
    0.221,
    0.333,
    0.555,
    0.777,
    0.123,
    0.234,
    0.456,
    0.789,
    1.123,
    0.222,
    0.333,
    0.555,
    0.777,
    0.999,
    0.111,
    0.222,
    0.444,
    0.666,
    0.888,
    0.221,
    0.333,
    0.555,
    0.777,
    0.123,
    0.234,
    0.456,
    0.789,
    1.123,
    0.222,
    0.333,
    0.555,
    0.777,
    0.999,
    0.111,
    0.222,
    0.444,
    0.666,
    0.888,
    0.221,
    0.333,
    0.555,
    0.777,
    0.123,
    0.234,
    0.456,
    0.789,
    1.123,
    0.222,
    0.333,
    0.555,
    0.777,
    0.999,
    0.111,
    0.222,
    0.444,
    0.666,
    0.888,
    0.221,
    0.333,
    0.555,
    0.777,
    0.123,
    0.234,
    0.456,
    0.789,
    1.123,
    0.222,
    0.333,
    0.555,
    0.777,
    0.999,
    0.111,
    0.222,
    0.444,
    0.666,
    0.888,
    0.221,
    0.333,
    0.555,
    0.777,
    0.123,
    0.234,
    0.456,
    0.789,
    1.123,
    0.222,
    0.333,
    0.555,
    0.777,
    0.999,
    0.111,
    0.222,
    0.444,
    0.666,
    0.888,
    0.221,
    0.333,
    0.555,
    0.777,
    0.123,
    0.234,
    0.456,
    0.789,
    1.123,
    0.222,
    0.333,
    0.555,
    0.777,
    0.999,
    0.111,
    0.222,
    0.444,
    0.666,
    0.888,
    0.221,
    0.333,
    0.555,
    0.777,
    0.123,
    0.234,
    0.456,
    0.789,
    1.123,
    0.222,
    0.333,
    0.555,
    0.777,
    0.999,
    0.111,
    0.222,
    0.444,
    0.666,
    0.888,
    0.221,
    0.333,
    0.555,
    0.777,
    0.123,
    0.234,
    0.456,
    0.789,
    1.123,
    0.222,
    0.333,
    0.555,
    0.777,
    0.999,
    0.111,
    0.222,
    0.444,
    0.666,
    0.888,
    0.221,
    0.333,
    0.555,
    0.777,
    0.123,
    0.234,
    0.456,
    0.789,
    1.123,
    0.222,
    0.333,
    0.555,
    0.777,
    0.999,
    0.111,
    0.222,
    0.444,
    0.666,
    0.888,
    0.221,
    0.333,
    0.555,
    0.777,
    0.123,
    0.234,
    0.456,
    0.789,
    1.123,
    0.222,
    0.333,
    0.555,
    0.777,
    0.999,
    0.111,
    0.222,
    0.444,
    0.666,
    0.888,
    0.221,
    0.333,
    0.555,
    0.777,
    0.123,
    0.234,
    0.456,
    0.789,
    1.123,
    0.222,
    0.333,
    0.555,
    0.777,
    0.999,
    0.111,
    0.222,
    0.444,
    0.666,
    0.888,
    0.221,
    0.333,
    0.555,
    0.777,
    0.123,
    0.234,
    0.456,
    0.789,
    1.123,
    0.222,
    0.333,
    0.555,
    0.777,
    0.999,
    0.111,
    0.222,
    0.444,
    0.666,
    0.888,
    0.221,
    0.333,
    0.555,
    0.777,
    0.123,
    0.234,
    0.456,
    0.789,
    1.123,
    0.222,
    0.333,
    0.555,
    0.777,
    0.999,
    0.111,
    0.222,
    0.444,
    0.666,
    0.888,
    0.221,
    0.333,
    0.555,
    0.777,
    0.123,
    0.234,
    0.456,
    0.789,
    1.123,
    0.222,
    0.333,
    0.555,
    0.777,
    0.999,
    0.111,
    0.222,
    0.444,
    0.666,
    0.888,
    0.221,
    0.333,
    0.555,
    0.777,
    0.123,
    0.234,
    0.456,
    0.789,
    1.123,
    0.222,
    0.333,
    0.555,
    0.777,
    0.999,
    0.111,
    0.222,
    0.444,
    0.666,
    0.888,
    0.221,
    0.333,
    0.555,
    0.777,
    0.123,
    0.234,
    0.456,
    0.789,
    1.123,
    0.222,
    0.333,
    0.555,
    0.777,
    0.999,
    0.111,
    0.222,
    0.444,
    0.666,
    0.888,
    0.221,
    0.333,
    0.555,
    0.777,
    0.123,
    0.234,
    0.456,
    0.789,
    1.123,
    0.222,
    0.333,
    0.555,
    0.777,
    0.999,
    0.111,
    0.222,
    0.444,
    0.666,
    0.888,
    0.221,
    0.333,
    0.555,
    0.777,
    0.123,
    0.234,
    0.456,
    0.789,
    1.123,
    0.222,
    0.333
  ],
  "timestamp": "2025-11-23 17:58:29"
}