{
  "model": "moonshotai/Kimi-K2-Instruct-0905",
  "distribution": "FDistribution(dfn={dfn}, dfd={dfd})",
  "mode": "batch_generation",
  "generation_time": 105.69068145751953,
  "statistics": {
    "requested_samples": 1000,
    "total_samples": 489,
    "deviation_pct": -51.1,
    "unique_values": 79,
    "unique_rate": 16.155419222903884,
    "mean": 2.0134795501022493,
    "std": 1.39132221123742,
    "min": 0.3214,
    "max": 5.9876,
    "ks_statistic": 0.2975485822805753,
    "ks_pvalue": 7.062594239610435e-39
  },
  "samples": [
    0.5891,
    2.1347,
    0.4238,
    1.8923,
    0.9824,
    0.6712,
    3.4567,
    1.1234,
    0.7823,
    2.8901,
    0.3456,
    1.5678,
    4.1234,
    0.9123,
    0.5432,
    2.3456,
    1.789,
    0.6789,
    3.2109,
    0.4567,
    1.2345,
    2.6789,
    0.8901,
    0.3214,
    5.6789,
    1.0987,
    0.7654,
    1.5432,
    3.8765,
    0.4321,
    2.1098,
    0.9876,
    1.6543,
    4.5678,
    0.789,
    2.4321,
    0.5678,
    1.3456,
    3.1234,
    0.8765,
    2.2109,
    0.6543,
    1.4321,
    5.1234,
    0.789,
    1.8765,
    2.3456,
    0.5432,
    3.9876,
    1.2345,
    0.6789,
    2.5678,
    0.8901,
    1.4567,
    4.321,
    0.7654,
    2.1098,
    1.5678,
    0.4321,
    3.2109,
    0.9087,
    2.3456,
    1.1234,
    0.6543,
    4.5678,
    1.789,
    0.8765,
    2.4321,
    0.5678,
    1.3456,
    3.9876,
    0.789,
    2.2109,
    0.5432,
    1.6543,
    5.4321,
    0.8765,
    1.2345,
    2.6789,
    0.9087,
    3.4567,
    1.0987,
    0.7654,
    2.1098,
    1.5432,
    0.4321,
    4.1234,
    2.5678,
    0.789,
    1.8765,
    3.2109,
    0.6543,
    2.3456,
    1.1234,
    0.5678,
    5.6789,
    0.8901,
    1.4321,
    2.8765,
    0.7654,
    3.1234,
    1.5678,
    0.5432,
    2.9876,
    0.6789,
    1.789,
    4.2109,
    2.3456,
    0.8765,
    1.2345,
    0.4321,
    3.6543,
    1.9087,
    0.7654,
    2.5678,
    1.1234,
    0.8901,
    4.321,
    2.1098,
    0.6543,
    1.4567,
    3.789,
    0.5432,
    2.2345,
    1.6789,
    0.8765,
    5.1234,
    2.4321,
    0.7654,
    1.3456,
    3.9876,
    0.6543,
    2.1098,
    1.5678,
    0.789,
    4.5678,
    2.2109,
    0.5432,
    1.8765,
    3.3456,
    0.9087,
    2.1234,
    0.6789,
    1.4321,
    5.6789,
    2.5678,
    0.7654,
    1.2345,
    3.8765,
    0.5432,
    2.3456,
    1.6543,
    0.8901,
    4.2109,
    2.1098,
    0.5678,
    1.789,
    3.4321,
    0.7654,
    2.9876,
    1.1234,
    0.6543,
    5.1234,
    2.6789,
    0.8765,
    1.3456,
    3.2109,
    0.4321,
    2.5678,
    1.9087,
    0.789,
    4.6543,
    2.2345,
    0.5432,
    1.8765,
    3.789,
    0.7654,
    2.1234,
    1.5678,
    0.8901,
    5.4321,
    2.3456,
    0.6543,
    1.4321,
    3.9876,
    0.5678,
    2.8765,
    1.2345,
    0.7654,
    4.1098,
    2.5678,
    0.5432,
    1.6789,
    3.3456,
    0.9087,
    2.2109,
    1.789,
    0.6543,
    5.6789,
    2.4321,
    0.8765,
    1.1234,
    3.5678,
    0.4321,
    2.9876,
    1.6543,
    0.789,
    4.2109,
    2.3456,
    0.5432,
    1.8765,
    3.1234,
    0.7654,
    2.6789,
    1.9087,
    0.6543,
    5.1234,
    2.1098,
    0.8901,
    1.5678,
    3.4321,
    0.5678,
    2.2345,
    1.789,
    0.8765,
    4.5678,
    2.321,
    0.5432,
    1.6543,
    3.8765,
    0.7654,
    2.4567,
    1.2345,
    0.9087,
    5.9876,
    2.6789,
    0.6543,
    1.4321,
    3.2109,
    0.5432,
    2.789,
    1.8765,
    0.7654,
    4.3456,
    2.5678,
    0.4321,
    1.1234,
    3.6543,
    0.8901,
    2.2109,
    1.5678,
    0.6543,
    5.4321,
    2.8765,
    0.7654,
    1.3456,
    3.9876,
    0.5432,
    2.1098,
    1.789,
    0.8765,
    4.1234,
    2.3456,
    0.5678,
    1.9087,
    3.6789,
    0.6543,
    2.4321,
    1.2345,
    0.789,
    5.2109,
    2.5678,
    0.8765,
    1.6543,
    3.3456,
    0.4321,
    2.9876,
    1.789,
    0.5432,
    4.5678,
    2.1234,
    0.7654,
    1.4567,
    3.789,
    0.9087,
    2.6789,
    1.2345,
    0.6543,
    5.8765,
    2.3456,
    0.5432,
    1.8765,
    3.4321,
    0.7654,
    2.2109,
    1.5678,
    0.8901,
    4.6543,
    2.789,
    0.6543,
    1.1234,
    3.8765,
    0.4321,
    2.4567,
    1.9087,
    0.7654,
    5.1234,
    2.5678,
    0.5432,
    1.6789,
    3.2109,
    0.8765,
    2.3456,
    1.4321,
    0.6543,
    4.9876,
    2.1098,
    0.789,
    1.5678,
    3.6543,
    0.5432,
    2.8765,
    1.2345,
    0.7654,
    5.4321,
    2.321,
    0.9087,
    1.789,
    3.1234,
    0.5678,
    2.6543,
    1.8765,
    0.4321,
    4.2109,
    2.9876,
    0.6543,
    1.3456,
    3.5678,
    0.7654,
    2.2345,
    1.9087,
    0.5432,
    5.6789,
    2.4567,
    0.8765,
    1.6543,
    3.789,
    0.4321,
    2.1234,
    1.5678,
    0.789,
    4.3456,
    2.6789,
    0.5432,
    1.8765,
    3.4321,
    0.7654,
    2.1098,
    1.2345,
    0.9087,
    5.2109,
    2.5678,
    0.6543,
    1.789,
    3.9876,
    0.5432,
    2.4321,
    1.8765,
    0.7654,
    4.1234,
    2.3456,
    0.5678,
    1.6543,
    3.6789,
    0.8901,
    2.2109,
    1.1234,
    0.4321,
    5.8765,
    2.789,
    0.7654,
    1.4567,
    3.3456,
    0.5432,
    2.5678,
    1.9087,
    0.6543,
    4.4321,
    2.2345,
    0.8765,
    1.2345,
    3.789,
    0.5678,
    2.9876,
    1.6789,
    0.7654,
    5.1234,
    2.3456,
    0.5432,
    1.5432,
    3.2109,
    0.9087,
    2.6789,
    1.8765,
    0.4321,
    4.5678,
    2.1234,
    0.6543,
    1.789,
    3.8765,
    0.7654,
    2.3456,
    1.2345,
    0.5432,
    5.4321,
    2.8765,
    0.789,
    1.5678,
    3.4321,
    0.6543,
    2.1098,
    1.9087,
    0.7654,
    4.2109,
    2.5678,
    0.4321,
    1.8765,
    3.6543,
    0.5432,
    2.2345,
    1.3456,
    0.8901,
    5.6789,
    2.4567,
    0.7654,
    1.1234,
    3.9876,
    0.5678,
    2.6789,
    1.789,
    0.6543,
    4.321,
    2.1098,
    0.8765,
    1.6543,
    3.2345,
    0.4321,
    2.5678,
    1.9087,
    0.7654,
    5.8765,
    2.3456,
    0.5432,
    1.4567,
    3.789,
    0.6543,
    2.2109,
    1.5678,
    0.789,
    4.5432,
    2.6789,
    0.7654,
    1.2345,
    3.3456,
    0.4321,
    2.9876,
    1.8765,
    0.5432,
    5.1234,
    2.4321,
    0.9087,
    1.789,
    3.5678,
    0.6543,
    2.1234,
    1.6543,
    0.7654,
    4.8765,
    2.3456,
    0.5678,
    1.4321,
    3.2109,
    0.8765,
    2.789,
    1.2345,
    0.5432,
    5.4321,
    2.5678,
    0.7654
  ],
  "timestamp": "2025-11-23 18:00:16"
}