{
  "model": "Qwen/Qwen3-32B",
  "distribution": "FDistribution(dfn={dfn}, dfd={dfd})",
  "mode": "batch_generation",
  "generation_time": 133.10623598098755,
  "statistics": {
    "requested_samples": 1000,
    "total_samples": 903,
    "deviation_pct": -9.700000000000001,
    "unique_values": 832,
    "unique_rate": 92.13732004429679,
    "mean": 1.1769767441860464,
    "std": 0.37605884881680873,
    "min": 0.589,
    "max": 2.157,
    "ks_statistic": 0.3052290573081021,
    "ks_pvalue": 3.658332280120415e-75
  },
  "samples": [
    1.043,
    1.327,
    0.589,
    1.876,
    2.103,
    0.952,
    1.456,
    0.762,
    1.605,
    0.894,
    1.258,
    0.673,
    1.832,
    1.029,
    0.754,
    1.508,
    0.902,
    1.431,
    2.157,
    0.684,
    1.319,
    1.124,
    0.837,
    1.789,
    1.205,
    0.714,
    1.672,
    1.049,
    0.968,
    1.593,
    1.421,
    2.018,
    0.776,
    1.285,
    0.668,
    1.814,
    1.093,
    0.941,
    1.486,
    1.654,
    0.841,
    1.376,
    0.727,
    1.563,
    0.691,
    1.182,
    1.974,
    1.067,
    0.812,
    1.362,
    1.625,
    0.735,
    1.473,
    0.855,
    1.195,
    0.756,
    1.519,
    1.893,
    1.223,
    0.972,
    1.386,
    0.621,
    1.728,
    0.764,
    1.083,
    1.418,
    1.107,
    0.933,
    1.512,
    0.689,
    1.269,
    0.791,
    1.642,
    1.325,
    0.831,
    1.459,
    0.748,
    1.176,
    0.956,
    1.667,
    1.016,
    0.879,
    1.218,
    1.924,
    0.705,
    1.391,
    0.721,
    1.581,
    1.032,
    1.614,
    0.853,
    1.447,
    0.634,
    1.249,
    1.845,
    0.969,
    1.113,
    0.782,
    1.498,
    0.887,
    1.692,
    1.237,
    0.718,
    1.346,
    0.609,
    1.753,
    1.079,
    0.915,
    1.468,
    0.769,
    1.537,
    0.698,
    1.155,
    1.356,
    1.054,
    0.823,
    1.572,
    1.802,
    0.737,
    1.291,
    0.758,
    1.639,
    1.381,
    0.892,
    1.168,
    0.642,
    1.439,
    1.271,
    0.772,
    1.601,
    0.987,
    1.134,
    0.801,
    1.528,
    0.653,
    1.364,
    0.749,
    1.425,
    0.795,
    1.199,
    1.932,
    0.847,
    1.214,
    1.985,
    0.789,
    1.403,
    0.624,
    1.331,
    0.761,
    1.741,
    0.927,
    1.629,
    0.819,
    1.545,
    0.716,
    1.142,
    0.618,
    1.865,
    1.308,
    0.905,
    1.476,
    0.859,
    1.594,
    1.068,
    0.679,
    1.225,
    1.735,
    0.729,
    1.378,
    0.83,
    1.099,
    0.948,
    1.483,
    0.767,
    1.125,
    0.965,
    1.649,
    0.688,
    1.282,
    0.824,
    1.501,
    1.907,
    0.731,
    1.412,
    0.929,
    1.612,
    1.013,
    0.722,
    1.351,
    0.872,
    1.713,
    0.692,
    1.203,
    1.588,
    0.813,
    0.648,
    1.441,
    0.752,
    1.162,
    0.701,
    1.657,
    1.915,
    1.088,
    0.793,
    1.399,
    0.66,
    1.255,
    0.867,
    1.533,
    1.428,
    0.919,
    1.173,
    0.787,
    1.721,
    1.021,
    0.882,
    1.506,
    1.342,
    0.637,
    1.631,
    0.937,
    1.263,
    1.318,
    0.733,
    1.147,
    0.848,
    1.676,
    1.058,
    0.706,
    1.549,
    1.159,
    0.774,
    1.296,
    0.899,
    1.799,
    1.699,
    0.677,
    1.272,
    1.187,
    1.489,
    0.742,
    1.365,
    0.97,
    1.566,
    1.044,
    0.863,
    1.761,
    0.712,
    1.197,
    0.655,
    1.316,
    0.851,
    1.494,
    1.856,
    0.832,
    1.371,
    0.944,
    1.551,
    1.217,
    0.753,
    1.685,
    0.632,
    1.135,
    0.775,
    1.929,
    0.827,
    1.239,
    1.395,
    0.699,
    1.709,
    0.794,
    1.128,
    1.599,
    0.817,
    1.436,
    0.906,
    1.638,
    1.076,
    0.662,
    1.521,
    0.725,
    1.206,
    1.774,
    0.845,
    1.389,
    0.646,
    1.458,
    1.101,
    0.757,
    1.617,
    1.152,
    0.989,
    1.336,
    0.891,
    1.515,
    1.87,
    0.797,
    1.229,
    0.703,
    1.648,
    0.656,
    1.398,
    1.558,
    0.873,
    1.184,
    0.739,
    1.756,
    0.762,
    1.287,
    1.041,
    0.824,
    1.492,
    1.034,
    0.683,
    1.354,
    1.19,
    0.88,
    1.574,
    1.823,
    0.724,
    1.443,
    0.64,
    1.304,
    0.783,
    1.627,
    1.069,
    0.958,
    1.144,
    0.815,
    1.41,
    1.965,
    0.745,
    1.369,
    0.71,
    1.524,
    0.673,
    1.131,
    1.292,
    0.865,
    1.717,
    0.738,
    1.607,
    0.857,
    1.165,
    1.092,
    0.971,
    1.58,
    0.768,
    1.207,
    1.861,
    0.665,
    1.429,
    0.804,
    1.372,
    1.059,
    0.931,
    1.715,
    0.75,
    1.407,
    0.612,
    1.751,
    1.31,
    0.875,
    1.212,
    1.003,
    0.694,
    1.547,
    1.732,
    0.707,
    1.335,
    0.838,
    1.435,
    1.655,
    0.786,
    1.188,
    0.659,
    1.286,
    0.94,
    1.668,
    1.454,
    0.709,
    1.467,
    1.846,
    0.732,
    1.198,
    1.017,
    1.755,
    0.816,
    1.236,
    0.779,
    1.502,
    0.633,
    1.834,
    0.85,
    1.675,
    0.766,
    1.478,
    0.922,
    1.169,
    1.274,
    0.741,
    1.624,
    0.896,
    1.56,
    1.807,
    0.658,
    1.347,
    0.959,
    1.405,
    1.084,
    0.84,
    1.786,
    1.268,
    0.678,
    1.609,
    0.765,
    1.53,
    1.352,
    0.751,
    1.156,
    0.829,
    1.69,
    0.821,
    1.257,
    1.912,
    0.798,
    1.414,
    0.686,
    1.38,
    0.961,
    1.529,
    1.793,
    0.743,
    1.238,
    1.008,
    1.644,
    0.844,
    1.132,
    0.704,
    1.744,
    0.874,
    1.464,
    1.851,
    0.776,
    1.148,
    1.321,
    0.856,
    1.42,
    0.625,
    1.602,
    0.785,
    1.585,
    1.49,
    0.81,
    1.265,
    0.91,
    1.764,
    0.759,
    1.231,
    0.755,
    1.48,
    1.54,
    0.666,
    1.337,
    1.226,
    1.731,
    0.868,
    1.288,
    0.796,
    1.108,
    0.615,
    1.424,
    0.723,
    1.116,
    1.597,
    0.945,
    1.366,
    0.636,
    1.67,
    1.071,
    0.888,
    1.432,
    1.689,
    0.763,
    1.299,
    0.802,
    1.578,
    0.674,
    0.897,
    1.279,
    0.953,
    1.474,
    0.708,
    1.367,
    0.984,
    1.379,
    1.319,
    0.652,
    1.301,
    0.924,
    1.813,
    0.746,
    1.628,
    0.788,
    1.523,
    1.177,
    0.871,
    1.446,
    1.215,
    0.691,
    1.247,
    0.799,
    1.552,
    1.841,
    0.79,
    1.791,
    0.861,
    1.636,
    1.174,
    0.7,
    1.326,
    1.077,
    1.228,
    0.907,
    1.457,
    0.68,
    1.298,
    1.15,
    1.348,
    1.103,
    0.763,
    1.659,
    0.811,
    1.769,
    0.839,
    1.121,
    1.89,
    0.649,
    1.462,
    0.89,
    1.598,
    0.876,
    1.343,
    1.185,
    0.754,
    1.25,
    0.74,
    1.227,
    0.777,
    1.635,
    1.484,
    0.73,
    1.684,
    0.617,
    1.11,
    1.778,
    0.883,
    1.577,
    0.702,
    1.419,
    1.208,
    0.858,
    1.194,
    1.097,
    0.671,
    1.646,
    1.233,
    0.767,
    1.845,
    0.846,
    1.213,
    1.983,
    0.884,
    1.411,
    0.943,
    1.662,
    1.085,
    0.809,
    1.673,
    0.681,
    1.179,
    0.752,
    1.844,
    0.828,
    1.34,
    1.526,
    0.934,
    1.253,
    0.995,
    1.771,
    0.693,
    1.426,
    0.792,
    1.645,
    1.406,
    0.736,
    1.388,
    1.719,
    0.628,
    1.375,
    0.664,
    1.14,
    1.471,
    0.726,
    1.987,
    0.744,
    1.143,
    1.267,
    0.778,
    1.573,
    0.856,
    1.727,
    1.283,
    0.805,
    1.65,
    0.715,
    1.096,
    1.437,
    0.893,
    1.538,
    1.149,
    1.745,
    0.82,
    1.355,
    0.859,
    1.696,
    1.055,
    0.795,
    1.687,
    0.862,
    1.324,
    1.427,
    0.665,
    1.224,
    1.754,
    0.756,
    1.568,
    0.982,
    1.409,
    0.881,
    1.722,
    0.98,
    1.276,
    0.957,
    1.54,
    1.52,
    0.709,
    1.22,
    0.76,
    1.616,
    1.357,
    0.825,
    1.243,
    0.638,
    1.196,
    0.742,
    1.803,
    1.298,
    0.942,
    1.798,
    0.852,
    1.465,
    0.996,
    1.475,
    1.61,
    0.644,
    1.452,
    1.01,
    1.766,
    0.703,
    1.306,
    1.216,
    0.822,
    1.641,
    1.12,
    0.966,
    1.433,
    0.695,
    1.697,
    0.8,
    1.544,
    1.482,
    0.77,
