{
  "model": "google/gemma-3-27b-it",
  "distribution": "Weibull(shape={shape}, scale={scale})",
  "mode": "batch_generation",
  "generation_time": 228.93694353103638,
  "statistics": {
    "requested_samples": 1000,
    "total_samples": 693,
    "deviation_pct": -30.7,
    "unique_values": 395,
    "unique_rate": 56.99855699855701,
    "mean": 0.9203142049062049,
    "std": 0.5121431220041017,
    "min": 0.07,
    "max": 1.96875,
    "ks_statistic": 0.0737653180073422,
    "ks_pvalue": 0.0010032616202623945
  },
  "samples": [
    0.254607,
    0.373191,
    0.525281,
    0.818254,
    0.637938,
    1.234567,
    0.987654,
    0.123456,
    1.56789,
    0.456789,
    0.789012,
    1.123456,
    0.56789,
    1.345678,
    0.234567,
    0.890123,
    1.678901,
    0.345678,
    1.012345,
    0.678901,
    1.456789,
    0.901234,
    0.102345,
    1.234567,
    0.765432,
    1.890123,
    0.456789,
    0.54321,
    1.112233,
    0.876543,
    1.555555,
    0.21,
    0.999999,
    0.654321,
    1.333333,
    0.321,
    1.777777,
    0.555555,
    0.888888,
    1.0,
    0.444444,
    0.777777,
    1.222222,
    0.111111,
    1.666666,
    0.5,
    0.75,
    1.0625,
    0.25,
    0.9375,
    1.40625,
    0.46875,
    0.6875,
    1.1875,
    0.34375,
    1.59375,
    0.96875,
    0.171875,
    1.34375,
    0.84375,
    1.71875,
    0.515625,
    0.8125,
    1.125,
    0.390625,
    1.492187,
    1.09375,
    0.085937,
    0.40625,
    0.625,
    1.25,
    0.203125,
    0.875,
    1.5625,
    1.15625,
    0.28125,
    0.78125,
    1.40625,
    0.578125,
    1.640625,
    0.921875,
    0.140625,
    1.28125,
    0.703125,
    1.820312,
    0.476562,
    0.765625,
    1.092562,
    0.351562,
    1.578125,
    0.90625,
    0.117187,
    1.335937,
    0.667968,
    1.757812,
    0.526315,
    0.554687,
    1.171875,
    0.433593,
    0.722656,
    1.214843,
    0.185546,
    1.532226,
    0.859375,
    1.945312,
    0.695312,
    0.673437,
    1.316406,
    0.51289,
    0.71875,
    1.148437,
    0.304687,
    1.5625,
    0.9375,
    0.15625,
    1.234375,
    0.691406,
    1.796875,
    0.484375,
    0.648437,
    1.28125,
    0.367187,
    1.90625,
    1.046875,
    0.132812,
    1.171875,
    0.617187,
    1.882812,
    0.453125,
    0.59375,
    1.132812,
    0.21875,
    1.476562,
    0.882812,
    0.097656,
    1.304687,
    0.789062,
    1.726562,
    0.578125,
    0.738281,
    1.238281,
    0.414062,
    1.65625,
    0.960937,
    0.179687,
    1.34375,
    0.753906,
    1.835937,
    0.507812,
    0.790625,
    1.195312,
    0.402343,
    1.566406,
    0.929687,
    0.115234,
    1.203125,
    0.640625,
    1.863281,
    0.541015,
    0.701171,
    1.117187,
    0.285156,
    1.464843,
    0.851562,
    0.078125,
    1.269531,
    0.71875,
    1.921875,
    0.623046,
    0.644531,
    1.453125,
    0.523437,
    0.765625,
    1.234375,
    0.322265,
    1.644531,
    1.023437,
    0.123456,
    1.314453,
    0.678906,
    1.835937,
    0.498046,
    0.610156,
    1.289062,
    0.402343,
    1.578906,
    1.039062,
    0.195312,
    1.257812,
    0.734375,
    1.789062,
    0.554687,
    0.800781,
    1.164062,
    0.375,
    1.5625,
    0.984375,
    0.109375,
    1.335937,
    0.703125,
    1.84375,
    0.46875,
    0.585937,
    1.203125,
    0.34375,
    1.71875,
    0.945312,
    0.160156,
    1.195312,
    0.632812,
    1.96875,
    0.597656,
    0.75,
    1.25,
    0.40625,
    1.65625,
    1.0625,
    0.148437,
    1.125,
    0.6875,
    1.8125,
    0.515625,
    0.46875,
    1.078125,
    0.1875,
    1.53125,
    0.8125,
    0.085937,
    1.203125,
    0.796875,
    1.882812,
    0.546875,
    0.765625,
    1.15625,
    0.359375,
    1.453125,
    0.953125,
    0.137207,
    1.34375,
    0.726562,
    1.804687,
    0.433593,
    0.738281,
    1.296875,
    0.304687,
    1.773437,
    1.148437,
    0.171875,
    1.304687,
    0.738281,
    1.710937,
    0.570312,
    0.8125,
    1.132812,
    0.390625,
    1.515625,
    0.917968,
    0.125,
    1.265625,
    0.664062,
    1.929687,
    0.609375,
    0.703125,
    1.367187,
    0.453125,
    1.617187,
    0.976562,
    0.1875,
    1.367187,
    0.820312,
    1.476562,
    0.632812,
    0.703125,
    1.101562,
    0.3125,
    1.390625,
    0.921875,
    0.164062,
    1.234375,
    0.65625,
    1.859375,
    0.5625,
    0.671875,
    1.226562,
    0.367187,
    1.59375,
    1.046875,
    0.109375,
    1.289062,
    0.773437,
    1.90625,
    0.617187,
    0.59375,
    1.414062,
    0.390625,
    0.835937,
    1.117187,
    0.328125,
    1.484375,
    0.976562,
    0.09375,
    1.3125,
    0.6875,
    1.898437,
    0.5625,
    0.78125,
    1.273437,
    0.421875,
    1.664062,
    1.117187,
    0.15625,
    1.195312,
    0.742187,
    1.796875,
    0.515625,
    0.6875,
    1.09375,
    0.296875,
    1.445312,
    0.953125,
    0.117187,
    1.25,
    0.632812,
    1.875,
    0.585937,
    0.722656,
    1.28125,
    0.40625,
    1.546875,
    1.007812,
    0.125,
    1.21875,
    0.6875,
    1.875,
    0.554687,
    0.75,
    1.1875,
    0.34375,
    1.476562,
    1.101562,
    0.195312,
    1.328125,
    0.671875,
    1.833593,
    0.5,
    0.640625,
    1.0,
    0.3,
    1.7,
    0.9,
    0.1,
    1.17,
    0.69,
    1.85,
    0.54,
    0.72,
    1.34,
    0.38,
    1.56,
    1.03,
    0.1,
    1.3,
    0.65,
    1.92,
    0.58,
    0.76,
    1.12,
    0.3,
    1.56,
    0.96,
    0.15,
    1.25,
    0.65,
    1.85,
    0.55,
    0.8,
    1.14,
    0.35,
    1.49,
    0.99,
    0.17,
    1.22,
    0.7,
    1.88,
    0.53,
    0.7,
    1.17,
    0.36,
    1.53,
    1.08,
    0.13,
    1.28,
    0.72,
    1.9,
    0.6,
    0.74,
    1.29,
    0.41,
    1.59,
    1.13,
    0.19,
    1.34,
    0.75,
    1.77,
    0.52,
    0.48,
    1.16,
    0.25,
    1.61,
    0.89,
    0.08,
    1.25,
    0.69,
    1.84,
    0.5,
    0.58,
    1.12,
    0.26,
    1.52,
    0.93,
    0.14,
    1.22,
    0.7,
    1.94,
    0.62,
    0.72,
    1.3,
    0.43,
    1.65,
    1.07,
    0.16,
    1.27,
    0.73,
    1.89,
    0.57,
    0.79,
    1.17,
    0.38,
    1.55,
    0.98,
    0.12,
    1.23,
    0.63,
    1.86,
    0.55,
    0.71,
    1.1,
    0.33,
    1.63,
    1.06,
    0.11,
    1.2,
    0.69,
    1.91,
    0.49,
    0.67,
    1.26,
    0.4,
    1.64,
    1.12,
    0.2,
    1.32,
    0.77,
    1.76,
    0.51,
    0.47,
    0.93,
    0.32,
    1.47,
    0.87,
    0.08,
    1.27,
    0.68,
    1.81,
    0.53,
    0.74,
    0.99,
    0.33,
    1.53,
    1.05,
    0.14,
    1.23,
    0.64,
    1.85,
    0.61,
    0.65,
    1.35,
    0.46,
    1.72,
    1.11,
    0.18,
    1.29,
    0.76,
    1.75,
    0.49,
    0.69,
    1.07,
    0.25,
    1.44,
    0.96,
    0.09,
    1.25,
    0.75,
    1.82,
    0.54,
    0.77,
    1.19,
    0.37,
    1.54,
    0.95,
    0.17,
    1.24,
    0.71,
    1.81,
    0.58,
    0.71,
    0.92,
    0.47,
    1.49,
    1.04,
    0.1,
    1.34,
    0.68,
    1.77,
    0.47,
    0.67,
    1.32,
    0.31,
    1.63,
    0.91,
    0.16,
    1.28,
    0.66,
    1.84,
    0.58,
    0.73,
    1.08,
    0.34,
    1.54,
    1.02,
    0.13,
    1.31,
    0.71,
    1.86,
    0.6,
    0.79,
    1.2,
    0.43,
    1.57,
    0.94,
    0.15,
    1.31,
    0.67,
    1.92,
    0.58,
    0.78,
    1.37,
    0.4,
    1.66,
    1.01,
    0.17,
    1.29,
    0.74,
    1.71,
    0.51,
    0.71,
    1.34,
    0.43,
    1.61,
    0.98,
    0.19,
    1.27,
    0.76,
    1.78,
    0.55,
    0.67,
    1.16,
    0.32,
    1.52,
    0.89,
    0.1,
    1.26,
    0.65,
    1.88,
    0.48,
    0.62,
    1.28,
    0.36,
    1.67,
    1.08,
    0.15,
    1.33,
    0.71,
    1.93,
    0.61,
    0.78,
    1.26,
    0.45,
    1.56,
    0.99,
    0.16,
    1.3,
    0.69,
    1.83,
    0.55,
    0.66,
    1.19,
    0.31,
    1.64,
    0.94,
    0.09,
    1.29,
    0.68,
    1.78,
    0.47,
    0.66,
    1.31,
    0.35,
    1.64,
    1.03,
    0.14,
    1.32,
    0.73,
    1.74,
    0.53,
    0.74,
    1.05,
    0.33,
