{
  "model": "meta-llama/Llama-4-Scout-17B-16E-Instruct",
  "distribution": "Weibull(shape={shape}, scale={scale})",
  "mode": "batch_generation",
  "generation_time": 55.65636396408081,
  "statistics": {
    "requested_samples": 1000,
    "total_samples": 620,
    "deviation_pct": -38.0,
    "unique_values": 398,
    "unique_rate": 64.19354838709678,
    "mean": 0.6181516129032258,
    "std": 0.19707806506361855,
    "min": 0.028,
    "max": 1.671,
    "ks_statistic": 0.37647875762928085,
    "ks_pvalue": 1.9149724638244686e-79
  },
  "samples": [
    0.431,
    0.032,
    1.382,
    0.121,
    0.811,
    0.649,
    0.028,
    1.051,
    0.521,
    0.956,
    0.478,
    0.223,
    0.119,
    1.671,
    0.811,
    0.428,
    0.514,
    0.765,
    0.098,
    0.345,
    0.612,
    0.741,
    0.152,
    1.241,
    0.381,
    0.941,
    0.565,
    0.213,
    0.697,
    0.892,
    0.193,
    0.465,
    0.826,
    0.597,
    0.342,
    0.151,
    1.113,
    0.683,
    0.821,
    0.394,
    0.515,
    0.272,
    0.961,
    0.438,
    0.654,
    0.716,
    0.185,
    0.927,
    0.321,
    0.751,
    0.469,
    0.813,
    0.598,
    0.247,
    0.569,
    0.138,
    0.755,
    0.421,
    1.031,
    0.982,
    0.637,
    0.294,
    0.879,
    0.554,
    0.191,
    0.667,
    0.721,
    0.475,
    0.356,
    0.823,
    0.911,
    0.581,
    0.676,
    0.405,
    0.151,
    0.943,
    0.315,
    0.253,
    1.444,
    0.531,
    0.791,
    0.661,
    0.216,
    0.935,
    0.392,
    0.487,
    0.625,
    0.697,
    0.144,
    0.849,
    0.759,
    0.541,
    0.355,
    0.692,
    0.885,
    0.614,
    0.447,
    0.278,
    0.956,
    0.597,
    0.384,
    0.993,
    0.526,
    0.637,
    0.169,
    0.748,
    0.913,
    0.441,
    0.734,
    0.517,
    0.229,
    0.795,
    0.485,
    0.869,
    0.324,
    0.593,
    0.661,
    0.915,
    0.371,
    0.257,
    0.693,
    0.529,
    0.807,
    0.453,
    0.933,
    0.285,
    0.551,
    0.631,
    0.76,
    0.395,
    0.686,
    0.571,
    0.488,
    0.618,
    0.721,
    0.463,
    0.199,
    0.839,
    0.336,
    0.646,
    0.812,
    0.547,
    0.427,
    0.351,
    1.035,
    0.621,
    0.773,
    0.309,
    0.913,
    0.505,
    0.639,
    0.752,
    0.313,
    0.591,
    0.698,
    0.858,
    0.272,
    0.585,
    0.421,
    0.954,
    0.513,
    0.945,
    0.589,
    0.362,
    0.821,
    0.677,
    0.495,
    0.193,
    0.884,
    0.534,
    0.856,
    0.625,
    0.416,
    0.742,
    0.253,
    0.689,
    0.568,
    0.809,
    0.437,
    0.673,
    0.219,
    0.796,
    0.484,
    0.937,
    0.563,
    0.306,
    0.864,
    0.743,
    0.653,
    0.511,
    0.388,
    0.855,
    0.721,
    0.379,
    0.616,
    0.463,
    0.932,
    0.542,
    0.767,
    0.357,
    0.849,
    0.622,
    0.459,
    0.925,
    0.468,
    0.763,
    0.288,
    0.621,
    0.836,
    0.499,
    0.758,
    0.694,
    0.585,
    0.652,
    0.812,
    0.364,
    0.941,
    0.431,
    0.564,
    0.273,
    0.618,
    0.883,
    0.751,
    0.397,
    0.594,
    0.516,
    0.679,
    0.826,
    0.225,
    0.767,
    0.693,
    0.414,
    0.658,
    0.857,
    0.593,
    0.533,
    0.689,
    0.372,
    0.91,
    0.643,
    0.856,
    0.497,
    0.533,
    0.609,
    0.444,
    0.742,
    0.794,
    0.529,
    0.313,
    0.934,
    0.406,
    0.818,
    0.591,
    0.692,
    0.776,
    0.499,
    0.569,
    0.658,
    0.341,
    0.874,
    0.627,
    0.467,
    0.865,
    0.548,
    0.797,
    0.685,
    0.359,
    0.909,
    0.523,
    0.639,
    0.449,
    0.773,
    0.429,
    0.625,
    0.519,
    0.782,
    0.431,
    0.706,
    0.278,
    0.829,
    0.675,
    0.526,
    0.742,
    0.595,
    0.351,
    0.897,
    0.574,
    0.464,
    0.694,
    0.387,
    0.824,
    0.635,
    0.571,
    0.751,
    0.442,
    0.519,
    0.796,
    0.605,
    0.451,
    0.757,
    0.925,
    0.568,
    0.756,
    0.384,
    0.661,
    0.829,
    0.478,
    0.615,
    0.374,
    0.859,
    0.581,
    0.655,
    0.739,
    0.676,
    0.488,
    0.854,
    0.442,
    0.594,
    0.645,
    0.823,
    0.285,
    0.879,
    0.693,
    0.486,
    0.701,
    0.531,
    0.633,
    0.553,
    0.775,
    0.427,
    0.807,
    0.619,
    0.579,
    0.548,
    0.908,
    0.681,
    0.742,
    0.414,
    0.618,
    0.716,
    0.831,
    0.52,
    0.616,
    0.751,
    0.546,
    0.405,
    0.932,
    0.561,
    0.694,
    0.38,
    0.729,
    0.641,
    0.387,
    0.87,
    0.543,
    0.713,
    0.505,
    0.587,
    0.672,
    0.917,
    0.461,
    0.819,
    0.597,
    0.454,
    0.692,
    0.655,
    0.522,
    0.706,
    0.566,
    0.434,
    0.754,
    0.483,
    0.872,
    0.639,
    0.571,
    0.447,
    0.81,
    0.677,
    0.596,
    0.531,
    0.613,
    0.726,
    0.423,
    0.945,
    0.392,
    0.75,
    0.572,
    0.617,
    0.429,
    0.848,
    0.555,
    0.824,
    0.565,
    0.593,
    0.694,
    0.751,
    0.425,
    0.836,
    0.656,
    0.491,
    0.74,
    0.437,
    0.675,
    0.617,
    0.568,
    0.79,
    0.476,
    0.708,
    0.55,
    0.665,
    0.878,
    0.652,
    0.533,
    0.516,
    0.733,
    0.598,
    0.784,
    0.479,
    0.717,
    0.505,
    0.533,
    0.854,
    0.447,
    0.905,
    0.581,
    0.465,
    0.663,
    0.801,
    0.625,
    0.488,
    0.775,
    0.601,
    0.68,
    0.713,
    0.469,
    0.57,
    0.535,
    0.902,
    0.56,
    0.692,
    0.709,
    0.594,
    0.644,
    0.435,
    0.828,
    0.523,
    0.666,
    0.431,
    0.894,
    0.556,
    0.637,
    0.723,
    0.493,
    0.738,
    0.556,
    0.818,
    0.438,
    0.629,
    0.753,
    0.482,
    0.869,
    0.511,
    0.591,
    0.713,
    0.471,
    0.651,
    0.574,
    0.689,
    0.495,
    0.755,
    0.419,
    0.942,
    0.566,
    0.797,
    0.537,
    0.625,
    0.716,
    0.494,
    0.87,
    0.63,
    0.6,
    0.519,
    0.795,
    0.493,
    0.69,
    0.578,
    0.775,
    0.417,
    0.851,
    0.644,
    0.544,
    0.822,
    0.683,
    0.486,
    0.59,
    0.669,
    0.716,
    0.623,
    0.552,
    0.536,
    0.807,
    0.518,
    0.629,
    0.895,
    0.646,
    0.488,
    0.749,
    0.423,
    0.737,
    0.596,
    0.502,
    0.856,
    0.554,
    0.637,
    0.685,
    0.427,
    0.865,
    0.505,
    0.714,
    0.545,
    0.792,
    0.441,
    0.723,
    0.576,
    0.489,
    0.881,
    0.571,
    0.637,
    0.489,
    0.775,
    0.453,
    0.782,
    0.656,
    0.677,
    0.492,
    0.732,
    0.557,
    0.803,
    0.413,
    0.901,
    0.482,
    0.648,
    0.742,
    0.486,
    0.792,
    0.537,
    0.669,
    0.45,
    0.704,
    0.748,
    0.524,
    0.667,
    0.609,
    0.741,
    0.439,
    0.843,
    0.566,
    0.611,
    0.652,
    0.456,
    0.813,
    0.575,
    0.519,
    0.653,
    0.661,
    0.732,
    0.5,
    0.784,
    0.533,
    0.704,
    0.635,
    0.488,
    0.824,
    0.504,
    0.697,
    0.584,
    0.741,
    0.53,
    0.61,
    0.545,
    0.732,
    0.596,
    0.42,
    0.804,
    0.586,
    0.616,
    0.688,
    0.557,
    0.79,
    0.5,
    0.599,
    0.653,
    0.649,
    0.782,
    0.458,
    0.841,
    0.477,
    0.71,
    0.539,
    0.688,
    0.51,
    0.554,
    0.783,
    0.597,
    0.729,
    0.592,
    0.55,
    0.634,
    0.697,
    0.452,
    0.794,
    0.557,
    0.609,
    0.542,
    0.733,
    0.465,
    0.901,
    0.48,
    0.672,
    0.589
  ],
  "timestamp": "2025-11-23 19:38:48"
}