{
  "model": "mistralai/Mistral-Small-3.2-24B-Instruct-2506",
  "distribution": "Weibull(shape={shape}, scale={scale})",
  "mode": "batch_generation",
  "generation_time": 91.07694888114929,
  "statistics": {
    "requested_samples": 1000,
    "total_samples": 502,
    "deviation_pct": -49.7,
    "unique_values": 24,
    "unique_rate": 4.7713717693836974,
    "mean": 0.5076175298804781,
    "std": 0.2649299034020276,
    "min": 0.012,
    "max": 1.5,
    "ks_statistic": 0.4179562375879169,
    "ks_pvalue": 4.0897529068096216e-80
  },
  "samples": [
    1.5,
    1.0,
    0.043,
    0.171,
    0.345,
    0.209,
    0.567,
    0.089,
    1.234,
    0.876,
    0.456,
    0.123,
    0.654,
    0.987,
    0.321,
    0.765,
    0.234,
    1.456,
    0.567,
    0.89,
    0.213,
    0.345,
    0.678,
    0.123,
    0.456,
    0.987,
    0.234,
    0.567,
    0.89,
    0.345,
    0.678,
    0.012,
    0.345,
    0.678,
    0.234,
    0.567,
    0.89,
    0.123,
    0.456,
    0.789,
    0.321,
    0.654,
    0.234,
    0.567,
    0.89,
    0.123,
    0.456,
    0.789,
    0.321,
    0.654,
    0.234,
    0.567,
    0.89,
    0.123,
    0.456,
    0.789,
    0.321,
    0.654,
    0.234,
    0.567,
    0.89,
    0.123,
    0.456,
    0.789,
    0.321,
    0.654,
    0.234,
    0.567,
    0.89,
    0.123,
    0.456,
    0.789,
    0.321,
    0.654,
    0.234,
    0.567,
    0.89,
    0.123,
    0.456,
    0.789,
    0.321,
    0.654,
    0.234,
    0.567,
    0.89,
    0.123,
    0.456,
    0.789,
    0.321,
    0.654,
    0.234,
    0.567,
    0.89,
    0.123,
    0.456,
    0.789,
    0.321,
    0.654,
    0.234,
    0.567,
    0.89,
    0.123,
    0.456,
    0.789,
    0.321,
    0.654,
    0.234,
    0.567,
    0.89,
    0.123,
    0.456,
    0.789,
    0.321,
    0.654,
    0.234,
    0.567,
    0.89,
    0.123,
    0.456,
    0.789,
    0.321,
    0.654,
    0.234,
    0.567,
    0.89,
    0.123,
    0.456,
    0.789,
    0.321,
    0.654,
    0.234,
    0.567,
    0.89,
    0.123,
    0.456,
    0.789,
    0.321,
    0.654,
    0.234,
    0.567,
    0.89,
    0.123,
    0.456,
    0.789,
    0.321,
    0.654,
    0.234,
    0.567,
    0.89,
    0.123,
    0.456,
    0.789,
    0.321,
    0.654,
    0.234,
    0.567,
    0.89,
    0.123,
    0.456,
    0.789,
    0.321,
    0.654,
    0.234,
    0.567,
    0.89,
    0.123,
    0.456,
    0.789,
    0.321,
    0.654,
    0.234,
    0.567,
    0.89,
    0.123,
    0.456,
    0.789,
    0.321,
    0.654,
    0.234,
    0.567,
    0.89,
    0.123,
    0.456,
    0.789,
    0.321,
    0.654,
    0.234,
    0.567,
    0.89,
    0.123,
    0.456,
    0.789,
    0.321,
    0.654,
    0.234,
    0.567,
    0.89,
    0.123,
    0.456,
    0.789,
    0.321,
    0.654,
    0.234,
    0.567,
    0.89,
    0.123,
    0.456,
    0.789,
    0.321,
    0.654,
    0.234,
    0.567,
    0.89,
    0.123,
    0.456,
    0.789,
    0.321,
    0.654,
    0.234,
    0.567,
    0.89,
    0.123,
    0.456,
    0.789,
    0.321,
    0.654,
    0.234,
    0.567,
    0.89,
    0.123,
    0.456,
    0.789,
    0.321,
    0.654,
    0.234,
    0.567,
    0.89,
    0.123,
    0.456,
    0.789,
    0.321,
    0.654,
    0.234,
    0.567,
    0.89,
    0.123,
    0.456,
    0.789,
    0.321,
    0.654,
    0.234,
    0.567,
    0.89,
    0.123,
    0.456,
    0.789,
    0.321,
    0.654,
    0.234,
    0.567,
    0.89,
    0.123,
    0.456,
    0.789,
    0.321,
    0.654,
    0.234,
    0.567,
    0.89,
    0.123,
    0.456,
    0.789,
    0.321,
    0.654,
    0.234,
    0.567,
    0.89,
    0.123,
    0.456,
    0.789,
    0.321,
    0.654,
    0.234,
    0.567,
    0.89,
    0.123,
    0.456,
    0.789,
    0.321,
    0.654,
    0.234,
    0.567,
    0.89,
    0.123,
    0.456,
    0.789,
    0.321,
    0.654,
    0.234,
    0.567,
    0.89,
    0.123,
    0.456,
    0.789,
    0.321,
    0.654,
    0.234,
    0.567,
    0.89,
    0.123,
    0.456,
    0.789,
    0.321,
    0.654,
    0.234,
    0.567,
    0.89,
    0.123,
    0.456,
    0.789,
    0.321,
    0.654,
    0.234,
    0.567,
    0.89,
    0.123,
    0.456,
    0.789,
    0.321,
    0.654,
    0.234,
    0.567,
    0.89,
    0.123,
    0.456,
    0.789,
    0.321,
    0.654,
    0.234,
    0.567,
    0.89,
    0.123,
    0.456,
    0.789,
    0.321,
    0.654,
    0.234,
    0.567,
    0.89,
    0.123,
    0.456,
    0.789,
    0.321,
    0.654,
    0.234,
    0.567,
    0.89,
    0.123,
    0.456,
    0.789,
    0.321,
    0.654,
    0.234,
    0.567,
    0.89,
    0.123,
    0.456,
    0.789,
    0.321,
    0.654,
    0.234,
    0.567,
    0.89,
    0.123,
    0.456,
    0.789,
    0.321,
    0.654,
    0.234,
    0.567,
    0.89,
    0.123,
    0.456,
    0.789,
    0.321,
    0.654,
    0.234,
    0.567,
    0.89,
    0.123,
    0.456,
    0.789,
    0.321,
    0.654,
    0.234,
    0.567,
    0.89,
    0.123,
    0.456,
    0.789,
    0.321,
    0.654,
    0.234,
    0.567,
    0.89,
    0.123,
    0.456,
    0.789,
    0.321,
    0.654,
    0.234,
    0.567,
    0.89,
    0.123,
    0.456,
    0.789,
    0.321,
    0.654,
    0.234,
    0.567,
    0.89,
    0.123,
    0.456,
    0.789,
    0.321,
    0.654,
    0.234,
    0.567,
    0.89,
    0.123,
    0.456,
    0.789,
    0.321,
    0.654,
    0.234,
    0.567,
    0.89,
    0.123,
    0.456,
    0.789,
    0.321,
    0.654,
    0.234,
    0.567,
    0.89,
    0.123,
    0.456,
    0.789,
    0.321,
    0.654,
    0.234,
    0.567,
    0.89,
    0.123,
    0.456,
    0.789,
    0.321,
    0.654,
    0.234,
    0.567,
    0.89,
    0.123,
    0.456,
    0.789,
    0.321,
    0.654,
    0.234,
    0.567,
    0.89,
    0.123,
    0.456,
    0.789,
    0.321,
    0.654,
    0.234,
    0.567,
    0.89,
    0.123,
    0.456,
    0.789,
    0.321,
    0.654,
    0.234,
    0.567,
    0.89,
    0.123,
    0.456,
    0.789,
    0.321,
    0.654,
    0.234,
    0.567,
    0.89,
    0.123,
    0.456,
    0.789,
    0.321,
    0.654,
    0.234,
    0.567,
    0.89,
    0.123
  ],
  "timestamp": "2025-11-23 19:48:13"
}