{
  "model": "moonshotai/Kimi-K2-Instruct-0905",
  "distribution": "Weibull(shape={shape}, scale={scale})",
  "mode": "batch_generation",
  "generation_time": 55.57684779167175,
  "statistics": {
    "requested_samples": 1000,
    "total_samples": 774,
    "deviation_pct": -22.6,
    "unique_values": 482,
    "unique_rate": 62.273901808785524,
    "mean": 0.3641834625322998,
    "std": 0.29008722413190524,
    "min": 0.001,
    "max": 2.047,
    "ks_statistic": 0.49064719259836903,
    "ks_pvalue": 2.2686240975573883e-172
  },
  "samples": [
    0.527,
    0.398,
    1.245,
    0.081,
    1.763,
    0.006,
    0.122,
    1.842,
    0.335,
    0.951,
    0.573,
    0.009,
    0.884,
    0.013,
    0.564,
    1.498,
    0.089,
    0.603,
    0.385,
    0.297,
    1.202,
    0.214,
    0.693,
    0.218,
    1.735,
    0.006,
    0.438,
    0.119,
    1.031,
    0.919,
    0.503,
    0.587,
    0.141,
    0.351,
    0.256,
    0.561,
    1.466,
    1.025,
    0.543,
    0.123,
    0.825,
    0.089,
    0.52,
    0.302,
    0.158,
    0.415,
    0.211,
    0.982,
    0.036,
    0.54,
    1.437,
    0.345,
    0.292,
    0.618,
    0.972,
    1.983,
    0.456,
    0.834,
    0.231,
    0.175,
    0.196,
    0.715,
    0.218,
    0.411,
    0.379,
    0.91,
    0.146,
    0.736,
    0.536,
    0.011,
    0.877,
    0.018,
    0.423,
    1.633,
    0.224,
    0.421,
    0.53,
    0.274,
    0.087,
    2.035,
    0.427,
    0.125,
    0.684,
    0.591,
    0.379,
    0.061,
    0.704,
    0.116,
    0.285,
    0.031,
    0.701,
    0.504,
    0.82,
    0.097,
    0.286,
    0.245,
    0.063,
    0.556,
    0.62,
    0.873,
    1.061,
    0.282,
    0.618,
    0.107,
    1.316,
    0.745,
    0.572,
    0.75,
    2.047,
    0.562,
    0.571,
    0.334,
    0.506,
    0.32,
    0.081,
    0.198,
    0.158,
    0.321,
    0.248,
    0.27,
    0.249,
    0.158,
    0.288,
    0.058,
    0.462,
    0.315,
    0.986,
    0.18,
    0.007,
    0.759,
    0.735,
    0.166,
    0.394,
    0.743,
    0.366,
    0.287,
    0.66,
    0.509,
    0.329,
    0.742,
    0.415,
    0.48,
    0.028,
    0.457,
    0.57,
    0.038,
    0.516,
    0.178,
    0.244,
    0.054,
    0.426,
    0.629,
    0.096,
    0.449,
    0.193,
    0.377,
    0.053,
    0.089,
    0.837,
    0.263,
    0.247,
    0.421,
    0.512,
    0.057,
    0.158,
    0.616,
    0.326,
    0.254,
    0.306,
    0.495,
    0.366,
    0.455,
    0.493,
    0.251,
    0.477,
    0.069,
    0.471,
    0.144,
    0.157,
    0.715,
    0.202,
    0.573,
    1.034,
    0.15,
    0.484,
    0.297,
    0.363,
    0.178,
    0.409,
    0.132,
    0.272,
    0.373,
    1.271,
    0.543,
    0.09,
    0.096,
    0.369,
    0.364,
    0.461,
    0.637,
    0.112,
    0.641,
    0.115,
    0.141,
    0.356,
    1.149,
    0.183,
    0.359,
    0.015,
    0.468,
    0.502,
    0.561,
    0.066,
    0.05,
    0.148,
    0.52,
    0.217,
    0.558,
    0.19,
    0.214,
    0.409,
    0.154,
    0.276,
    0.458,
    0.356,
    0.931,
    0.281,
    0.069,
    0.352,
    0.707,
    0.339,
    0.796,
    0.244,
    0.488,
    0.359,
    0.18,
    0.231,
    0.541,
    0.125,
    0.116,
    0.082,
    0.528,
    0.676,
    0.748,
    0.97,
    0.359,
    0.623,
    0.161,
    0.5,
    0.453,
    0.416,
    0.337,
    0.041,
    0.097,
    0.532,
    0.061,
    1.51,
    0.414,
    0.596,
    0.674,
    0.681,
    0.224,
    0.067,
    0.949,
    0.289,
    0.537,
    0.149,
    1.046,
    0.224,
    0.366,
    0.338,
    1.387,
    0.384,
    0.427,
    0.134,
    0.239,
    0.561,
    0.843,
    0.178,
    0.523,
    0.355,
    0.087,
    0.361,
    0.244,
    0.05,
    0.061,
    0.339,
    1.106,
    0.178,
    0.266,
    0.518,
    0.358,
    0.467,
    0.214,
    0.593,
    0.07,
    0.027,
    0.721,
    0.578,
    0.664,
    0.531,
    0.133,
    0.357,
    0.542,
    0.751,
    0.314,
    0.206,
    0.343,
    1.491,
    0.083,
    0.083,
    0.052,
    0.479,
    0.696,
    0.313,
    0.453,
    0.407,
    1.019,
    0.288,
    0.643,
    0.379,
    0.629,
    0.529,
    0.042,
    0.319,
    0.297,
    0.284,
    0.657,
    0.037,
    0.534,
    0.345,
    0.244,
    0.109,
    0.542,
    0.135,
    0.438,
    0.197,
    0.467,
    0.755,
    0.029,
    0.531,
    0.123,
    0.276,
    0.146,
    0.259,
    0.522,
    0.256,
    0.382,
    0.238,
    0.625,
    0.751,
    0.623,
    0.312,
    0.932,
    0.422,
    0.239,
    0.18,
    0.178,
    0.416,
    0.288,
    0.739,
    0.388,
    0.449,
    0.628,
    0.335,
    0.307,
    0.208,
    0.37,
    0.065,
    0.379,
    0.329,
    0.751,
    0.298,
    0.164,
    0.506,
    0.424,
    0.178,
    0.344,
    0.171,
    0.345,
    0.288,
    0.412,
    0.593,
    0.615,
    0.46,
    1.002,
    0.091,
    0.528,
    0.289,
    0.116,
    0.734,
    0.38,
    0.191,
    0.394,
    0.192,
    0.631,
    0.666,
    0.317,
    0.297,
    0.176,
    0.021,
    0.35,
    0.574,
    0.281,
    0.261,
    0.644,
    0.091,
    0.58,
    0.334,
    0.239,
    0.321,
    0.466,
    0.304,
    0.183,
    0.821,
    0.071,
    0.369,
    0.574,
    0.056,
    0.177,
    0.384,
    0.227,
    0.105,
    0.283,
    0.421,
    0.537,
    0.412,
    0.178,
    0.133,
    0.221,
    0.637,
    0.478,
    0.168,
    0.106,
    0.487,
    0.379,
    0.325,
    0.484,
    0.372,
    0.151,
    0.824,
    0.451,
    0.209,
    0.327,
    0.447,
    0.582,
    0.632,
    0.201,
    0.269,
    0.051,
    0.37,
    0.149,
    0.877,
    0.055,
    0.174,
    0.51,
    0.066,
    0.299,
    0.226,
    0.32,
    0.707,
    0.569,
    0.451,
    0.226,
    0.162,
    0.341,
    0.359,
    0.042,
    0.21,
    0.245,
    0.517,
    0.321,
    0.913,
    0.143,
    0.378,
    0.396,
    0.094,
    0.764,
    0.402,
    0.043,
    0.255,
    0.058,
    0.333,
    0.17,
    0.449,
    0.645,
    0.329,
    0.184,
    0.11,
    0.132,
    0.31,
    0.489,
    0.26,
    0.143,
    0.145,
    0.336,
    0.51,
    0.312,
    0.411,
    0.465,
    0.427,
    0.718,
    0.424,
    0.469,
    0.211,
    0.362,
    0.38,
    0.361,
    0.321,
    0.793,
    0.45,
    0.504,
    0.39,
    0.713,
    0.155,
    0.365,
    0.079,
    0.18,
    0.534,
    0.303,
    0.261,
    0.488,
    0.262,
    0.293,
    0.349,
    0.136,
    0.684,
    0.675,
    0.655,
    0.173,
    0.21,
    0.526,
    0.377,
    0.329,
    0.75,
    0.1,
    0.59,
    0.351,
    0.266,
    0.421,
    0.63,
    0.339,
    0.259,
    0.453,
    0.433,
    0.083,
    0.35,
    0.297,
    0.412,
    0.503,
    0.516,
    0.304,
    0.279,
    0.14,
    0.493,
    0.173,
    0.05,
    0.059,
    0.338,
    0.307,
    0.462,
    0.473,
    0.457,
    0.289,
    0.495,
    0.195,
    0.449,
    0.395,
    0.349,
    0.266,
    0.691,
    0.25,
    0.176,
    0.388,
    0.32,
    0.671,
    0.259,
    0.233,
    0.21,
    0.255,
    0.166,
    0.307,
    0.305,
    0.342,
    0.246,
    0.26,
    0.361,
    0.131,
    0.256,
    0.312,
    0.121,
    0.243,
    0.291,
    0.364,
    0.363,
    0.506,
    0.314,
    0.18,
    0.207,
    0.742,
    0.106,
    0.15,
    0.422,
    0.305,
    0.416,
    0.228,
    0.465,
    0.121,
    0.582,
    0.235,
    0.169,
    0.511,
    0.268,
    0.285,
    0.083,
    0.087,
    0.573,
    0.094,
    0.128,
    0.452,
    0.396,
    0.088,
    0.14,
    0.237,
    0.328,
    0.374,
    0.069,
    0.119,
    0.316,
    0.325,
    0.219,
    0.175,
    0.213,
    0.488,
    0.255,
    0.15,
    0.625,
    0.426,
    0.178,
    0.525,
    0.348,
    0.121,
    0.175,
    0.138,
    0.369,
    0.222,
    0.383,
    0.139,
    0.259,
    0.218,
    0.263,
    0.419,
    0.506,
    0.341,
    0.212,
    0.13,
    0.194,
    0.295,
    0.228,
    0.15,
    0.333,
    0.184,
    0.265,
    0.314,
    0.141,
    0.308,
    0.157,
    0.067,
    0.245,
    0.316,
    0.423,
    0.16,
    0.282,
    0.107,
    0.472,
    0.235,
    0.377,
    0.241,
    0.241,
    0.31,
    0.37,
    0.232,
    0.282,
