{
  "model": "deepseek-ai/DeepSeek-V3.2-Exp",
  "distribution": "Laplace(loc={loc}, scale={scale})",
  "mode": "batch_generation",
  "generation_time": 308.5534760951996,
  "statistics": {
    "requested_samples": 1000,
    "total_samples": 1329,
    "deviation_pct": 32.9,
    "unique_values": 1329,
    "unique_rate": 100.0,
    "mean": -0.12920051316779532,
    "std": 1.0361918809127741,
    "min": -20.528902,
    "max": 2.923707,
    "ks_statistic": 0.08884814427015253,
    "ks_pvalue": 1.4068672734804246e-09
  },
  "samples": [
    -20.528902,
    0.895687,
    -0.818783,
    1.690243,
    1.270469,
    -0.116536,
    0.648244,
    0.045264,
    0.795117,
    -1.196358,
    1.489117,
    -0.854872,
    -0.755864,
    0.051856,
    -0.495366,
    1.836984,
    1.058665,
    -0.959799,
    0.520656,
    -1.864769,
    -0.06004,
    -0.502479,
    -1.436082,
    -0.719636,
    0.861076,
    0.803797,
    1.303763,
    1.059119,
    -0.460548,
    0.190668,
    0.511852,
    -0.7297,
    -0.553247,
    -0.129634,
    0.341807,
    -0.8393,
    -1.225868,
    -0.24639,
    -0.491451,
    -0.27456,
    0.52873,
    0.425087,
    0.19769,
    -0.90938,
    -0.816328,
    -0.985803,
    0.682099,
    -0.631395,
    0.242853,
    1.030963,
    -0.099659,
    -0.354732,
    -0.289042,
    1.708562,
    0.706723,
    0.60171,
    0.959932,
    -1.735622,
    -0.626492,
    -0.864831,
    0.228612,
    1.091116,
    -0.990993,
    -0.819688,
    -1.184196,
    0.002253,
    -0.207749,
    -2.304774,
    -0.243456,
    2.358138,
    -1.229436,
    1.456415,
    1.416957,
    0.205024,
    -1.05538,
    1.058658,
    1.584184,
    -0.264972,
    0.345808,
    0.87428,
    -0.290417,
    0.234866,
    -1.69134,
    -1.192386,
    0.435272,
    0.493881,
    -0.364845,
    -0.173224,
    0.49282,
    0.525759,
    0.631258,
    0.691606,
    0.159191,
    0.085942,
    0.395522,
    -0.197397,
    -0.223718,
    2.888103,
    -1.540146,
    0.489419,
    0.160637,
    -0.04768,
    0.016019,
    0.863892,
    0.072648,
    -1.656186,
    0.961118,
    -0.12755,
    -1.460829,
    0.086553,
    -0.518965,
    -0.122698,
    1.129319,
    0.477537,
    -1.639356,
    0.200176,
    0.883884,
    1.158941,
    -0.670682,
    -0.766648,
    1.404899,
    1.347772,
    1.18692,
    0.044689,
    -1.399521,
    -0.800958,
    -0.466172,
    0.468834,
    -0.454469,
    -0.829868,
    -0.827297,
    -0.202273,
    -0.527133,
    -1.685233,
    0.53959,
    -0.768284,
    -1.477931,
    0.085552,
    0.750322,
    0.940258,
    -1.052453,
    -1.070332,
    0.671616,
    0.020585,
    2.11389,
    -0.795972,
    -0.545446,
    -1.620387,
    0.737784,
    -2.294342,
    0.017814,
    -1.101266,
    -0.727026,
    0.740964,
    -0.009055,
    0.228722,
    0.069239,
    0.183476,
    -0.585963,
    -1.173888,
    -2.69263,
    0.098309,
    -0.510436,
    0.461887,
    1.334692,
    -1.275537,
    0.264297,
    -0.64429,
    0.92097,
    -0.50442,
    -0.645445,
    0.913826,
    1.322404,
    -0.418034,
    0.181353,
    0.453553,
    -1.588511,
    0.023802,
    0.008223,
    0.411884,
    -1.249789,
    0.513728,
    0.202727,
    0.216108,
    0.307269,
    1.483149,
    1.248755,
    -0.624096,
    0.333597,
    -0.554512,
    -0.360142,
    -1.842049,
    -0.214826,
    0.079523,
    -0.549066,
    -0.597199,
    0.941391,
    0.787121,
    0.476912,
    -0.966734,
    1.2141,
    -0.836133,
    1.484944,
    0.603296,
    -0.952271,
    1.131838,
    0.803735,
    0.372325,
    -0.967925,
    -1.471405,
    0.321525,
    0.529966,
    -1.667901,
    0.670823,
    -0.192127,
    0.857139,
    -0.425231,
    1.510749,
    -0.353668,
    -0.793805,
    0.397748,
    1.996824,
    0.483729,
    1.04981,
    0.206018,
    -0.909657,
    1.078799,
    -0.769808,
    0.143025,
    0.240724,
    -0.66527,
    -0.566814,
    -0.875729,
    0.3008,
    -0.981012,
    -2.849056,
    2.923707,
    -0.812742,
    0.895054,
    -0.732566,
    0.225965,
    -0.578675,
    -1.393121,
    0.041167,
    0.200826,
    1.364979,
    -0.975521,
    -0.159521,
    1.002899,
    -0.678858,
    1.460922,
    -1.148983,
    -0.373474,
    -2.605852,
    -0.384951,
    -1.506228,
    0.344425,
    -0.425685,
    -0.196298,
    -0.818423,
    0.765063,
    -0.846807,
    0.939931,
    -0.609844,
    -0.222449,
    0.133504,
    -0.243388,
    -0.939326,
    -0.746205,
    -0.003679,
    0.840773,
    -1.20369,
    -0.889648,
    0.951289,
    0.233941,
    -1.238254,
    0.194927,
    -1.292514,
    0.867713,
    -0.244341,
    -1.019668,
    -0.277595,
    -0.872544,
    -0.8761,
    -0.6685,
    0.034332,
    -0.062658,
    -1.379485,
    0.470099,
    -1.535258,
    0.284126,
    -1.227649,
    0.355251,
    -1.354474,
    1.20884,
    0.033781,
    0.208944,
    0.435009,
    2.913128,
    -0.177607,
    0.318139,
    0.574296,
    -0.5995,
    0.848908,
    0.351703,
    -0.177808,
    0.462933,
    1.181449,
    -0.89669,
    0.542609,
    0.810118,
    -1.158729,
    1.00977,
    -0.411228,
    -0.386798,
    0.876952,
    0.969803,
    -0.07986,
    -0.298626,
    -1.268853,
    0.6187,
    0.509035,
    -0.562449,
    -0.218248,
    -0.637281,
    -1.1358,
    -0.812149,
    0.232714,
    -0.186123,
    -1.312473,
    0.643553,
    0.875932,
    -0.70918,
    -0.536219,
    -0.869259,
    -1.135224,
    -0.588441,
    -0.267079,
    0.665631,
    0.820459,
    -0.85087,
    -0.220145,
    0.822951,
    -1.495566,
    -0.471177,
    -0.295125,
    -1.227617,
    2.155918,
    0.765233,
    0.418641,
    -0.51017,
    -0.256353,
    1.692967,
    0.472177,
    -0.047721,
    0.294653,
    0.787881,
    0.603445,
    0.674307,
    -1.634753,
    -0.64492,
    -0.007751,
    -0.207802,
    -1.188921,
    1.463935,
    0.230697,
    -0.251339,
    -0.7569,
    -0.433907,
    0.204972,
    0.044057,
    -0.696464,
    -1.116418,
    0.060922,
    -1.562437,
    -0.057087,
    0.644967,
    -0.816584,
    -0.394211,
    -0.296845,
    -1.101899,
    0.948568,
    -2.374992,
    -0.809738,
    -0.874671,
    -0.387222,
    -0.51996,
    -0.650138,
    0.661634,
    -0.89482,
    -0.145117,
    0.616198,
    -0.165397,
    -0.423285,
    0.163213,
    2.231819,
    -1.112311,
    0.512151,
    0.084152,
    -0.969466,
    0.888122,
    -0.880636,
    -0.620014,
    -0.966574,
    -0.928973,
    0.783731,
    0.529504,
    -1.847501,
    -0.448207,
    0.72413,
    1.479369,
    -0.020487,
    1.412363,
    -0.058941,
    0.40244,
    0.899968,
    -1.453456,
    -0.07977,
    -0.504544,
    0.15466,
    0.311623,
    -0.607518,
    -0.370092,
    -0.364987,
    -0.249826,
    -0.454353,
    0.415491,
    0.089955,
    0.564032,
    0.567637,
    1.417922,
    -0.328074,
    -0.03413,
    0.038592,
    0.327239,
    1.144317,
    -0.47226,
    0.386608,
    -0.297119,
    -1.463422,
    -0.059636,
    -0.132441,
    0.757889,
    -0.283431,
    0.582111,
    0.053767,
    -0.689047,
    -0.063127,
    -0.331883,
    0.045953,
    -1.045025,
    1.443533,
    0.770961,
    0.027827,
    1.170631,
    1.482943,
    0.690993,
    -1.430101,
    -1.058394,
    0.670989,
    0.546365,
    -0.587649,
    -1.538458,
    -0.388079,
    0.089562,
    -1.56319,
    -0.06246,
    -1.259483,
    0.068287,
    0.3151,
    0.554547,
    -0.89577,
    0.413447,
    -0.150412,
    -0.381754,
    0.002977,
    -0.41039,
    0.698629,
    0.897106,
    -1.285237,
    -0.862974,
    -1.411908,
    0.058906,
    -0.107848,
    0.189917,
    -0.388956,
    -1.17881,
    -0.256178,
    0.375328,
    -0.282992,
    0.519358,
    1.199365,
    -0.705452,
    0.602129,
    0.026744,
    0.690959,
    -0.819227,
    -1.822804,
    -0.283629,
    -0.047018,
    -0.138347,
    1.001426,
    0.864626,
    -0.522443,
    -0.335011,
    -0.44172,
    -0.543522,
    -1.386047,
    -0.770698,
    -0.935058,
    -0.706076,
    -0.405321,
    -0.165308,
    -1.926242,
    0.228964,
    -0.333372,
    -0.056474,
