{
  "model": "google/gemma-3-27b-it",
  "distribution": "Laplace(loc={loc}, scale={scale})",
  "mode": "batch_generation",
  "generation_time": 293.13912439346313,
  "statistics": {
    "requested_samples": 1000,
    "total_samples": 1081,
    "deviation_pct": 8.1,
    "unique_values": 397,
    "unique_rate": 36.725254394079556,
    "mean": 0.057673804875115635,
    "std": 0.9455556321939586,
    "min": -1.91,
    "max": 1.9,
    "ks_statistic": 0.10158549520727711,
    "ks_pvalue": 3.6445097083895413e-10
  },
  "samples": [
    -0.54207216,
    1.12345678,
    -0.19876543,
    0.87654321,
    -1.54321098,
    0.23456789,
    -0.98765432,
    1.32109876,
    -0.65432109,
    0.43210987,
    -1.23456789,
    0.7654321,
    -0.32109876,
    1.65432109,
    -0.87654321,
    0.12345678,
    -1.43210987,
    0.90123456,
    -0.78901234,
    1.01234567,
    -0.22345678,
    0.55678901,
    -1.77777777,
    0.33333333,
    -0.44444444,
    1.55555555,
    -0.99999999,
    0.66666666,
    -1.11111111,
    0.88888888,
    -0.5,
    1.25,
    -0.375,
    0.75,
    -1.875,
    0.1875,
    -0.625,
    1.0,
    -0.56789012,
    0.45678901,
    -1.3456789,
    0.89012345,
    -0.21098765,
    1.10987654,
    -0.78901234,
    0.3456789,
    -1.65432109,
    0.98765432,
    -0.12345678,
    1.23456789,
    -0.45678901,
    0.78901234,
    -1.56789012,
    0.26789012,
    -0.87654321,
    1.45678901,
    -0.67890123,
    0.56789012,
    -1.09876543,
    0.32109876,
    -1.7654321,
    0.65432109,
    -0.43210987,
    1.12345678,
    -0.21212121,
    0.90909091,
    -1.54545454,
    0.32323232,
    -0.89898989,
    1.01010101,
    -0.44444444,
    0.77777777,
    -1.22222222,
    0.66666666,
    -0.55555555,
    1.33333333,
    -0.99999999,
    0.11111111,
    0.88888888,
    -0.33333333,
    1.55555555,
    -0.77777777,
    0.22222222,
    -0.66666666,
    1.11111111,
    -0.44444444,
    0.99999999,
    -0.88888888,
    0.55555555,
    1.44444444,
    -0.11111111,
    0.77777777,
    -1.9,
    0.6,
    -0.47,
    1.62,
    -0.59,
    0.31,
    -1.83,
    0.11,
    -0.92,
    1.05,
    -0.25,
    0.81,
    -1.34,
    0.56,
    -0.78,
    1.19,
    -0.66,
    0.29,
    -1.65,
    0.95,
    -0.33,
    1.21,
    -0.48,
    0.73,
    -1.51,
    0.19,
    -0.89,
    1.13,
    -0.37,
    0.64,
    -1.41,
    0.91,
    -0.21,
    1.33,
    -0.52,
    0.4,
    -1.79,
    0.7,
    -0.56,
    1.33,
    -0.8,
    0.23,
    -1.23,
    0.65,
    -0.51,
    1.07,
    -0.39,
    0.79,
    -1.65,
    0.12,
    -0.98,
    1.21,
    -0.42,
    0.6,
    -1.48,
    0.97,
    -0.27,
    1.1,
    -0.6,
    0.48,
    -1.7,
    0.82,
    -0.45,
    1.22,
    -0.76,
    0.3,
    -1.3,
    0.83,
    -0.33,
    1.18,
    -0.54,
    0.46,
    -1.64,
    0.78,
    -0.49,
    1.04,
    -0.8,
    0.24,
    -1.49,
    0.67,
    -0.3,
    1.12,
    -0.62,
    0.58,
    -1.76,
    0.69,
    -0.29,
    1.16,
    -0.79,
    0.34,
    -1.55,
    0.9,
    -0.18,
    1.3,
    -0.61,
    0.47,
    -1.41,
    0.94,
    -0.24,
    1.29,
    -0.54,
    0.63,
    -1.59,
    0.75,
    -0.58,
    1.1,
    -0.85,
    0.37,
    -1.78,
    0.62,
    -0.59,
    1.07,
    -0.22,
    0.82,
    -1.42,
    0.79,
    -0.34,
    1.28,
    -0.55,
    0.43,
    -1.67,
    0.9,
    -0.21,
    1.1,
    -0.88,
    0.23,
    -0.98,
    0.15,
    -0.53,
    1.31,
    -0.46,
    0.88,
    -1.18,
    0.16,
    -0.97,
    0.67,
    -0.34,
    0.85,
    -1.42,
    0.99,
    -0.12,
    1.33,
    -0.65,
    0.27,
    -1.62,
    1.03,
    -0.17,
    1.21,
    -0.51,
    0.77,
    -1.56,
    0.98,
    -0.25,
    0.95,
    -1.29,
    0.32,
    -0.83,
    1.02,
    -0.55,
    0.41,
    -1.4,
    0.76,
    -0.29,
    0.9,
    -1.16,
    0.39,
    -0.92,
    1.22,
    -0.44,
    0.79,
    -1.37,
    0.86,
    -0.16,
    1.2,
    -0.72,
    0.49,
    -1.69,
    1.09,
    -0.19,
    0.95,
    -1.19,
    0.26,
    -1.02,
    1.49,
    -0.4,
    0.81,
    -1.22,
    0.81,
    -0.37,
    0.99,
    -1.12,
    0.54,
    -0.9,
    1.11,
    -0.14,
    1.3,
    -0.45,
    0.6,
    -1.51,
    0.86,
    -0.23,
    0.9,
    -1.49,
    0.33,
    -1.65,
    1.2,
    -0.35,
    0.79,
    -1.53,
    0.44,
    -1.27,
    1.47,
    -0.15,
    1.03,
    -0.82,
    0.18,
    -1.35,
    0.44,
    -0.13,
    1.17,
    -0.92,
    0.38,
    -1.43,
    0.67,
    -0.59,
    1.05,
    -0.64,
    0.32,
    -1.63,
    1.11,
    -0.11,
    1.45,
    -0.53,
    0.9,
    -1.42,
    0.63,
    -0.52,
    0.77,
    -1.06,
    0.31,
    -1.25,
    1.21,
    -0.4,
    1.12,
    -0.77,
    0.15,
    -1.35,
    0.67,
    -0.42,
    1.02,
    -0.82,
    0.26,
    -1.11,
    1.25,
    -0.12,
    1.2,
    -0.66,
    0.5,
    -1.53,
    0.97,
    -0.18,
    1.05,
    -0.89,
    0.35,
    -1.4,
    0.66,
    -0.43,
    0.92,
    -1.35,
    0.6,
    -0.63,
    1.43,
    -0.22,
    0.95,
    -1.64,
    0.55,
    -0.81,
    1.31,
    -0.11,
    1.16,
    -0.68,
    0.42,
    -1.27,
    0.86,
    -0.51,
    0.91,
    -1.46,
    0.3,
    -1.08,
    1.3,
    -0.58,
    0.77,
    -1.65,
    1.19,
    -0.28,
    0.92,
    -1.13,
    0.42,
    -0.96,
    1.27,
    -0.38,
    0.99,
    -1.28,
    0.61,
    -0.2,
    1.2,
    -0.71,
    0.49,
    -1.52,
    1.13,
    -0.14,
    1.28,
    -0.39,
    0.98,
    -1.72,
    1.13,
    -0.49,
    1.38,
    -0.16,
    0.96,
    -0.37,
    0.79,
    -1.41,
    0.82,
    -0.35,
    1.19,
    -0.8,
    0.21,
    -1.18,
    1.68,
    -0.3,
    0.71,
    -1.39,
    0.6,
    -0.21,
    1.1,
    -0.63,
    0.9,
    -1.54,
    0.41,
    -1.13,
    1.11,
    -0.12,
    1.03,
    -0.39,
    0.66,
    -1.44,
    0.77,
    -0.44,
    1.09,
    -0.84,
    0.34,
    -1.5,
    1.24,
    -0.51,
    0.96,
    -0.7,
    0.46,
    -1.59,
    0.5,
    -1.33,
    1.48,
    -0.15,
    1.18,
    -0.88,
    0.12,
    -0.99,
    1.26,
    -0.42,
    0.82,
    -1.25,
    0.74,
    -0.21,
    1.07,
    -0.74,
    0.41,
    -1.45,
    0.9,
    -0.37,
    1.34,
    -0.57,
    0.6,
    -1.57,
    1.01,
    -0.4,
    1.02,
    -0.67,
    0.38,
    -1.46,
    1.08,
    -0.1,
    1.19,
    -0.82,
    0.51,
    -1.6,
    0.44,
    -1.33,
    1.12,
    -0.25,
    0.7,
    -0.87,
    1.02,
    -0.31,
    0.87,
    -1.32,
    0.54,
    -0.78,
    1.47,
    -0.12,
    1.08,
    -0.85,
    0.29,
    -1.63,
    1.3,
    -0.44,
    0.98,
    -1.5,
    0.48,
    -1.34,
    1.24,
    -0.48,
    1.2,
    -0.34,
    0.57,
    -1.37,
    0.89,
    -0.22,
    0.8,
    -1.09,
    1.27,
    -0.18,
    1.0,
    -0.85,
    0.42,
    -0.71,
    1.1,
    -0.6,
    0.33,
    -1.47,
    1.1,
    -0.19,
    1.12,
    -0.48,
    1.19,
    -0.75,
    0.21,
    -1.32,
    1.4,
    -0.44,
    0.93,
    -1.31,
    0.37,
    -1.14,
    1.41,
    -0.37,
    1.25,
    -0.67,
    0.14,
    -0.91,
    1.18,
    -0.41,
    0.78,
    -0.82,
    1.09,
    -0.28,
    0.68,
    -1.59,
    0.43,
    -1.74,
    1.15,
    -0.03,
    1.45,
    -0.52,
    0.32,
    -1.41,
    0.77,
    -0.37,
    0.98,
    -1.91,
    0.41,
    -1.27,
    1.29,
    -0.22,
    1.41,
    -0.61,
    0.45,
    -1.19,
    1.13,
    -0.13,
    1.24,
    -0.17,
    0.83,
    -1.03,
    1.36,
    -0.56,
    0.79,
    -1.55,
    0.55,
    -0.76,
    1.25,
    -0.26,
    0.89,
    -1.07,
    1.17,
    -0.24,
    1.09,
    -0.91,
    0.08,
    -1.03,
    1.33,
    -0.16,
    1.25,
    -0.6,
    0.55,
    -1.65,
    0.91,
    -0.42,
    0.82,
    -1.18,
    0.71,
    -0.24,
    1.26,
    -0.82,
    0.34,
    -1.41,
    1.39,
    -0.36,
    1.22,
    -0.57,
    1.22,
    -0.14,
    1.17,
    -0.52,
    0.44,
    -0.86,
    1.2,
    -0.08,
    1.02,
    -1.37,
    0.79,
    -0.19,
    1.42,
    -1.25,
    0.66,
    -0.28,
    1.28,
    -0.57,
    0.43,
    -1.58,
    0.97,
    -0.23,
    1.17,
    -0.88,
    0.46,
    -0.77,
    1.35,
    -0.26,
    1.04,
    -0.8,
    0.29,
    -1.12,
    1.3,
    -0.43,
    1.21,
    -0.87,
    0.15,
    -1.08,
    1.43,
    -0.22,
    1.18,
    -0.06,
    1.06,
    -0.75,
    0.36,
    -1.23,
    0.66,
    -0.27,
