{
  "model": "gpt-4o",
  "distribution": "Laplace(loc={loc}, scale={scale})",
  "mode": "batch_generation",
  "generation_time": 41.79270911216736,
  "statistics": {
    "requested_samples": 1000,
    "total_samples": 459,
    "deviation_pct": -54.0,
    "unique_values": 460,
    "unique_rate": 100.0,
    "mean": -0.08040778526663336,
    "std": 0.9066310233630395,
    "min": -2.9808199934864863,
    "max": 2.292019233137846,
    "ks_statistic": 0.07663427979836057,
    "ks_pvalue": 0.008518909562255044
  },
  "samples": [
    -0.020071306601315425,
    -0.37837882065932515,
    -1.1564048172740224,
    0.5940867261273938,
    -2.500817469634525,
    0.1784847589645371,
    -0.3976720442933276,
    -0.9226294640195236,
    0.2145106277270004,
    1.0221740520107714,
    0.13225586059209077,
    -2.061506273260099,
    1.2413714787050039,
    0.019251802158486785,
    -1.375710078736418,
    -0.46114406780265293,
    -0.9788839241570917,
    -1.1591614939086095,
    -2.9808199934864863,
    -0.46298389448160376,
    -0.4121094810249301,
    -0.0974660210793626,
    0.956661501562719,
    -1.264546467173841,
    -0.07595790124927038,
    -0.013312895993824169,
    -1.1912116684351945,
    0.18765387856031646,
    0.757888840480034,
    0.05021228893091659,
    2.093741543210503,
    1.339909537446386,
    0.1221439573418815,
    -0.7498770358709139,
    -2.078154019706105,
    -0.9299858148162493,
    -0.07907927806811448,
    -0.9455287460430603,
    0.19419131952419755,
    0.7179658137342989,
    0.33481192474226473,
    -1.1414281749448958,
    -0.6718307282642049,
    -1.021397712298194,
    0.3917806677041621,
    -0.7740610860837862,
    -0.4200521296176695,
    -0.7249817866632519,
    -0.376491479228095,
    0.8921097166465317,
    -0.4942058934101264,
    0.4304474487940917,
    -1.257199283405636,
    0.487733785218573,
    1.2694317609889951,
    -0.7616528356168203,
    0.8725084952733082,
    0.27125530841859163,
    0.28489176387352,
    0.11994623994848803,
    0.07869754269983023,
    -0.5831841186364222,
    0.5767352021120487,
    0.4742515853255564,
    -0.3375147686123443,
    -0.4900128991657903,
    0.30742952622525815,
    -0.20417634611988575,
    -1.6368108475707144,
    0.41282762866075806,
    -0.36289906949674283,
    -0.23006932247604403,
    -1.060208606683377,
    -2.386411331897973,
    -0.11271861700644142,
    1.5048308242957644,
    0.5042032574311397,
    1.2804967788988044,
    1.7566943003641817,
    0.015759943955361923,
    -0.07302754071411134,
    -0.3641916189247086,
    -0.6634767124499852,
    -0.24522326573714912,
    0.7592140911795405,
    0.09998350791378947,
    -0.6057287129338635,
    -0.6418081715114072,
    0.29303727760753784,
    -0.1917037869843455,
    -2.122962308746549,
    -0.6793649533469822,
    -0.987851580503961,
    -0.27840998052119115,
    0.34017986375337794,
    -0.7911553836378211,
    1.190272940455101,
    -0.2665304511771393,
    0.2756718288680602,
    1.2608362884834285,
    0.06658766340656583,
    -1.766452321945332,
    -0.4258008761684762,
    0.8567388409839741,
    -0.9055373816130602,
    0.038111151442309456,
    2.141797987552975,
    -2.045827456262088,
    0.01930679772014023,
    0.14849415328821988,
    0.6790812143385943,
    -0.12499650868311762,
    0.4227805966558703,
    0.8073099391223143,
    -0.01409628649392204,
    -0.7375692902463022,
    -0.1512901467951608,
    -0.3611743240555651,
    0.6487892642511185,
    -2.0709846876579356,
    -0.473196839843512,
    -0.1544759587614366,
    1.7322771667919536,
    -1.3781760397344864,
    -0.2210062153656917,
    0.4674520631597887,
    -1.091070388436144,
    -0.6370226219272784,
    1.1876608077744073,
    1.5719517008187671,
    0.261668957373938,
    -0.6426903738797143,
    -1.1264123969645854,
    -0.5253576086298252,
    -0.14833245255209415,
    1.7443631071501258,
    -0.1182380306721957,
    -0.15103863309848306,
    -1.234643997070651,
    -0.16726845610761062,
    -0.38140594669714906,
    0.146228673134383,
    0.849441048538853,
    0.42044600918343344,
    -0.021036198814406017,
    1.128377701167276,
    -0.5605839096707003,
    0.10355263766370273,
    -0.5029245418931702,
    0.28721668994214256,
    0.4957813372480197,
    -0.04408254654951099,
    -0.046946387378407214,
    -1.695312307637463,
    -0.3196989696922662,
    -1.449484813729407,
    0.8195932097743845,
    -0.7164711671867361,
    -1.1842914001827067,
    -0.4242895556575475,
    2.038838203624182,
    0.178259298358987,
    1.853234645228263,
    -1.1433588147883207,
    -0.8417839061531343,
    -1.8469089969304646,
    -0.05134794086638572,
    0.9625741902496002,
    -0.2721583403271847,
    -0.27383937068487085,
    2.188822993632374,
    -0.012009905716253821,
    0.4532351306136964,
    0.969312609239448,
    -0.4950489364791078,
    0.2529884311903127,
    0.4948463266302025,
    -0.8117848043559298,
    0.3741425242919304,
    0.625710967152094,
    -0.41520864685887426,
    1.1208988207430646,
    0.5991572333525385,
    -1.0922121667006015,
    -1.9342993776915,
    0.7563190064450245,
    0.05042869596044631,
    0.03191084319216582,
    -1.634767644751272,
    -1.2605091414182148,
    -0.4638821725189381,
    0.20142221410810848,
    -0.4632824798595835,
    1.0223303322738166,
    -0.2754869589849058,
    0.680119645376725,
    0.8861017329750459,
    0.45199169642272463,
    0.0975209279706701,
    -0.8085948414500038,
    -0.10079734592725775,
    0.5274970288457547,
    0.028105519349007412,
    2.2696050874426614,
    0.7668661086098749,
    -0.04331117352432932,
    0.2202438896576093,
    -0.223852493222454,
    -0.20913076933375413,
    0.8629314826403663,
    0.21537007289644977,
    1.627997194059596,
    0.5689008152714355,
    0.9209730331475391,
    0.3841549190916477,
    -1.4141683368573816,
    -0.361625283958412,
    -0.24961879800937517,
    -2.5221605645386176,
    -1.0021398192019708,
    -0.2019677324597247,
    -1.7177532515192535,
    0.2952573865091697,
    1.1967781602067735,
    -0.44974338357185323,
    -0.21279345356027807,
    -1.367287124271659,
    -0.5209022742038983,
    -0.5887142102068437,
    -1.1947124374401223,
    -0.2512967496473993,
    0.09863093741880584,
    1.1659198376086448,
    -0.27046821532897636,
    0.1514028238743623,
    -0.2409914455834196,
    1.0302686753368575,
    -1.4906706327154196,
    0.441222611582074,
    -2.8312985861536415,
    1.3602255568121857,
    -1.6241372926237503,
    -0.28795896315455555,
    -0.39268089888244023,
    0.19514609292651255,
    0.7552788026180833,
    1.191794365915872,
    -0.030681416955901344,
    2.292019233137846,
    0.20430313005810194,
    0.5965251330005474,
    0.8731119686762452,
    0.6733158819864034,
    -0.3680098756390396,
    -2.225903643746691,
    0.8212826821084166,
    1.5038291713141723,
    -0.6507357950571034,
    1.0700608542395114,
    -0.19757127246691172,
    0.6455502495472466,
    -0.4927542442255942,
    0.5583904997109881,
    -1.1199991246100152,
    -0.10548082342735131,
    -0.9344510558297068,
    0.2122587573093675,
    0.2007708098062528,
    -0.9756760518406893,
    -1.467046982553755,
    -1.0664387239709285,
    -0.23573517790234766,
    -0.356257098931345,
    0.11720779962189865,
    0.2795326339499143,
    -0.3800882323677982,
    1.9946896419827782,
    -0.8020789395314905,
    -2.4500725089208983,
    0.3090495849196658,
    -0.6129367820786321,
    0.2099527548414572,
    -1.471228050414789,
    0.7508899783268921,
    -0.4904426517486238,
    0.722914,
    -0.8835247643049761,
    -0.38880383890726333,
    -0.4934854228153986,
    -1.4317828618891686,
    0.3901224906291163,
    -0.41976963159436853,
    0.5541010247838123,
    0.8005014896682364,
    1.0211491635046426,
    -0.7171908949483641,
    0.8014822645875406,
    0.6788074709766143,
    -0.26020627618913034,
    0.2858978139779047,
    1.4231199102239056,
    -0.4784489359904017,
    -0.1809310152074937,
