{
  "model": "meta-llama/Llama-4-Scout-17B-16E-Instruct",
  "distribution": "Laplace(loc={loc}, scale={scale})",
  "mode": "batch_generation",
  "generation_time": 117.11617350578308,
  "statistics": {
    "requested_samples": 1000,
    "total_samples": 860,
    "deviation_pct": -14.000000000000002,
    "unique_values": 860,
    "unique_rate": 100.0,
    "mean": 0.10992699274069768,
    "std": 0.7928340779784111,
    "min": -1.45563456,
    "max": 1.69294031,
    "ks_statistic": 0.181843307519707,
    "ks_pvalue": 2.3386624987652285e-25
  },
  "samples": [
    -0.038134529,
    0.475142344,
    -0.989984012,
    0.200492415,
    1.18184083,
    -1.43223567,
    0.683292347,
    -0.115775859,
    -0.81587456,
    1.51434637,
    0.864978266,
    -0.469612255,
    -0.217822176,
    0.303846261,
    0.669872646,
    -1.19395377,
    -0.63639641,
    1.03682194,
    0.087921206,
    -0.79502277,
    -0.345750416,
    1.68313935,
    0.468549222,
    0.225520358,
    -1.13065578,
    1.27073535,
    -0.57557473,
    -0.945360917,
    0.38372769,
    0.813799804,
    -0.289668665,
    1.45677464,
    -0.661774522,
    -1.03647059,
    0.154791115,
    0.953596485,
    -0.191646941,
    0.356678422,
    0.510417962,
    -0.904508497,
    -0.49185387,
    -0.26073251,
    1.16135021,
    0.671787836,
    -0.68414138,
    0.705133531,
    0.154692991,
    -1.40051543,
    1.21593263,
    -0.774358227,
    -0.24465011,
    -0.937988515,
    -0.407366273,
    1.69294031,
    0.272263753,
    -0.89038657,
    0.935479616,
    0.715528704,
    -0.645988421,
    -0.196598493,
    0.551397052,
    -0.441127695,
    1.03660753,
    0.611793075,
    0.814791534,
    -0.265656867,
    -1.20266174,
    -0.411827184,
    0.512669106,
    -0.950273785,
    -0.619775962,
    -0.30839779,
    0.97543287,
    1.16679074,
    0.459701982,
    1.27346741,
    0.534856574,
    0.24197528,
    -0.998321059,
    -1.21129945,
    1.46093233,
    -0.427986178,
    0.966338414,
    -0.797155347,
    -0.676027262,
    0.317576497,
    -0.76246938,
    0.873131655,
    -0.757429336,
    1.27214323,
    -0.50517833,
    1.03847939,
    0.392732542,
    0.78033496,
    -1.01463793,
    0.61255086,
    -1.18353591,
    0.856249872,
    0.932635372,
    0.243980414,
    -0.360731369,
    -0.62514193,
    -0.642350253,
    -0.955712866,
    -0.17236785,
    -1.45563456,
    1.35463073,
    -0.938657653,
    0.153744662,
    0.534881694,
    1.02232092,
    1.20494449,
    0.959552485,
    0.767266586,
    -0.338849813,
    -0.41573131,
    0.263732994,
    0.439564811,
    -0.589621385,
    -0.663060226,
    1.48086428,
    -0.679798453,
    -0.411812411,
    0.75848967,
    -1.18842842,
    0.67392681,
    -1.04893587,
    0.98324052,
    0.406571432,
    -1.10935494,
    1.14356737,
    -0.619849027,
    0.671013232,
    -1.25688622,
    -0.427843059,
    -0.69158583,
    0.553905245,
    0.856438896,
    0.73953348,
    -0.76214293,
    -0.87250718,
    1.17744013,
    1.30370382,
    0.23184713,
    -0.564786286,
    -0.776351631,
    0.911489957,
    -0.70051859,
    0.291960336,
    0.863418236,
    0.443878282,
    -1.34752663,
    0.382957166,
    -1.01125564,
    -0.850449495,
    1.04627241,
    -0.941655742,
    -0.514613768,
    -0.951823976,
    0.875864976,
    -0.441769061,
    0.904399386,
    -0.63763469,
    -0.199340833,
    0.718385946,
    -0.960371564,
    0.478991314,
    -0.980990852,
    0.306122964,
    0.575051077,
    1.39598046,
    -0.91978634,
    -1.00313494,
    -0.380569124,
    0.762896681,
    -0.997948441,
    0.470978134,
    0.420619846,
    -0.881310479,
    0.328560329,
    1.21095021,
    -0.487692454,
    0.609790994,
    -0.775961576,
    0.975639176,
    -1.21299143,
    -0.425964714,
    1.03380049,
    1.04169241,
    0.313254441,
    0.695662692,
    0.371077526,
    0.571930847,
    0.618820704,
    -0.444299179,
    -0.335937447,
    0.64030194,
    0.405118273,
    -1.14256139,
    0.50744212,
    -1.14437127,
    -0.387203472,
    1.24051096,
    0.825370361,
    0.883008167,
    1.26456429,
    0.638354136,
    0.864731245,
    -0.797447113,
    -0.651764301,
    0.44491775,
    -0.687743257,
    0.350742792,
    -0.936654297,
    1.18631469,
    -0.387552816,
    -0.475151932,
    -0.613342717,
    0.929423581,
    1.28512253,
    -1.03173452,
    -0.208816917,
    1.20417054,
    -0.592514055,
    -0.939489267,
    0.69452121,
    0.914178274,
    -1.17296947,
    0.657665973,
    -0.765302515,
    0.33861775,
    -0.99020591,
    -0.226200624,
    -0.750266329,
    0.976230947,
    0.266184533,
    -0.651585153,
    0.598251163,
    -1.14547977,
    -0.932890687,
    -0.73107589,
    -0.358620758,
    -0.551581111,
    0.98338295,
    0.51060636,
    0.35258178,
    -0.618791533,
    -0.512429245,
    -1.04052769,
    -0.441915143,
    -1.20311135,
    0.774885427,
    -1.09979918,
    0.435380956,
    0.394090749,
    0.748992431,
    0.290604776,
    -1.04245994,
    -1.01249364,
    0.582269134,
    -0.940227226,
    -0.37482124,
    0.602482133,
    0.676546217,
    -0.869697527,
    -1.30389536,
    -0.679350674,
    1.08943147,
    -0.403297355,
    0.942444892,
    0.850173256,
    0.22925521,
    -0.61663973,
    0.73310847,
    -1.12214578,
    -0.383681871,
    -0.416850235,
    0.818245872,
    -0.54902731,
    -0.987430419,
    -1.04771734,
    -0.723595864,
    0.754626256,
    0.520659631,
    0.809253612,
    1.19682146,
    -0.618207355,
    -1.15550885,
    -0.719797469,
    -0.270783486,
    -0.439737181,
    -1.19557118,
    -0.492280034,
    1.14798321,
    0.854427307,
    0.800415325,
    0.69198374,
    1.05989096,
    0.636723377,
    0.464630489,
    0.275644151,
    -0.827296392,
    0.567518998,
    0.801158561,
    0.424633931,
    0.492295918,
    -0.985651306,
    0.855640928,
    0.869633059,
    -0.648618615,
    0.685486539,
    0.953301533,
    0.325963596,
    0.704985396,
    -0.874340691,
    0.796430497,
    0.806825755,
    -0.435307116,
    -1.23661123,
    0.388990677,
    0.566400422,
    1.20583235,
    -0.725069531,
    1.04266597,
    1.27179481,
    0.704990931,
    -0.820818697,
    -0.839713737,
    0.981301158,
    0.229150556,
    0.678955684,
    -1.07297891,
    0.553273872,
    0.441991929,
    -0.552215846,
    0.475127194,
    1.01669092,
    0.850998791,
    0.987948143,
    -0.878891193,
    -0.916607419,
    -0.487524655,
    0.332990402,
    -0.725730554,
    -0.562940303,
    -0.729148405,
    0.790550384,
    1.13332185,
    -0.89062514,
    0.95353385,
    -0.637351207,
    0.786240465,
    -0.420526692,
    0.853097941,
    -0.959823524,
    0.786508633,
    0.825384843,
    -0.683249835,
    -1.00087434,
    0.416168386,
    0.948207497,
    -0.611370794,
    -0.805906497,
    -0.454700425,
    1.02157327,
    0.810511796,
    -0.447197534,
    -0.889877156,
    0.607406749,
    0.690275107,
    0.43038071,
    -0.978982653,
    -0.835429911,
    -0.455877786,
    -0.658995104,
    1.13349045,
    0.900143262,
    -0.575193138,
    0.613454997,
    1.25778255,
    0.443220851,
    -0.728314626,
    -0.960436871,
    0.645548828,
    -0.613171611,
    -0.800273941,
    -0.562865667,
    1.05627033,
    -0.833879635,
    -0.331971325,
    0.405235496,
    1.14061491,
    0.904389702,
    1.20475374,
    0.914313986,
    -0.317838821,
    0.595540464,
    -0.652421876,
    -0.584485791,
    0.904618633,
    0.501237366,
    -0.925371207,
    0.755327522,
    0.418914243,
    0.930476368,
    -0.662147093,
    0.960567407,
    -0.609343886,
    -0.413521408,
    0.595969514,
    1.19754421,
    -0.815503111,
    -0.46444192,
    0.611554764,
    -0.530725133,
    -0.765210573,
    0.424975947,
    0.518038012,
    1.24307494,
    0.540533973,
    1.03619319,
    1.00253048,
    0.956933243,
    -0.855685349,
    0.509430237,
    0.331426235,
    0.715357832,
    -0.40965973,
    0.860307374,
    1.22298564,
    0.568508043,
    -0.631827316,
    -0.586496661,
