{
  "model": "mistralai/Mistral-Small-3.2-24B-Instruct-2506",
  "distribution": "Laplace(loc={loc}, scale={scale})",
  "mode": "batch_generation",
  "generation_time": 124.72005009651184,
  "statistics": {
    "requested_samples": 1000,
    "total_samples": 589,
    "deviation_pct": -41.0,
    "unique_values": 38,
    "unique_rate": 6.440677966101695,
    "mean": 0.4696655348047538,
    "std": 0.7700972697920585,
    "min": -2.345,
    "max": 1.901,
    "ks_statistic": 0.3985461348212845,
    "ks_pvalue": 4.634847128321192e-85
  },
  "samples": [
    0.0,
    1.0,
    0.237,
    -1.345,
    0.789,
    -0.123,
    1.456,
    -2.345,
    0.678,
    -0.987,
    1.234,
    -0.567,
    0.89,
    -1.123,
    0.345,
    -0.789,
    1.678,
    -1.901,
    0.456,
    -0.234,
    0.123,
    -0.567,
    1.789,
    -0.456,
    1.345,
    -0.789,
    0.123,
    0.345,
    -1.678,
    -2.345,
    0.89,
    0.456,
    -1.234,
    0.678,
    -0.345,
    0.901,
    -0.789,
    1.234,
    -0.123,
    0.567,
    -1.901,
    0.345,
    -0.456,
    0.789,
    -1.345,
    1.123,
    -0.234,
    0.89,
    -1.678,
    0.567,
    -0.987,
    0.456,
    1.234,
    -0.678,
    0.345,
    -1.456,
    0.789,
    -0.123,
    1.345,
    -2.345,
    0.678,
    -1.901,
    0.234,
    -0.567,
    0.89,
    1.456,
    -0.789,
    0.345,
    -1.234,
    0.678,
    0.123,
    -0.456,
    0.987,
    -1.345,
    1.678,
    -0.234,
    0.567,
    -0.789,
    1.123,
    0.456,
    -1.901,
    0.345,
    -0.678,
    0.789,
    -1.456,
    0.123,
    0.567,
    -1.345,
    0.987,
    -0.345,
    0.678,
    1.234,
    -1.678,
    0.456,
    0.89,
    -0.789,
    1.456,
    -0.123,
    1.345,
    -0.678,
    0.89,
    0.456,
    -1.234,
    0.345,
    0.123,
    0.789,
    -0.567,
    1.678,
    -1.901,
    0.234,
    -0.89,
    0.678,
    1.123,
    -0.345,
    0.789,
    0.567,
    -1.456,
    0.123,
    0.89,
    -0.456,
    0.234,
    0.987,
    -1.345,
    0.678,
    0.345,
    -0.789,
    1.678,
    0.123,
    -0.789,
    1.123,
    0.567,
    0.678,
    -0.456,
    0.89,
    1.345,
    -0.345,
    0.234,
    -0.678,
    0.987,
    -1.901,
    0.456,
    0.789,
    0.123,
    0.345,
    0.567,
    1.345,
    -1.234,
    0.678,
    0.89,
    -0.456,
    1.456,
    0.234,
    -0.678,
    0.789,
    1.234,
    0.345,
    0.123,
    1.123,
    -1.678,
    0.456,
    -0.789,
    1.345,
    0.678,
    0.89,
    0.234,
    -0.345,
    0.987,
    -0.123,
    0.567,
    0.345,
    1.456,
    -1.345,
    0.789,
    0.678,
    -0.89,
    1.345,
    0.234,
    -0.456,
    0.678,
    0.345,
    0.987,
    -1.901,
    1.234,
    -0.567,
    0.789,
    0.456,
    1.678,
    0.345,
    0.89,
    -0.123,
    1.345,
    -0.678,
    0.789,
    1.123,
    0.456,
    0.345,
    0.678,
    -0.234,
    1.456,
    0.789,
    0.123,
    -0.345,
    0.987,
    0.678,
    1.234,
    0.345,
    -0.789,
    1.345,
    -0.567,
    0.89,
    0.678,
    0.456,
    0.123,
    1.901,
    -0.789,
    1.345,
    0.678,
    0.89,
    0.234,
    0.123,
    -0.345,
    0.567,
    1.456,
    -1.901,
    0.456,
    0.789,
    0.678,
    1.345,
    0.123,
    0.987,
    1.678,
    0.345,
    0.456,
    -0.678,
    0.89,
    0.234,
    -0.789,
    1.345,
    0.123,
    0.345,
    0.987,
    0.456,
    0.678,
    1.123,
    -1.345,
    0.789,
    0.89,
    0.456,
    0.234,
    1.678,
    -1.901,
    0.987,
    0.123,
    0.345,
    0.789,
    0.567,
    1.345,
    0.456,
    -0.678,
    1.234,
    0.345,
    0.678,
    -1.456,
    0.89,
    0.123,
    0.234,
    1.345,
    0.456,
    1.901,
    0.678,
    0.89,
    -0.345,
    1.678,
    0.123,
    0.567,
    1.345,
    0.789,
    0.456,
    0.234,
    1.123,
    -0.345,
    0.987,
    0.678,
    0.456,
    0.89,
    -0.789,
    0.345,
    1.234,
    0.678,
    0.123,
    0.567,
    -0.89,
    1.901,
    0.456,
    1.345,
    0.678,
    0.234,
    0.789,
    0.987,
    0.123,
    1.234,
    0.345,
    1.678,
    0.456,
    0.89,
    0.678,
    -1.345,
    0.234,
    -0.987,
    0.789,
    1.678,
    0.456,
    0.123,
    0.345,
    1.345,
    0.234,
    0.89,
    0.567,
    1.123,
    0.789,
    0.456,
    0.678,
    1.345,
    0.234,
    0.345,
    1.901,
    0.567,
    1.345,
    0.123,
    0.678,
    0.987,
    0.234,
    0.456,
    0.789,
    0.123,
    1.678,
    -0.678,
    0.987,
    0.345,
    1.123,
    0.678,
    0.234,
    0.456,
    0.89,
    0.123,
    1.901,
    0.789,
    0.567,
    1.345,
    0.234,
    0.345,
    0.678,
    0.456,
    1.456,
    0.987,
    0.123,
    0.567,
    0.89,
    0.678,
    0.789,
    1.901,
    0.345,
    0.456,
    0.678,
    0.123,
    0.567,
    1.345,
    0.456,
    0.234,
    0.987,
    1.345,
    0.678,
    1.678,
    0.789,
    0.345,
    0.234,
    0.456,
    1.456,
    0.987,
    0.678,
    0.567,
    1.123,
    0.345,
    1.901,
    0.89,
    0.123,
    0.567,
    1.234,
    0.678,
    0.345,
    0.234,
    0.987,
    0.456,
    0.89,
    1.678,
    0.123,
    0.789,
    0.567,
    1.345,
    0.456,
    0.987,
    0.123,
    0.345,
    1.234,
    0.678,
    0.89,
    0.456,
    1.678,
    0.987,
    0.123,
    0.789,
    1.234,
    0.567,
    0.89,
    0.234,
    0.123,
    0.456,
    0.987,
    1.345,
    0.678,
    0.789,
    0.567,
    0.456,
    1.345,
    0.234,
    0.678,
    0.987,
    0.567,
    0.123,
    0.89,
    1.901,
    0.456,
    1.123,
    0.789,
    1.234,
    0.567,
    0.345,
    1.456,
    0.89,
    0.123,
    0.789,
    1.678,
    0.987,
    0.456,
    0.345,
    0.234,
    0.567,
    1.345,
    1.123,
    0.678,
    1.345,
    0.789,
    0.987,
    0.123,
    0.567,
    0.678,
    0.345,
    0.123,
    1.901,
    0.456,
    1.234,
    0.789,
    0.89,
    0.987,
    0.456,
    0.678,
    0.345,
    0.234,
    1.345,
    0.567,
    0.123,
    0.123,
    0.234,
    0.123,
    0.345,
    0.89,
    0.345,
    1.678,
    0.987,
    0.234,
    0.89,
    0.678,
    0.789,
    1.345,
    0.678,
    0.123,
    0.567,
    0.456,
    0.789,
    1.234,
    0.987,
    0.678,
    0.89,
    0.123,
    0.567,
    0.345,
    1.123,
    0.345,
    0.456,
    1.456,
    0.987,
    0.678,
    0.345,
    0.345,
    0.234,
    0.567,
    0.789,
    0.678,
    0.123,
    1.345,
    0.89,
    0.123,
    0.234,
    0.456,
    0.567,
    0.987,
    0.234,
    0.678,
    0.89,
    0.123,
    0.567,
    1.123,
    0.345,
    0.456,
    1.456,
    0.678,
    1.345,
    0.789,
    0.89,
    0.234,
    0.345,
    0.123,
    0.567,
    0.678,
    0.89,
    1.678,
    0.123,
    0.345,
    0.678,
    1.234,
    0.456,
    0.789,
    0.89,
    0.345,
    0.678,
    0.234,
    1.345,
    0.567,
    0.123,
    0.345,
    0.987,
    0.678,
    0.234,
    0.89,
    1.123,
    0.456,
    1.345,
    0.678,
    0.234,
    0.89,
    0.456,
    1.678,
    0.123,
    0.567,
    0.789,
    0.89,
    0.234,
    0.345,
    0.678,
    0.123,
    0.456,
    0.987,
    0.345,
    0.678,
    0.234,
    0.123,
    0.678,
    0.567,
    0.234,
    0.89,
    0.456,
    0.123,
    0.678,
    1.345,
    0.567,
    0.89,
    0.234,
    0.987,
    1.67
  ],
  "timestamp": "2025-11-23 09:48:52"
}