{
  "model": "moonshotai/Kimi-K2-Instruct-0905",
  "distribution": "Laplace(loc={loc}, scale={scale})",
  "mode": "batch_generation",
  "generation_time": 33.79080319404602,
  "statistics": {
    "requested_samples": 1000,
    "total_samples": 449,
    "deviation_pct": -55.1,
    "unique_values": 358,
    "unique_rate": 79.73273942093542,
    "mean": -0.10843429844097996,
    "std": 0.6826584004957529,
    "min": -2.493,
    "max": 2.005,
    "ks_statistic": 0.17426046415860041,
    "ks_pvalue": 2.1474427659155895e-12
  },
  "samples": [
    -1.847,
    0.326,
    -0.094,
    0.731,
    -1.291,
    2.005,
    -0.558,
    0.041,
    -2.493,
    0.912,
    -0.203,
    0.017,
    -0.874,
    1.065,
    -0.671,
    0.289,
    -1.534,
    0.473,
    -0.386,
    0.619,
    -0.077,
    -0.198,
    0.544,
    -1.112,
    0.251,
    0.154,
    -0.423,
    0.087,
    -0.962,
    0.39,
    -0.735,
    0.828,
    -1.608,
    0.699,
    -0.521,
    0.132,
    0.478,
    -0.34,
    0.921,
    -1.739,
    0.063,
    -0.259,
    0.804,
    -0.607,
    0.198,
    -0.444,
    0.672,
    -0.113,
    1.129,
    -0.866,
    0.059,
    -0.531,
    0.37,
    -0.175,
    0.952,
    -1.403,
    0.245,
    -0.668,
    0.518,
    -0.091,
    -0.784,
    1.187,
    -0.429,
    0.287,
    -1.246,
    0.764,
    -0.393,
    0.133,
    -0.604,
    0.98,
    -0.228,
    0.415,
    -1.591,
    0.037,
    -0.499,
    0.669,
    -0.156,
    -1.072,
    0.846,
    -0.348,
    0.219,
    -0.782,
    0.654,
    -0.267,
    0.502,
    -1.318,
    0.081,
    -0.643,
    0.776,
    -0.223,
    0.399,
    -0.915,
    0.634,
    -0.195,
    0.359,
    -1.462,
    0.598,
    -0.308,
    0.113,
    -0.849,
    1.047,
    -0.562,
    0.329,
    -0.089,
    -1.203,
    0.687,
    -0.474,
    0.254,
    -0.658,
    0.88,
    -0.171,
    0.467,
    -1.377,
    0.01,
    -0.526,
    0.621,
    -0.142,
    -0.996,
    0.758,
    -0.405,
    0.182,
    -0.734,
    0.543,
    -0.21,
    0.613,
    -1.285,
    0.046,
    -0.583,
    0.396,
    -0.118,
    0.421,
    -0.869,
    0.722,
    -0.241,
    0.334,
    -1.521,
    0.549,
    -0.363,
    0.147,
    -0.793,
    1.004,
    -0.517,
    0.271,
    -0.067,
    -1.149,
    0.712,
    -0.448,
    0.296,
    -0.689,
    0.837,
    -0.186,
    0.453,
    -1.342,
    0.027,
    -0.541,
    0.585,
    -0.128,
    -0.934,
    0.798,
    -0.379,
    0.201,
    -0.756,
    0.573,
    -0.249,
    0.481,
    -1.269,
    0.068,
    -0.597,
    0.383,
    -0.104,
    0.368,
    -0.893,
    0.701,
    -0.229,
    0.345,
    -1.489,
    0.579,
    -0.351,
    0.162,
    -0.811,
    0.986,
    -0.498,
    0.283,
    -0.075,
    -1.175,
    0.679,
    -0.459,
    0.318,
    -0.667,
    0.847,
    -0.198,
    0.439,
    -1.358,
    0.038,
    -0.513,
    0.607,
    -0.134,
    -0.912,
    0.788,
    -0.387,
    0.213,
    -0.742,
    0.555,
    -0.256,
    0.469,
    -1.277,
    0.055,
    -0.571,
    0.388,
    -0.098,
    0.374,
    -0.881,
    0.715,
    -0.234,
    0.338,
    -1.506,
    0.564,
    -0.366,
    0.155,
    -0.798,
    0.993,
    -0.51,
    0.278,
    -0.072,
    -1.162,
    0.69,
    -0.455,
    0.311,
    -0.673,
    0.842,
    -0.193,
    0.446,
    -1.35,
    0.032,
    -0.548,
    0.592,
    -0.13,
    -0.928,
    0.791,
    -0.382,
    0.208,
    -0.749,
    0.568,
    -0.252,
    0.476,
    -1.273,
    0.061,
    -0.588,
    0.381,
    -0.101,
    0.371,
    -0.887,
    0.708,
    -0.232,
    0.341,
    -1.502,
    0.567,
    -0.363,
    0.158,
    -0.805,
    0.989,
    -0.504,
    0.281,
    -0.074,
    -1.168,
    0.684,
    -0.457,
    0.314,
    -0.67,
    0.844,
    -0.196,
    0.443,
    -1.354,
    0.035,
    -0.53,
    0.599,
    -0.132,
    -0.92,
    0.789,
    -0.385,
    0.21,
    -0.745,
    0.561,
    -0.254,
    0.472,
    -1.275,
    0.058,
    -0.579,
    0.384,
    -0.099,
    0.372,
    -0.884,
    0.711,
    -0.233,
    0.339,
    -1.504,
    0.565,
    -0.365,
    0.156,
    -0.802,
    0.991,
    -0.507,
    0.279,
    -0.073,
    -1.165,
    0.686,
    -0.456,
    0.312,
    -0.672,
    0.843,
    -0.194,
    0.444,
    -1.352,
    0.033,
    -0.549,
    0.593,
    -0.131,
    -0.924,
    0.79,
    -0.383,
    0.209,
    -0.747,
    0.569,
    -0.253,
    0.474,
    -1.274,
    0.059,
    -0.583,
    0.382,
    -0.1,
    0.373,
    -0.885,
    0.709,
    -0.232,
    0.34,
    -1.503,
    0.566,
    -0.364,
    0.157,
    -0.803,
    0.99,
    -0.505,
    0.28,
    -0.074,
    -1.167,
    0.685,
    -0.458,
    0.313,
    -0.671,
    0.843,
    -0.195,
    0.443,
    -1.353,
    0.034,
    -0.539,
    0.596,
    -0.132,
    -0.922,
    0.79,
    -0.384,
    0.209,
    -0.746,
    0.56,
    -0.253,
    0.473,
    -1.274,
    0.06,
    -0.581,
    0.383,
    -0.1,
    0.372,
    -0.886,
    0.71,
    -0.233,
    0.34,
    -1.503,
    0.565,
    -0.364,
    0.157,
    -0.802,
    0.99,
    -0.506,
    0.28,
    -0.073,
    -1.166,
    0.685,
    -0.457,
    0.313,
    -0.671,
    0.843,
    -0.195,
    0.443,
    -1.353,
    0.034,
    -0.548,
    0.593,
    -0.131,
    -0.923,
    0.79,
    -0.384,
    0.209,
    -0.746,
    0.569,
    -0.253,
    0.473,
    -1.274,
    0.059,
    -0.582,
    0.382,
    -0.1,
    0.372,
    -0.885,
    0.71,
    -0.232,
    0.34,
    -1.503,
    0.566,
    -0.364,
    0.157,
    -0.802,
    0.99,
    -0.505,
    0.28,
    -0.074,
    -1.167,
    0.685,
    -0.457,
    0.313,
    -0.671,
    0.843,
    -0.195,
    0.443,
    -1.353,
    0.034,
    -0.548,
    0.593,
    -0.131,
    -0.923,
    0.79,
    -0.384,
    0.209,
    -0.746,
    0.569,
    -0.253,
    0.473,
    -1.274,
    0.059,
    -0.582,
    0.382
  ],
  "timestamp": "2025-11-23 09:49:28"
}