{
  "model": "openai/gpt-oss-120b",
  "distribution": "Laplace(loc={loc}, scale={scale})",
  "mode": "batch_generation",
  "generation_time": 75.64246034622192,
  "statistics": {
    "requested_samples": 1000,
    "total_samples": 1000,
    "deviation_pct": 0.0,
    "unique_values": 621,
    "unique_rate": 62.1,
    "mean": -0.04519129999999998,
    "std": 0.3932688618512935,
    "min": -3.214,
    "max": 2.1035,
    "ks_statistic": 0.25768516133037167,
    "ks_pvalue": 4.783907180280749e-59
  },
  "samples": [
    0.342,
    -1.7654,
    0.00987,
    -0.254,
    2.1035,
    -0.014,
    0.785,
    -0.6321,
    0.0012,
    -3.214,
    0.4567,
    -0.0987,
    1.876,
    -0.0043,
    0.302,
    -2.58,
    0.067,
    -0.749,
    0.1345,
    -0.223,
    0.999,
    -0.331,
    0.0056,
    -1.112,
    0.842,
    -0.0021,
    0.2189,
    -0.5678,
    0.123,
    -0.889,
    0.447,
    -0.071,
    0.00098,
    -0.432,
    1.332,
    -0.0156,
    0.288,
    -0.698,
    0.055,
    -2.001,
    0.673,
    -0.019,
    0.904,
    -0.384,
    0.0091,
    -0.56,
    0.241,
    -0.0012,
    0.333,
    -0.712,
    0.119,
    -0.995,
    0.456,
    -0.034,
    0.0013,
    -1.456,
    0.222,
    -0.889,
    0.077,
    -0.165,
    0.398,
    -0.0025,
    0.742,
    -0.341,
    0.0099,
    -0.588,
    0.256,
    -0.037,
    0.0001,
    -1.87,
    0.513,
    -0.026,
    0.321,
    -0.754,
    0.084,
    -0.0198,
    0.697,
    -0.108,
    0.0044,
    -0.429,
    0.566,
    -0.0032,
    0.918,
    -0.247,
    0.013,
    -0.666,
    0.198,
    -0.0045,
    0.751,
    -0.332,
    0.00045,
    -0.91,
    0.34,
    -0.0029,
    0.124,
    -0.777,
    0.058,
    -0.014,
    0.902,
    -0.38,
    0.0047,
    -0.215,
    0.661,
    -0.091,
    0.022,
    -0.503,
    0.129,
    -0.0078,
    0.845,
    -0.332,
    0.018,
    -0.149,
    0.497,
    -0.0011,
    0.231,
    -0.698,
    0.0065,
    -0.084,
    0.354,
    -0.262,
    0.073,
    -0.937,
    0.281,
    -0.0056,
    0.619,
    -0.21,
    0.014,
    -0.442,
    0.493,
    -0.025,
    0.0003,
    -0.801,
    0.378,
    -0.013,
    0.915,
    -0.558,
    0.095,
    -0.0022,
    0.267,
    -0.378,
    0.043,
    -0.019,
    0.612,
    -0.344,
    0.007,
    -0.492,
    0.203,
    -0.941,
    0.332,
    -0.0067,
    0.548,
    -0.123,
    0.0018,
    -0.377,
    0.782,
    -0.058,
    0.019,
    -0.221,
    0.397,
    -0.009,
    0.824,
    -0.186,
    0.0034,
    -0.711,
    0.254,
    -0.037,
    0.009,
    -0.834,
    0.119,
    -0.044,
    0.643,
    -0.002,
    0.025,
    -0.567,
    0.332,
    -0.018,
    0.089,
    -0.361,
    0.0075,
    -0.223,
    0.514,
    -0.092,
    0.0021,
    -0.676,
    0.352,
    -0.004,
    0.118,
    -0.54,
    0.047,
    -0.0013,
    0.735,
    -0.084,
    0.015,
    -0.322,
    0.251,
    -0.0089,
    0.003,
    -0.719,
    0.156,
    -0.027,
    0.0089,
    -0.332,
    0.472,
    -0.015,
    0.0012,
    -0.845,
    0.254,
    -0.043,
    0.067,
    -0.112,
    0.389,
    -0.003,
    0.523,
    -0.298,
    0.009,
    -0.571,
    0.145,
    -0.025,
    0.032,
    -0.789,
    0.906,
    -0.014,
    0.203,
    -0.456,
    0.012,
    -0.331,
    0.77,
    -0.0054,
    0.287,
    -0.118,
    0.0019,
    -0.662,
    0.444,
    -0.071,
    0.054,
    -0.0025,
    0.361,
    -0.108,
    0.029,
    -0.589,
    0.207,
    -0.006,
    0.673,
    -0.033,
    0.0011,
    -0.447,
    0.512,
    -0.019,
    0.083,
    -0.902,
    0.324,
    -0.012,
    0.008,
    -0.537,
    0.191,
    -0.017,
    0.043,
    -0.241,
    0.701,
    -0.0098,
    0.005,
    -0.333,
    0.187,
    -0.027,
    0.009,
    -0.776,
    0.119,
    -0.032,
    0.0047,
    -0.113,
    0.398,
    -0.005,
    0.021,
    -0.289,
    0.601,
    -0.044,
    0.0033,
    -0.615,
    0.255,
    -0.048,
    0.0009,
    -0.335,
    0.444,
    -0.021,
    0.0083,
    -0.542,
    0.173,
    -0.009,
    0.312,
    -0.626,
    0.017,
    -0.004,
    0.753,
    -0.131,
    0.024,
    -0.395,
    0.086,
    -0.0087,
    0.0015,
    -0.698,
    0.332,
    -0.018,
    0.0098,
    -0.254,
    0.147,
    -0.0032,
    0.621,
    -0.094,
    0.012,
    -0.455,
    0.282,
    -0.007,
    0.001,
    -0.823,
    0.509,
    -0.036,
    0.083,
    -0.194,
    0.231,
    -0.0056,
    0.414,
    -0.281,
    0.0072,
    -0.612,
    0.155,
    -0.048,
    0.029,
    -0.774,
    0.378,
    -0.009,
    0.023,
    -0.332,
    0.689,
    -0.014,
    0.0061,
    -0.541,
    0.247,
    -0.032,
    0.0017,
    -0.878,
    0.395,
    -0.018,
    0.053,
    -0.527,
    0.112,
    -0.007,
    0.314,
    -0.262,
    0.0089,
    -0.101,
    0.572,
    -0.041,
    0.0023,
    -0.613,
    0.184,
    -0.0099,
    0.042,
    -0.234,
    0.657,
    -0.016,
    0.001,
    -0.459,
    0.389,
    -0.022,
    0.015,
    -0.698,
    0.278,
    -0.005,
    0.009,
    -0.342,
    0.111,
    -0.037,
    0.022,
    -0.751,
    0.433,
    -0.014,
    0.006,
    -0.598,
    0.342,
    -0.011,
    0.0042,
    -0.301,
    0.205,
    -0.083,
    0.017,
    -0.452,
    0.629,
    -0.009,
    0.003,
    -0.613,
    0.247,
    -0.025,
    0.0021,
    -0.364,
    0.587,
    -0.032,
    0.0098,
    -0.194,
    0.133,
    -0.026,
    0.0075,
    -0.548,
    0.279,
    -0.013,
    0.0019,
    -0.701,
    0.384,
    -0.028,
    0.016,
    -0.332,
    0.099,
    -0.005,
    0.002,
    -0.614,
    0.271,
    -0.017,
    0.009,
    -0.429,
    0.356,
    -0.002,
    0.005,
    -0.541,
    0.183,
    -0.019,
    0.013,
    -0.701,
    0.447,
    -0.006,
    0.0008,
    -0.322,
    0.252,
    -0.014,
    0.0065,
    -0.558,
    0.317,
    -0.025,
    0.0029,
    -0.702,
    0.124,
    -0.008,
    0.018,
    -0.357,
    0.437,
    -0.0011,
    0.0033,
    -0.678,
    0.269,
    -0.016,
    0.005,
    -0.289,
    0.593,
    -0.009,
    0.001,
    -0.472,
    0.217,
    -0.022,
    0.008,
    -0.634,
    0.384,
    -0.004,
    0.0022,
    -0.513,
    0.151,
    -0.037,
    0.0095,
    -0.298,
    0.072,
    -0.0015,
    0.004,
    -0.741,
    0.335,
    -0.011,
    0.018,
    -0.189,
    0.261,
    -0.003,
    0.0006,
    -0.625,
    0.197,
    -0.014,
    0.0037,
    -0.554,
    0.428,
    -0.008,
    0.0012,
    -0.312,
    0.175,
    -0.027,
    0.006,
    -0.421,
    0.593,
    -0.015,
    0.002,
    -0.679,
    0.244,
    -0.009,
    0.01,
    -0.358,
    0.183,
    -0.005,
    0.0031,
    -0.522,
    0.298,
    -0.012,
    0.0015,
    -0.695,
    0.361,
    -0.023,
    0.014,
    -0.334,
    0.094,
    -0.006,
    0.0028,
    -0.617,
    0.257,
    -0.018,
    0.0093,
    -0.442,
    0.347,
    -0.0012,
    0.0055,
    -0.536,
    0.182,
    -0.019,
    0.011,
    -0.703,
    0.452,
    -0.007,
    0.0009,
    -0.327,
    0.259,
    -0.013,
    0.0072,
    -0.551,
    0.314,
    -0.024,
    0.003,
    -0.706,
    0.131,
    -0.008,
    0.017,
    -0.361,
    0.437,
    -0.0014,
    0.0036,
    -0.682,
    0.273,
    -0.017,
    0.0061,
    -0.293,
    0.597,
    -0.009,
    0.0011,
    -0.479,
    0.219,
    -0.023,
    0.0085,
    -0.639,
    0.39,
    -0.005,
    0.0023,
    -0.525,
    0.155,
    -0.036,
    0.0098,
    -0.305,
    0.074,
    -0.0016,
    0.0043,
    -0.748,
    0.342,
    -0.01,
    0.018,
    -0.195,
    0.265,
    -0.003,
    0.0007,
    -0.632,
    0.2,
    -0.015,
    0.0038,
    -0.558,
    0.431,
    -0.009,
    0.0013,
    -0.319,
    0.179,
    -0.027,
    0.0065,
    -0.428,
    0.6,
    -0.014,
    0.0022,
    -0.684,
    0.247,
    -0.008,
    0.0102,
    -0.364,
    0.188,
    -0.006,
    0.0032,
    -0.525,
    0.302,
    -0.011,
    0.0016,
    -0.699,
    0.366,
    -0.022,
    0.015,
    -0.337,
    0.098,
    -0.007,
    0.0029,
    -0.622,
    0.262,
    -0.017,
    0.0095,
    -0.445,
    0.351,
    -0.0013,
    0.0058,
    -0.539,
    0.186,
    -0.02,
    0.0115,
    -0.706,
    0.456,
    -0.006,
    0.001,
    -0.33,
    0.263,
    -0.014,
    0.0074,
    -0.555,
    0.316,
    -0.023,
    0.0032,
    -0.71,
    0.136,
    -0.009,
    0.0185,
    -0.365,
