{
  "model": "Qwen/Qwen3-32B",
  "distribution": "Laplace(loc={loc}, scale={scale})",
  "mode": "batch_generation",
  "generation_time": 245.34021949768066,
  "statistics": {
    "requested_samples": 1000,
    "total_samples": 362,
    "deviation_pct": -63.800000000000004,
    "unique_values": 362,
    "unique_rate": 100.0,
    "mean": 0.010235075085290174,
    "std": 2.298975066629295,
    "min": -6.214608071617365,
    "max": 2.4658011853739494,
    "ks_statistic": 0.36331533195080945,
    "ks_pvalue": 2.5293383118303998e-43
  },
  "samples": [
    -6.214608071617365,
    -5.521460807161737,
    -5.129864383147259,
    -4.828313737302303,
    -4.578942734782651,
    -4.372138625336311,
    -4.199746644887693,
    -4.055655685441865,
    -3.935397789739305,
    -3.835397789739305,
    -3.752572417129345,
    -3.684632636886796,
    -3.6296194425672033,
    -3.5851940451423814,
    -3.5495312973778352,
    -3.520885427126879,
    -3.498091545086101,
    -3.480371477672543,
    -3.466139178118779,
    -3.454097161603065,
    -3.443244662213783,
    -3.432871097800524,
    -3.422497533387162,
    -3.41202139700861,
    -3.401338127695594,
    -3.3904055691675374,
    -3.379244551560454,
    -3.367855074344284,
    -3.356237127613274,
    -3.3443906930222114,
    -3.332317913781178,
    -3.320033558817496,
    -3.307539230511491,
    -3.294838844739306,
    -3.2819362093972093,
    -3.268836177022788,
    -3.255544743368577,
    -3.2420678312840217,
    -3.2284095739627277,
    -3.214570792300475,
    -3.2005577223098967,
    -3.186370247900774,
    -3.171999328873236,
    -3.1574412883592347,
    -3.1426951135236836,
    -3.1277618514584855,
    -3.112646400889417,
    -3.097358022370552,
    -3.0819040617918736,
    -3.06629190931029,
    -3.0505290440549255,
    -3.034610227236947,
    -3.018530882442033,
    -3.0022882971363503,
    -2.985883766084076,
    -2.9693217150098805,
    -2.9526034462120667,
    -2.9357358100428406,
    -2.9187117893356316,
    -2.901542396465814,
    -2.884228095309285,
    -2.866767356368241,
    -2.8491589436364855,
    -2.831402110478334,
    -2.813502295962566,
    -2.795464393687124,
    -2.7772923193367474,
    -2.758987561519931,
    -2.740550090031181,
    -2.7219873364626115,
    -2.703305149179097,
    -2.684510862410228,
    -2.665599553582214,
    -2.6465744538257923,
    -2.627438228235915,
    -2.6081918305070984,
    -2.588837320483391,
    -2.5693738819893635,
    -2.549800756098935,
    -2.5301172581494233,
    -2.510322426585349,
    -2.4904161051152753,
    -2.470397795028415,
    -2.450267705884083,
    -2.430025737248472,
    -2.409670811548264,
    -2.389200765658304,
    -2.368614317968933,
    -2.347910071598427,
    -2.327086366443652,
    -2.306141439217849,
    -2.285073413476287,
    -2.263880429916403,
    -2.2425605055428486,
    -2.2211114476954186,
    -2.199530636811759,
    -2.177815123761056,
    -2.1559625280800114,
    -2.1339710458820424,
    -2.1118387712986433,
    -2.089564477908379,
    -2.067146785288747,
    -2.044584179899243,
    -2.0218749875323754,
    -1.9990174494902724,
    -1.975641297948246,
    -1.951841994480048,
    -1.927611068467164,
    -1.9029406247093255,
    -1.8778218679713936,
    -1.8522384861636756,
    -1.8261785724355326,
    -1.7996221650651667,
    -1.772552061092141,
    -1.745050741556801,
    -1.7171050848229121,
    -1.6887047618205218,
    -1.6599651696405884,
    -1.6302412501261847,
    -1.600026369304516,
    -1.569595814921714,
    -1.5387183474496815,
    -1.507377015627222,
    -1.475571726036073,
    -1.4432848868663757,
    -1.4104926727407736,
    -1.377183831830595,
    -1.3433474411811577,
    -1.3089667981166166,
    -1.2738557250544642,
    -1.2383725709785356,
    -1.202230659512247,
    -1.1651241656472588,
    -1.127267330581088,
    -1.088400838440729,
    -1.0486322868134417,
    -1.0079552649624843,
    -0.966342291130657,
    -0.923754823801532,
    -0.8800770489022967,
    -0.8353043428020162,
    -0.7894746238418922,
    -0.7426486981935423,
    -0.6949194356553818,
    -0.646258679273714,
    -0.596924842621023,
    -0.5470769247270956,
    -0.4966624170780075,
    -0.4454391207989127,
    -0.39337556051328104,
    -0.3405601228053566,
    -0.287088736097073,
    -0.23295725615487656,
    -0.17827440536091557,
    -0.1229604072789406,
    -0.06720228038599532,
    -0.011043122419921812,
    0.04535109712590815,
    0.09199701739174596,
    0.13886495999585458,
    0.18592483573547472,
    0.2331402626136876,
    0.2804761779005287,
    0.3279001532069651,
    0.37538299071501535,
    0.422900012135305,
    0.4704310343787368,
    0.5179512269619353,
    0.5654395268896472,
    0.6128781172039282,
    0.6602549476197335,
    0.7075459081978867,
    0.7547338768265379,
    0.8017993190572525,
    0.8487212209819462,
    0.8954660130184422,
    0.9419939865420629,
    0.9882638517242524,
    1.0342273192933296,
    1.0798397377795248,
    1.1250584210654488,
    1.1698338868952036,
    1.2141108377291574,
    1.2578408506281282,
    1.3009645969079455,
    1.3434336234410238,
    1.3851925959210742,
    1.4261994227030732,
    1.4664129334281346,
    1.505793637998538,
    1.5443046564323215,
    1.5819107670865944,
    1.6185869121738965,
    1.6543091787424178,
    1.6888924481434486,
    1.7223179029934181,
    1.7546815421302617,
    1.786008945435544,
    1.8165217308996233,
    1.846331367724123,
    1.8756546780815322,
    1.904234898529552,
    1.9322627041233493,
    1.959590659492653,
    1.9863707609241843,
    2.0125641077036116,
    2.0381233855353442,
    2.0630172436126575,
    2.0872176987422444,
    2.110767032332073,
    2.133619530154292,
    2.1557283735542914,
    2.1770566454378235,
    2.197584515008575,
    2.217309968311015,
    2.236232404121509,
    2.2543487835016474,
    2.271657641886081,
    2.2881619956602073,
    2.3038677090738746,
    2.3187821085406344,
    2.3329130832888896,
    2.3462733043923563,
    2.3588751491161926,
    2.370735212337171,
    2.3818656208769564,
    2.3922825283420215,
    2.401997018063069,
    2.410925804100429,
    2.4190885064462595,
    2.426498837424709,
    2.4331746246907855,
    2.439138587843903,
    2.444419260686853,
    2.4490380188758567,
    2.4530213248626573,
    2.456401531853986,
    2.459206233229968,
    2.4614677179933846,
    2.4632228434034746,
    2.46450470559543,
    2.4653428730561093,
    2.4657658406285514,
    2.4658011853739494,
    2.465474224648397,
    2.464810769162978,
    2.463833862815297,
    2.462565542869333,
    2.4610257092449075,
    2.459231291672783,
    2.457197304858444,
    2.4549387132548395,
    2.452460981221921,
    2.449768434021426,
    2.4468656800080297,
    2.4437558265851447,
    2.4404410998492114,
    2.436923730984888,
    2.4332060406998934,
    2.429288330780339,
    2.4251718922545633,
    2.420857023131602,
    2.4163441103228593,
    2.411633858164416,
    2.406727391004965,
    2.401625673960224,
    2.396330000407962,
    2.3908415083575827,
    2.385161093091736,
    2.379289433034484,
    2.373227078609591,
    2.366974509626673,
    2.360532135424768,
    2.3539003796346702,
    2.347079700445184,
    2.3400705604111898,
    2.332873202286201,
    2.325487832528014,
    2.317914467574289,
    2.3101531350261806,
    2.302203773756769,
    2.294066220115354,
    2.2857402708266608,
    2.2772257103484854,
    2.268522234458361,
    2.2596295886859417,
    2.250547503505812,
    2.241275700419219,
    2.2318138870509245,
    2.222161765583678,
    2.212319000534271,
    2.202284219579949,
    2.192056958427781,
    2.1816367454662204,
    2.170103144791654,
    2.1584565591526665,
    2.1467622050950834,
    2.135042059778889,
    2.1233248109358924,
    2.111647889654238,
    2.0999941254644257,
    2.088359966451206,
    2.0767868242887304,
    2.0652845275330325,
    2.053850776697817,
    2.0424806074025486,
    2.031167673,
    2.0199047591725416,
    2.008691056110122,
