{
  "model": "deepseek-ai/DeepSeek-V3.2-Exp",
  "distribution": "Weibull(shape={shape}, scale={scale})",
  "mode": "independent_requests",
  "requested_samples": 1000,
  "generation_time": 802.0635671615601,
  "statistics": {
    "total_samples": 1000,
    "failed_requests": 0,
    "unique_values": 979,
    "unique_rate": 97.89999999999999,
    "mean": 39806645220654.7,
    "std": 1238490496023739.5,
    "min": 0.02272,
    "max": 3.915981394672893e+16,
    "ks_statistic": 0.40985841056275996,
    "ks_pvalue": 2.003030611663936e-152
  },
  "samples": [
    0.32456,
    1.29327,
    0.906872,
    6.8872,
    5.292,
    11.835602,
    0.817735420962,
    1.987734923,
    2.5967,
    2.417435,
    0.563,
    2.5654,
    2.72,
    3.278231,
    0.7449506049128743,
    4.1594,
    2.369845,
    4.723285003,
    1.0924,
    0.743,
    6.447,
    3.0528,
    0.392,
    0.9453,
    5.213,
    33.53978962375748,
    0.7719,
    0.257166,
    0.21,
    3.297,
    8.151206,
    5.120252,
    2.5635,
    2.5776,
    7.823,
    2.5287,
    27.431962,
    9.8284,
    3.952492,
    0.637,
    2.754392391,
    12.700047,
    0.8743,
    15.812299,
    9.0,
    2.324761,
    0.226,
    0.7234,
    2.3661,
    0.342,
    2.149722356,
    0.259106,
    0.584,
    4.1078,
    8.193148027398022,
    22.329446,
    1.7856,
    2.31654,
    0.466,
    0.763,
    3.274928,
    0.934721,
    1.268,
    0.458162,
    3.476640439,
    7.029,
    0.0966,
    7.958571,
    0.406,
    1.497016,
    0.324,
    0.871974,
    0.345,
    2.557,
    1.370817,
    7.594111,
    3.14159,
    3.582917,
    4.875,
    0.752,
    0.5865,
    0.693,
    4.397113,
    4.217929,
    9.8375,
    2.374438,
    0.6413046,
    1.139662,
    2.3598,
    0.728,
    10.02463096,
    4.986492,
    8.89769,
    0.219622,
    0.578,
    8.452569,
    4.501,
    5.2316912368,
    2.463824,
    0.98362,
    0.429,
    0.756392,
    0.975942,
    1.1472,
    0.6984677,
    6.934,
    2.1772658,
    0.955,
    0.414,
    1.4256,
    0.5917206026188304,
    0.3947732964308539,
    0.874957,
    0.6304,
    9.46506,
    7.943,
    7.73702,
    13.9577,
    0.1284734829,
    17.57357273553351,
    11.037288,
    5.6853196779,
    0.3357943796,
    9.31236,
    1.151223,
    1.8941,
    0.52,
    3.4279,
    12.451,
    1.13163,
    5.3212496,
    1.062,
    6.24705,
    1.1608,
    1.2172,
    0.483824,
    1.547,
    0.8893,
    6.997258,
    2.864,
    0.949,
    1.4476,
    7.7733,
    3.1588,
    7.173149,
    3.70239,
    21.328486,
    1.4024,
    5.476921,
    44.42,
    2.152,
    3.244938327,
    0.739,
    2.492,
    0.551794045581,
    0.4147376505018344,
    1.913972,
    1.696029,
    5.67429374,
    5.795218,
    3.105,
    0.3957246568328423,
    1.0674,
    4.013972,
    0.4338,
    7.245145,
    0.674862,
    2.856,
    8.311985798,
    0.352791,
    1.072278688,
    0.557,
    0.46981,
    3.562,
    3.53505,
    3.141977,
    0.563,
    2.360430930037286,
    3.36265,
    3.774462305,
    6.093440379872885,
    2.60748,
    8.45301719,
    0.736438,
    0.647192,
    1.449665,
    0.957,
    0.3792,
    3.42069,
    0.6286335829183013,
    0.493,
    1.709861698,
    0.786513,
    7.351847637,
    3.76942,
    0.354,
    2.397258385877023,
    1.0152,
    10.2354,
    2.5479281697438605,
    0.536,
    9.895061,
    0.2908,
    2.374,
    3.2070393,
    0.549,
    0.986345,
    0.847399,
    2.742,
    5.959537565542503,
    0.0976,
    2.5926,
    6.1812901183,
    1.1467,
    0.749376,
    3.92215,
    7.437835,
    0.354,
    0.6990177,
    2.1724,
    6.493249707957118,
    0.8547309855,
    0.229348,
    4.57912,
    2.312450290505057,
    0.650426,
    2.148,
    3.09678,
    0.309753,
    2.116666683,
    2.19268,
    6.91958,
    2.101,
    0.847,
    2.345,
    0.736897,
    28.189459032477092,
    0.58317,
    0.439,
    0.2400414966973787,
    4.574,
    10.837135,
    0.8655,
    0.8947,
    4.970598,
    1.538503030798674,
    4.999171,
    2.135,
    0.9034,
    2.5769,
    0.9876543,
    4.0478,
    2.3925313142313476,
    0.272,
    0.639866,
    6.049427,
    4.707,
    1.24652,
    3.264,
    0.457385,
    6.341557937,
    3.264,
    0.842917,
    0.7429,
    25.964519616569746,
    6.810164503230055,
    0.148793,
    0.847128346,
    0.49546,
    0.634,
    7.633529,
    7.716839,
    0.2743,
    0.309048,
    0.5301045542633527,
    0.610124,
    5.03,
    0.225426,
    0.565,
    0.416,
    0.5714,
    0.732,
    0.1869,
    0.836839,
    4.871328,
    0.370955,
    4.161660660758595,
    2.314259,
    0.986,
    0.6035612876,
    5.919165,
    2.719722,
    4.14,
    0.895732,
    0.986761,
    3.1487,
    0.601,
    0.788848625734,
    2.417,
    8.7684,
    3.338125,
    1.93,
    1.292,
    3.845,
    0.634572,
    10.911933,
    2.152,
    3.214,
    3.0458926,
    0.957,
    0.259027,
    2.76871057,
    0.7562,
    13.553657590486523,
    0.224,
    8.672209008610801,
    0.737138,
    2.3299,
    2.203,
    1.018,
    2.472479,
    2.158,
    3.382962,
    4.463352,
    4.512,
    6.133,
    0.728,
    1.604147,
    2.3099,
    2.2637,
    0.725,
    5.67,
    0.327419387,
    4.644,
    7.012195,
    0.621437,
    20.05243,
    0.81040837089149,
    5.290455,
    1.5974,
    2.95193,
    1.3517,
    1.7843,
    2.7318,
    2.593532,
    0.592315,
    42.178101,
    2.13481,
    5.437843,
    2.5289,
    0.7768,
    42.1589556902344,
    0.59741,
    0.512836,
    0.195997,
    0.841,
    3.441982456,
    3.141592653589793,
    3.8889685,
    2.3085144223196035,
    0.3742947945,
    2.96792,
    8.067395,
    0.629812,
    0.624,
    16.399862937,
    2.8065,
    3.109364,
    2.036,
    2.197133428,
    8.754911,
    0.325,
    8.068335354,
    1.2489,
    1.731274,
    0.874104,
    6.637,
    2.532,
    0.4487,
    0.67617,
    7.456,
    5.057417,
    8.567,
    0.923,
    6.554786,
    14.655,
    13.013024029267,
    1.7979,
    0.854,
    1.112,
    8.762,
    0.289374933,
    0.3258843754821592,
    2.084483723,
    7.083855,
    3.2465243,
    8.8086,
    0.7959678184349438,
    0.599,
    0.9923,
    9.6695,
    0.58395425,
    0.548,
    0.830321,
    3.65428,
    2.7324719,
    0.358076,
    1.829304,
    0.722,
    2.1579,
    2.647797,
    0.583092,
    25.899784,
    0.824,
    6.624,
    3.4567,
    1.516,
    0.480413,
    3.5138923395,
    3.269567,
    1.460951,
    3.200643507,
    0.12,
    1.643376,
    4.375985,
    9.52888283762241,
    0.743,
    0.323743829,
    2.268,
    2.857,
    0.83698,
    0.365774,
    0.6089211279256794,
    0.867,
    8.5562336,
    0.401,
    0.944096,
    0.4667,
    0.413929,
    4.61,
    2.3483,
    0.5819858,
    3.0234,
    6.89178,
    0.3283,
    3.041834,
    0.345,
    0.571,
    0.847592,
    0.9574,
    1.246,
    20.124,
    2.243754,
    8.03115,
    6.31661311,
    2.867875,
    1.302,
    0.5732,
    0.5774,
    0.1434971409,
    0.451,
    1.885848231,
    4.60623,
    0.152861,
    2.327,
    6.056992,
    2.066,
    0.612237,
    2.225604,
    0.4995,
    2.034,
    2.1844,
    2.590643,
    0.942,
    6.945259,
    6.280928,
    0.782149,
    0.302,
    5.9673,
    0.354062794419,
    1.050498,
    0.6348427891,
    9.155902,
    1.4134,
    2.48657681,
    2.184,
    0.627093,
    0.333,
    1.5,
    5.973539945,
    0.8245,
    3.847808,
    7.977011,
    0.71,
    10.462,
    0.2919982459,
    0.0285,
    1.52676,
    1.401763,
    3.661,
    0.4683023847,
    1.14842,
    0.7462941586622769,
    16.57669,
    9.146,
    3.280763925091172,
    3.026973,
    0.98873,
    42.05704,
    0.734,
    0.8567,
    0.791,
    8.3778,
    2.305623,
    1.082069,
    0.632,
    8.612364371958563,
    0.874362,
    2.0453,
    3.6712125,
    1.94266,
    0.44862,
    5.4232,
    0.204,
    0.7938,
    2.705024,
    0.879012,
    5.341508,
    1.8396,
    0.496378,
    0.846751456,
    0.763,
    1.633,
    1.147,
    5.394,
    0.136787,
    2.4628,
    2.456,
    5.4805,
    1.1941,
