{
  "model": "google/gemma-3-27b-it",
  "distribution": "Weibull(shape={shape}, scale={scale})",
  "mode": "independent_requests",
  "requested_samples": 1000,
  "generation_time": 582.6613838672638,
  "statistics": {
    "total_samples": 1000,
    "failed_requests": 0,
    "unique_values": 908,
    "unique_rate": 90.8,
    "mean": 0.70110528334274,
    "std": 0.07657176744940107,
    "min": 0.628699,
    "max": 1.287583568,
    "ks_statistic": 0.47778480901508735,
    "ks_pvalue": 2.5082069561732328e-210
  },
  "samples": [
    0.688547,
    0.684679,
    0.684786,
    0.684465,
    0.6823728555157735,
    0.683374838,
    0.6873926344479976,
    0.684638,
    0.742817,
    0.687488,
    0.6831965764041521,
    0.68782,
    0.683819,
    0.684898,
    0.6848928887893547,
    0.68877996877,
    0.6883777449,
    0.689829,
    0.688638,
    1.1865836434187338,
    0.687645,
    0.683298,
    0.684785,
    0.6888190587797748,
    0.682015,
    0.687431,
    0.688788,
    0.681829,
    0.6848937716204254,
    0.686204,
    0.6878313936,
    0.6828909436184245,
    0.68741792377,
    0.689575,
    0.683529,
    0.6814936097031561,
    0.687621,
    0.685898,
    0.68768797,
    0.685355,
    0.684729,
    0.6838899509861859,
    0.687483,
    1.192265,
    0.7428723732478683,
    0.681289,
    0.681877,
    0.685321,
    0.787775,
    0.6891859494625447,
    0.6817722158985129,
    0.6857197554785815,
    0.689583,
    0.6847286418603628,
    0.684987,
    0.688739,
    0.684326,
    0.6823889876,
    0.687812,
    0.6869832357778197,
    0.682979,
    0.687248,
    0.68382,
    0.684788,
    0.6828697674,
    0.68078946188,
    0.687814,
    0.682703,
    0.683981,
    0.6848889840575478,
    0.684664,
    0.787255377,
    0.6887437985338778,
    0.6887772438213935,
    0.6847028772494286,
    0.789723456,
    0.684788,
    0.687005,
    0.683797,
    0.6885174559458574,
    0.684975,
    0.688448,
    0.684874,
    0.687485,
    0.687438,
    1.184942,
    0.8488358563593198,
    0.6849939242147917,
    0.684392,
    0.686734,
    0.688576,
    0.6878234022463886,
    0.6846880785479867,
    0.686377,
    0.6828490385045598,
    0.788793635,
    0.684846,
    0.687393,
    0.68289076788,
    0.68872978109,
    0.684821,
    0.6848842124711876,
    0.684849,
    0.687877,
    0.688641,
    0.684631,
    0.684815,
    0.687624,
    0.684678,
    0.6817934984229749,
    0.7387897901358189,
    0.6883804779583297,
    0.686761,
    0.686475,
    1.287583568,
    0.681774,
    0.6886980836157484,
    0.6875936495186118,
    0.6888601871570175,
    0.6821703994971979,
    0.717176,
    0.744689,
    0.688879,
    0.681858,
    0.6849908609919139,
    0.683977,
    0.683939,
    0.6832879461856673,
    0.6828926574,
    0.7876886908254777,
    0.684975,
    0.6848883551254447,
    0.6821688741348562,
    0.7428679576,
    0.682484,
    0.688474,
    0.738215,
    0.682879,
    0.7278880459358597,
    0.687487,
    0.6848811790896417,
    0.6846944408703269,
    0.682904,
    0.684897,
    0.6858870239911639,
    0.684856,
    0.684789,
    0.684728,
    1.1938826968155396,
    0.6847123189669831,
    0.68286979598,
    0.687498,
    0.6877728813547267,
    0.682898,
    0.6888881790952429,
    0.6880877826374414,
    0.681859,
    0.687453,
    0.6872263848674857,
    0.684074,
    0.769557,
    0.684826,
    0.719042,
    0.68482387652,
    0.684729,
    0.684875,
    0.6881986452051789,
    0.68403,
    0.682739,
    0.681464,
    0.6847299508475339,
    0.688742,
    0.6847,
    0.6829453861,
    0.686303,
    0.6897734524577662,
    0.685234,
    0.684899,
    0.684859,
    0.688753,
    0.6889302545365215,
    0.6877198308794692,
    0.68876892944,
    0.687977,
    0.68747,
    0.684788,
    0.789258,
    0.681934,
    0.6849374937,
    0.683582,
    0.6818819376578806,
    0.684878,
    0.68498,
    0.684877,
    0.687661,
    0.6887804789318779,
    0.683843,
    0.68762,
    0.681532,
    0.684759,
    0.681868,
    0.687426,
    0.684975,
    0.684777,
    0.6898958960085178,
    0.685628,
    0.687528,
    0.684488,
    1.186901,
    0.687699,
    0.6847993555549059,
    0.685287,
    0.682023,
    0.6831509976060437,
    0.7418678171768934,
    0.6848987361972978,
    0.684729,
    0.7378690793232694,
    0.687491,
    0.6828378805183618,
    0.6889812779208797,
    0.685959,
    0.687478,
    0.684786,
    0.682978,
    0.686585,
    0.684905,
    0.68874093794,
    0.6824633494787145,
    0.68519645579,
    0.7292907283,
    0.6854848899184809,
    0.688084,
    0.683976,
    0.6886455674157821,
    0.688734,
    0.682874,
    0.685188,
    0.685171,
    0.682932,
    0.683147,
    0.684829,
    0.6887703968409266,
    0.6848930779743204,
    0.6887235159799413,
    0.682379,
    0.68744,
    0.689723457,
    0.684894479749999,
    0.682788,
    0.684475,
    0.685287,
    0.684729,
    0.7487338987781978,
    0.6841979799234817,
    0.6878197713558359,
    0.6848848885428866,
    0.684478,
    0.683604,
    0.688871,
    0.688399,
    0.680647,
    0.6848897555311787,
    0.687493,
    0.68817029265,
    0.688609,
    0.6827357549687911,
    0.6844928990574217,
    0.6828514855956477,
    0.684477,
    0.684728,
    0.6828167935016284,
    0.684927,
    0.6846827353,
    0.685284,
    0.687571,
    0.68762304,
    0.684987,
    0.788648,
    0.6844936489137959,
    0.687872,
    0.6869601931,
    0.683896,
    0.6846089225930339,
    0.684835,
    0.687952,
    1.186758416548756,
    0.6876876216673729,
    0.683937,
    0.6844957987976799,
    0.68689972487,
    0.6854956862907396,
    0.684755,
    0.681578,
    0.68488804587,
    0.6897236773773631,
    0.6878856886711231,
    0.682737,
    0.684764,
    0.6870405697648126,
    0.684736,
    0.688774,
    0.684788,
    0.684819,
    0.68428276689,
    0.687798,
    0.6887845394898852,
    0.6823897555,
    0.684808,
    0.6848827155278997,
    0.687458,
    0.688788,
    0.6857117979448857,
    0.684321,
    0.688785,
    0.685472,
    1.23456789,
    0.6889952895,
    0.684805,
    0.6889095358,
    0.6848367930475525,
    0.687473,
    0.687421,
    0.686339,
    0.687982,
    0.6887673643,
    0.6847248974118589,
    0.683298,
    0.6881726457,
    0.688608469,
    0.683778,
    0.685276,
    0.6817894279563335,
    0.686276,
    0.6878405496563182,
    0.68791819667,
    0.688879,
    0.6897237362799459,
    0.6849757168831508,
    0.688472,
    0.680723,
    0.681774,
    0.7428265069870374,
    0.742834,
    0.684823,
    0.684091,
    0.685872,
    0.684844,
    0.687498,
    0.6827282953444879,
    0.6875423108987186,
    0.6828307573,
    0.684823,
    0.685748,
    0.6847989537925099,
    0.688739,
    0.687319,
    0.6884848645408754,
    0.683604,
    0.6844988376149692,
    0.6888955495944068,
    0.628699,
    0.678923582,
    0.687403,
    0.687183,
    0.68377,
    0.6875103217,
    0.683192,
    0.6875908718,
    0.6868546419891675,
    0.6828697715588615,
    0.689579,
    0.681534,
    0.742818,
    0.680529,
    0.68478,
    0.682498,
    1.23456789,
    0.68677055839,
    0.6848833477859857,
    0.683875,
    0.686897,
    0.683476,
    0.684773,
    0.684874,
    0.685898,
    0.6873904847,
    0.687834,
    0.684759,
    0.68484952,
    0.685784,
    0.684479,
    0.684729,
    0.684589,
    0.684878,
    0.683484,
    0.689503,
    0.687427,
    0.688539,
    0.6868895396058745,
    0.683538,
    0.68283898,
    0.6842813921331765,
    0.687891,
    0.684618,
    0.682483,
    0.685729,
    0.6886418986630707,
    0.6827834773167878,
    0.6848699666616175,
    0.688873,
    0.6887703722026149,
    0.683402,
    0.687981,
    0.687941,
    0.684795,
    0.687063,
    0.684474,
    0.688662,
    0.6878418378785817,
    0.6828668438142882,
    0.687705,
    0.680794,
    0.6848866565,
    0.687473,
    0.684476,
    0.738472,
    0.684859,
    1.1783878256,
    0.687487,
    0.785925,
    0.682895,
    0.688753,
    0.683979,
    0.680673,
    0.687678,
    1.23876,
