{
  "model": "gpt-4o",
  "distribution": "Weibull(shape={shape}, scale={scale})",
  "mode": "independent_requests",
  "requested_samples": 1000,
  "generation_time": 478.3376159667969,
  "statistics": {
    "total_samples": 1000,
    "failed_requests": 0,
    "unique_values": 596,
    "unique_rate": 59.599999999999994,
    "mean": 0.8226513554131932,
    "std": 0.2520212981441044,
    "min": 0.132,
    "max": 2.245,
    "ks_statistic": 0.24489686960542106,
    "ks_pvalue": 2.6924429345530843e-53
  },
  "samples": [
    0.689,
    0.746,
    0.914,
    0.928,
    0.706,
    0.528,
    1.2049584417629584,
    0.592,
    0.976,
    0.516,
    0.642,
    0.755,
    0.564,
    0.726,
    0.507,
    1.287,
    0.749,
    0.755,
    0.453,
    0.921,
    0.787,
    0.743,
    0.887,
    0.5184434762,
    1.402,
    0.528,
    1.437,
    0.906,
    0.478,
    1.367,
    0.527,
    0.694,
    0.973,
    0.937428,
    1.576,
    0.537,
    1.183,
    0.778,
    0.737,
    1.076,
    0.729,
    0.648,
    0.8835289924673063,
    0.848,
    0.936,
    0.629,
    0.446,
    0.536,
    0.657,
    1.530835905251566,
    0.831,
    0.944,
    0.771,
    0.661,
    1.207,
    0.738,
    0.547,
    0.789,
    0.749,
    0.872,
    0.924,
    0.734,
    0.723,
    0.673,
    0.6743274545,
    0.689,
    0.754,
    0.729,
    1.0133089301942222,
    0.343871,
    0.334,
    0.989,
    0.948,
    0.7134822517,
    0.944,
    0.767,
    1.179,
    0.674,
    0.851,
    1.203,
    0.708,
    0.448,
    0.617,
    1.109,
    0.43465751749223525,
    0.776,
    0.3835109138898773,
    0.538,
    0.971,
    0.839,
    1.163490173859972,
    0.894,
    0.732,
    1.208,
    0.686,
    0.808,
    0.683,
    0.747,
    1.202,
    1.321,
    0.518,
    0.878,
    0.833,
    0.564,
    0.686,
    0.679,
    0.536,
    0.874,
    0.946,
    0.763,
    0.914,
    0.935,
    0.896,
    0.627,
    0.689,
    0.977,
    0.456,
    0.914,
    0.755,
    0.509,
    0.641,
    0.798,
    0.568,
    0.9961428322,
    0.317,
    1.231,
    0.531,
    0.867,
    0.743,
    0.569,
    1.058,
    0.887,
    0.742,
    0.669,
    0.846,
    0.943234485477504,
    1.342,
    0.865,
    1.235,
    0.93,
    0.742,
    1.165,
    1.183,
    0.738,
    0.598,
    1.471,
    0.957,
    0.686,
    0.35,
    0.678,
    1.0633016199014864,
    0.5738751944399308,
    0.888092654594863,
    0.23,
    0.749,
    0.7738267175,
    0.715,
    0.789,
    0.824,
    0.70646986,
    0.954,
    0.783,
    0.845,
    0.729,
    1.245,
    0.9203493821,
    0.569,
    0.979,
    0.69,
    1.038,
    1.284,
    0.673,
    1.4316238460843953,
    0.482,
    0.974,
    1.237,
    0.702,
    0.712,
    0.714,
    0.634,
    0.411,
    0.985,
    0.773,
    0.726,
    1.483,
    0.846,
    0.939,
    0.897,
    1.695,
    1.007,
    0.51,
    1.0204365826436528,
    0.927,
    0.625,
    1.126,
    0.91,
    0.610345,
    0.885,
    0.842,
    0.994,
    0.679,
    0.557,
    0.731,
    0.632,
    0.625,
    0.726,
    0.867,
    0.98,
    0.673,
    0.743,
    0.575,
    0.503,
    1.39477628722751,
    1.032,
    0.587,
    0.705,
    1.138598123,
    0.5793947293695061,
    0.323,
    0.815,
    1.021267524450358,
    1.187,
    1.135,
    0.87,
    0.978,
    0.921,
    0.456,
    0.757,
    0.993,
    0.835,
    0.647,
    0.737,
    0.457,
    0.869,
    0.967,
    0.986,
    0.570812986728305,
    0.949,
    1.243,
    0.657,
    1.468,
    0.467,
    0.671,
    0.65,
    0.887,
    0.732,
    0.451,
    0.754,
    0.387,
    0.644,
    0.435,
    0.489,
    0.902,
    0.948,
    0.957,
    0.593,
    0.574,
    0.673,
    0.748,
    0.873,
    0.722,
    0.462,
    0.757,
    0.876,
    0.694,
    0.648,
    0.935,
    0.608,
    0.7074882871,
    0.845,
    0.744,
    0.132,
    0.876,
    0.562,
    0.958,
    1.048,
    0.696,
    0.846,
    1.263,
    0.762,
    0.985,
    0.545,
    0.778,
    0.645,
    0.935,
    0.932,
    1.217,
    0.767,
    0.928,
    0.821,
    0.737,
    1.224524,
    0.913,
    0.762,
    1.167,
    0.853,
    0.786,
    0.749,
    1.823,
    0.893,
    0.883,
    0.846,
    1.274,
    0.564,
    0.871,
    0.986,
    0.734,
    1.109,
    0.384,
    1.581,
    0.904,
    0.512,
    0.846,
    0.934,
    1.062394,
    0.864,
    0.481,
    0.716,
    0.436,
    0.6430357313948712,
    0.523,
    0.853,
    0.895,
    0.6773190599,
    0.935,
    0.817,
    0.666,
    0.551,
    1.294,
    0.996,
    0.586,
    0.849,
    1.234,
    0.968,
    0.657,
    0.944,
    0.734,
    0.734,
    0.757,
    0.984,
    0.786,
    0.893,
    0.822,
    0.533,
    0.701,
    1.007,
    0.696,
    0.688,
    1.212,
    0.857,
    0.593,
    1.207,
    0.843,
    0.4753123619478936,
    0.637,
    0.597,
    0.667,
    0.776,
    0.736,
    0.71,
    0.845,
    0.586,
    0.68,
    1.374,
    0.877,
    1.729,
    1.134,
    0.918,
    0.931,
    0.877,
    0.864,
    0.872,
    0.476,
    0.858,
    0.787,
    0.787,
    0.567492,
    0.745,
    0.837,
    0.943,
    0.697,
    0.776,
    0.839,
    0.922,
    1.137,
    0.721,
    0.989,
    0.67,
    0.945,
    0.824,
    0.703,
    0.653,
    0.594,
    0.643,
    0.519,
    0.524,
    0.655,
    0.9009370135,
    0.711,
    0.899,
    0.462731,
    0.6178535932328121,
    0.544,
    0.848,
    0.789,
    0.668,
    0.756,
    1.014,
    1.076,
    0.755,
    0.879,
    0.743,
    0.445,
    0.755,
    0.825,
    0.773,
    0.686,
    1.281,
    0.482,
    0.573,
    0.764,
    0.535,
    1.033,
    0.818,
    1.014,
    0.961,
    0.938,
    0.8980170332526654,
    0.845,
    0.914782437,
    0.552,
    0.778,
    0.492,
    0.966,
    0.985,
    0.706,
    0.86,
    0.799,
    0.529,
    0.813,
    1.023,
    0.827,
    0.923,
    0.703,
    0.8283,
    0.854,
    0.768,
    0.829,
    0.839,
    0.831,
    0.987,
    0.902,
    1.031,
    1.662,
    0.807,
    0.741,
    0.598,
    1.125,
    1.202,
    1.382,
    0.434,
    0.913,
    0.743,
    0.67,
    1.141,
    0.717,
    1.294,
    1.394,
    0.698,
    0.839,
    0.634,
    0.702,
    0.85,
    0.635,
    0.831,
    0.878,
    0.804,
    0.591,
    0.622,
    1.028,
    0.878,
    0.789,
    0.974,
    1.039,
    1.003,
    1.174,
    1.028,
    1.273,
    0.546,
    0.8663482193413496,
    0.946,
    0.643,
    0.761,
    1.072,
    0.618,
    1.8268458623,
    0.725,
    1.158,
    0.695,
    0.927,
    0.921,
    0.725,
    0.875,
    0.794,
    0.782,
    1.472,
    0.927,
    0.741,
    0.933,
    1.045,
    0.54842,
    1.278,
    1.024,
    0.584,
    1.25,
    0.4580149283,
    0.974,
    0.753,
    0.7,
    0.735,
    0.548,
    1.326452,
    1.247,
    0.768,
    0.642,
    1.8554959459470068,
    0.656,
    0.76,
    0.842,
    0.66344,
    0.614,
    0.955,
    1.114,
    0.861,
    0.654,
    0.672,
    0.824,
    0.836,
    0.749,
    0.426,
    2.174,
    0.601,
    0.791,
    0.544,
    0.937,
    0.764,
    0.733,
    0.456,
    0.749,
    1.231,
    0.682,
    1.632137,
    0.771,
    0.679,
    0.511,
    0.687,
    0.769,
    0.609,
    0.874,
    0.938,
    0.58348724,
    0.923,
    0.842,
    0.807,
    0.742,
    0.842,
    0.743,
    0.751,
    0.75,
    0.637,
    0.857,
    1.021,
    0.649,
    0.711,
    0.678,
    0.868,
    0.972,
    0.634,
    0.609,
    0.768,
    0.7062072902202353,
    0.586,
    0.676,
    0.735,
    0.76,
    0.519,
    1.234,
    1.0282568378174834,
    0.744,
    1.235,
    0.814,
    1.029,
    0.693,
    0.728,
    1.209,
    0.859,
    0.673,
    0.481,
    0.7834676247,
    0.729,
    0.921,
    0.74,
    0.689,
    0.872,
    0.529,
    0.693,
    1.179,
    1.092,
    0.896,
    0.973,
    0.662,
    0.603208623456254,
    0.678,
    0.894,
    0.702,
    0.424,
    0.666,
    0.863,
    1.476,
    1.399,
    0.732,
    0.471,
    0.852,
    2.245,
    0.692,
    0.587,
    0.712,
    0.943,
    0.632,
    0.81,
    1.245,
    0.712,
    0.973,
    0.925,
    0.808,
    0.728,
    0.635,
    0.416,
    0.689,
