{
  "model": "openai/gpt-oss-120b",
  "distribution": "Weibull",
  "mode": "independent_requests",
  "max_workers": 40,
  "requested_samples": 1000,
  "generation_time": 118.20766258239746,
  "statistics": {
    "total_samples": 1000,
    "failed_requests": 0,
    "mean": 0.8063092078560485,
    "std": 0.31420565778560533,
    "ks_statistic": 0.18641335147794585,
    "ks_pvalue": 6.798186626513892e-31
  },
  "samples": [
    0.687,
    0.618,
    0.672,
    0.559,
    0.5598,
    0.562734,
    0.642,
    0.603,
    0.602,
    1.187,
    0.823456,
    0.4627498673,
    0.6034,
    1.506,
    0.4452,
    0.842159,
    1.50473,
    0.613842,
    0.417,
    1.638,
    0.684307,
    0.369,
    0.927,
    0.482,
    0.4721,
    0.6393,
    1.197,
    0.783,
    0.71,
    0.8423,
    0.862,
    0.5623,
    0.784,
    0.823456789,
    0.842395,
    0.7123,
    0.783,
    0.603,
    0.603124,
    0.834712,
    0.603,
    0.889,
    0.597,
    1.505,
    0.9374,
    1.505,
    0.603,
    1.0478,
    0.563,
    0.6842,
    0.603,
    0.837,
    0.842716,
    0.3095,
    0.695,
    0.743132,
    0.723451,
    0.275,
    0.487,
    0.712345,
    0.742,
    1.637,
    0.603,
    0.3679,
    0.6213,
    1.131,
    1.636,
    0.7432126189,
    1.197,
    1.505,
    0.8427624175,
    0.64,
    1.452,
    0.872,
    0.638452,
    1.196,
    1.041,
    1.432548,
    1.5053,
    0.367879,
    0.5318,
    1.024,
    0.7613,
    1.13,
    0.783,
    1.182,
    0.724831,
    0.641,
    0.682,
    0.603212,
    0.6893400512202682,
    1.505,
    0.718,
    0.5871,
    1.442347,
    0.642135,
    0.7203,
    0.7396,
    0.842,
    0.672345,
    0.842,
    1.114037,
    0.667,
    0.7321,
    1.208,
    0.5423,
    0.8963,
    0.639,
    0.537124,
    0.603,
    0.849,
    0.603,
    1.505,
    0.694123,
    0.754321,
    0.6663,
    0.683,
    0.603,
    1.2034,
    0.566,
    0.727,
    1.597,
    0.632,
    0.735912,
    1.03012,
    0.683,
    0.5623,
    0.447,
    0.422,
    1.048,
    0.724531,
    1.198,
    0.3842,
    0.603415,
    0.482324,
    0.842,
    0.813542,
    0.921,
    1.21,
    0.832,
    0.4215,
    0.5334,
    0.559,
    0.682341,
    0.685,
    1.5038426521,
    1.342,
    0.943,
    1.637,
    0.784321,
    0.742,
    0.9214,
    1.1315,
    0.734531,
    0.73,
    0.9387,
    0.639,
    0.943,
    0.53,
    0.643,
    1.038,
    0.603,
    0.368,
    0.851,
    0.8362745102,
    0.783,
    0.667,
    0.683,
    0.732145,
    0.559,
    0.41605397559998397,
    1.373,
    0.676,
    0.6023,
    0.741953,
    0.6712,
    0.70982,
    0.842936,
    0.4673228156615273,
    1.41,
    1.532,
    0.742193,
    0.54,
    1.0412,
    0.559,
    0.943,
    0.658423,
    0.562,
    1.0474,
    0.4615,
    0.6012,
    0.259,
    0.6023,
    1.373091825432048,
    0.607,
    0.7248,
    0.754321,
    0.408,
    0.559,
    0.687,
    0.7435,
    0.3421,
    0.4237,
    0.585,
    0.98996,
    0.6829,
    1.0485,
    0.6423,
    1.5273,
    0.639,
    0.603,
    0.4538,
    0.889123,
    0.667,
    0.564321,
    0.983,
    1.504,
    0.621,
    0.368,
    0.683,
    0.842315,
    0.603,
    0.639,
    0.742,
    1.196,
    0.842193,
    0.923714,
    0.6849,
    0.3842,
    0.684825,
    0.872391,
    0.992174,
    0.603,
    0.7623,
    1.44,
    0.726,
    0.641,
    1.207,
    0.683,
    0.6143,
    0.732458,
    0.527,
    0.738291,
    0.8241967050542364,
    0.642837,
    0.547,
    0.389,
    0.6187,
    0.5598,
    1.444276,
    0.684372,
    0.639,
    0.732587,
    0.5627,
    0.6031,
    1.13,
    0.842151,
    0.603,
    0.3847,
    1.271,
    0.606,
    0.917845,
    0.917,
    0.368,
    0.259,
    1.206,
    0.842,
    0.834567,
    0.436,
    0.684,
    0.427,
    0.894,
    0.861,
    0.8623,
    0.587,
    0.842173,
    0.4612,
    0.842915,
    0.686,
    0.8143,
    0.7321,
    0.906,
    1.199,
    1.047021,
    0.889,
    1.41,
    1.1314,
    0.5534971657,
    0.7115,
    0.842371,
    0.9123,
    0.742349,
    0.921374,
    0.842156,
    0.842,
    0.842361,
    0.639,
    0.783,
    1.201,
    0.6423,
    1.132,
    0.6848,
    1.2387,
    0.6031,
    0.639,
    0.502,
    1.21,
    0.599,
    0.5596,
    0.603,
    0.693,
    0.503,
    0.673842,
    0.472394,
    0.945321,
    1.44,
    0.506132,
    0.7831,
    0.418,
    1.6228,
    0.876453,
    0.915,
    1.088,
    1.6213,
    1.1885,
    0.564,
    1.288354,
    0.857391,
    0.639,
    1.1314,
    0.842,
    0.9926,
    0.613742,
    0.908,
    1.5038426075276186,
    0.711234,
    0.734541,
    0.672915,
    0.563,
    1.64,
    1.22296,
    0.944,
    0.487,
    0.643,
    0.371,
    0.564321,
    0.336,
    0.462,
    0.714,
    0.947312,
    0.9045,
    0.842913,
    0.842376,
    0.623,
    0.735,
    0.426511288095613,
    0.703,
    0.565,
    0.4786321738491101,
    1.505,
    0.5729,
    0.482,
    1.292,
    0.418726,
    0.721,
    1.4419,
    0.384,
    0.56,
    0.944,
    0.565,
    0.603,
    0.944,
    0.258,
    0.602,
    0.73,
    0.783,
    0.605,
    0.639,
    0.842387,
    0.741,
    0.841,
    0.457,
    0.732145,
    1.4923,
    0.783,
    1.41,
    0.842311,
    1.289,
    0.603,
    0.603,
    0.684,
    0.94,
    0.719,
    0.6842,
    0.6823,
    0.913874,
    0.2581,
    0.4852,
    0.6324,
    0.642871,
    0.834761,
    0.4598,
    0.832459,
    0.642,
    0.685,
    1.1876,
    0.744321,
    1.1324,
    0.842176,
    0.6848,
    0.7342,
    1.183,
    0.563874,
    0.7362,
    1.4739123456789123,
    0.842593,
    0.842713,
    0.484132,
    0.601,
    1.184,
    1.047,
    0.668,
    1.292,
    0.606,
    0.603,
    0.563,
    0.5572,
    0.805,
    0.831912,
    0.783317,
    1.1993,
    0.396,
    1.158,
    0.904,
    0.4973090981885176,
    0.6392,
    0.3391,
    0.783138,
    0.684,
    0.783,
    0.599,
    0.7634521045,
    0.842573,
    0.602349,
    0.742,
    0.603,
    0.859432,
    1.44,
    0.685,
    0.368,
    0.368,
    0.368,
    0.672,
    0.783,
    0.642,
    0.559,
    0.539124,
    0.756,
    0.3361,
    0.592147,
    0.4592,
    0.879342,
    1.096,
    0.742193,
    0.6725,
    1.0004,
    0.732145,
    1.533,
    0.562,
    0.749321,
    0.783041,
    1.44,
    0.34,
    0.4682,
    1.6372,
    0.5587,
    0.834591,
    0.822,
    1.44,
    0.639,
    0.842,
    1.047,
    0.603,
    0.531247,
    0.423,
    0.413,
    0.642301,
    0.729,
    1.79,
    0.732145,
    0.563,
    0.581,
    0.783,
    0.693,
    0.666,
    0.4187,
    0.714639,
    0.842157,
    0.25814,
    0.842,
    0.784112,
    0.603,
    0.527839,
    1.505,
    0.503,
    1.1987,
    0.639,
    1.213,
    1.507,
    0.6839457214,
    0.69,
    0.482163,
    0.639,
    0.5653,
    0.942,
    1.21,
    0.6012,
    0.8421,
    1.441,
    0.672,
    0.7435629181,
    0.445,
    0.684,
    0.6847,
    0.712,
    0.414,
    0.783112,
    0.8321,
    0.739,
    1.442,
    1.193,
    0.783,
    1.1834,
    0.965247,
    0.607,
    0.3681,
    0.6837447284,
    0.642,
    0.4237,
    0.724543,
    0.8321,
    1.208,
    0.603,
    0.842,
    0.503,
    0.3364,
    0.6848,
    0.861,
    0.639,
    1.507,
    0.418,
    0.735421,
    0.572,
    0.258,
    1.48,
    0.258315,
    1.236587,
    0.732145,
    1.202,
    0.839274,
    0.943642,
    0.684,
    0.50321,
    0.9435,
    0.387,
    0.85512,
    1.079,
    0.639,
    0.616,
    1.292054,
    1.497,
    0.57,
    0.84,
    0.582,
    0.62,
    0.5743581803206546,
    0.78,
    0.684,
    0.503,
    1.44,
    0.491,
    0.638372,
    0.503,
    0.732145,
    0.5315,
    0.847321,
    1.0,
    0.603,
    0.8427,
    0.743215,
    0.842913,
    0.672,
    1.352,
    0.85,
    1.12,
    1.0393,
    0.98996,
    0.7392,
    0.714,
    0.732,
    0.64123,
    1.5319,
    0.732185,
    0.718,
    1.408,
    0.602,
    1.44,
    0.603,
    1.479,
    0.603,
    0.7423860186,
    1.637,
    1.503,
    0.874352,
    0.749,
    0.4532167261036893,
    0.724531,
    0.6931,
    0.945732,
    0.384,
    1.1973,
