{
  "model": "meta-llama/Llama-3.3-70B-Instruct-Turbo",
  "distribution": "Weibull(shape={shape}, scale={scale})",
  "mode": "independent_requests",
  "requested_samples": 1000,
  "generation_time": 335.0835020542145,
  "statistics": {
    "total_samples": 1000,
    "failed_requests": 0,
    "unique_values": 663,
    "unique_rate": 66.3,
    "mean": 0.7949875872966231,
    "std": 0.09245983714192164,
    "min": 0.557,
    "max": 0.984723449,
    "ks_statistic": 0.4014423238451184,
    "ks_pvalue": 5.433188980077215e-146
  },
  "samples": [
    0.906231,
    0.775801638,
    0.836073,
    0.9149,
    0.832554,
    0.911584951,
    0.938674,
    0.718024,
    0.7187060904154547,
    0.7167197234629462,
    0.713359,
    0.718356,
    0.9051412,
    0.835474,
    0.832651,
    0.713172,
    0.9060108579,
    0.90667978,
    0.718547,
    0.906231,
    0.766118766,
    0.908617,
    0.832542,
    0.708832,
    0.707405563,
    0.713172,
    0.714806,
    0.843231,
    0.714806,
    0.7186914118227953,
    0.905141,
    0.906067,
    0.9116495497,
    0.764198,
    0.713359,
    0.7187511355497197,
    0.7187028714179478,
    0.832462,
    0.71653119,
    0.906231,
    0.91489364,
    0.934241,
    0.713492,
    0.714806,
    0.9060562807687853,
    0.7133569924399813,
    0.794952,
    0.714113,
    0.714804,
    0.945402,
    0.5606,
    0.714806,
    0.9051357887,
    0.7038270723980437,
    0.9062687,
    0.713129247,
    0.71802769298235,
    0.774167,
    0.713359,
    0.90667907,
    0.9082031233,
    0.703397,
    0.714806,
    0.704196846,
    0.714289,
    0.713042,
    0.832932,
    0.764205,
    0.718018,
    0.644238,
    0.64126382,
    0.71335905,
    0.9051419,
    0.713942,
    0.714806,
    0.9064360943979841,
    0.906231,
    0.651321651,
    0.838175,
    0.713359,
    0.714806,
    0.908057,
    0.714948,
    0.906064948268,
    0.715314,
    0.905141565,
    0.9051419,
    0.713932,
    0.714806,
    0.8320598877576904,
    0.714806,
    0.714806,
    0.764081,
    0.718947,
    0.7187516212739526,
    0.714289,
    0.718054926757,
    0.713339,
    0.938043,
    0.764023,
    0.9081178,
    0.764318,
    0.843747897,
    0.9142,
    0.7130635642155649,
    0.764231,
    0.714806,
    0.9051416364237069,
    0.71652998,
    0.714806,
    0.801043,
    0.687947829,
    0.9051416,
    0.832851,
    0.9082031324,
    0.90805663,
    0.713359,
    0.905141,
    0.8230474972,
    0.718027,
    0.832851,
    0.908057,
    0.889191,
    0.946133241725,
    0.9149,
    0.832651523,
    0.8437,
    0.716469071,
    0.644134,
    0.838083,
    0.843052,
    0.707586,
    0.917647191,
    0.771,
    0.843096,
    0.718474,
    0.906231,
    0.713092,
    0.714807,
    0.718052,
    0.90605971,
    0.718236541,
    0.713359,
    0.8380706,
    0.714806,
    0.7180324386797234,
    0.714806,
    0.9105867138850618,
    0.71892646,
    0.713083,
    0.713064,
    0.714806,
    0.714806,
    0.714113,
    0.9177096404294837,
    0.755083,
    0.907431835,
    0.890442,
    0.713379,
    0.7739,
    0.718041,
    0.832542,
    0.906231,
    0.714411347,
    0.714806,
    0.714806,
    0.832542,
    0.713359,
    0.718,
    0.693147,
    0.705834,
    0.908351,
    0.711536415889,
    0.718717049,
    0.7189,
    0.763062,
    0.714806,
    0.716,
    0.718529,
    0.823517,
    0.718067941832,
    0.716022515,
    0.946723948,
    0.8320308842061667,
    0.714806,
    0.9176,
    0.934442,
    0.9065218353509275,
    0.764231,
    0.938083,
    0.832612,
    0.718705,
    0.84507045,
    0.7133598340865629,
    0.7133592361379454,
    0.714806,
    0.6412,
    0.911549,
    0.938097,
    0.713153,
    0.641523,
    0.71335985,
    0.838922043,
    0.832011,
    0.718849772,
    0.714806,
    0.641523,
    0.764544,
    0.91411916,
    0.832351,
    0.711172455,
    0.714806,
    0.907431,
    0.711156,
    0.718041,
    0.713359,
    0.86531,
    0.714806,
    0.832351,
    0.641453,
    0.906743172,
    0.713042,
    0.703186964,
    0.9062310784280179,
    0.832541,
    0.910836895,
    0.718802079,
    0.713359,
    0.713359,
    0.9458,
    0.714806,
    0.903723542,
    0.906177,
    0.905143,
    0.817723,
    0.908056,
    0.764231,
    0.764194,
    0.7182370619110569,
    0.775151,
    0.8653,
    0.718402936,
    0.905467,
    0.71803255679,
    0.908559,
    0.718027,
    0.718081,
    0.908247,
    0.832932,
    0.9103910337,
    0.764231,
    0.714806,
    0.704673,
    0.905141,
    0.7642,
    0.9078,
    0.7148069442668878,
    0.832542,
    0.906056624,
    0.713359,
    0.7148067069270548,
    0.714806,
    0.703649733,
    0.714806,
    0.668438,
    0.832433,
    0.714411,
    0.718989,
    0.832379,
    0.764231,
    0.714806,
    0.713074,
    0.718926455,
    0.7133594,
    0.718454043,
    0.7113394298358153,
    0.944483677,
    0.714806,
    0.915172,
    0.71335979,
    0.946591,
    0.714411,
    0.838072,
    0.71335927521837,
    0.906231,
    0.713359,
    0.718989,
    0.713492,
    0.705689,
    0.764231,
    0.9149,
    0.946591,
    0.905184,
    0.704807,
    0.906243,
    0.832415,
    0.755739,
    0.9051419644,
    0.9407,
    0.718022,
    0.905141,
    0.714402,
    0.70398627,
    0.718349,
    0.718849772,
    0.893071,
    0.90667982,
    0.832542,
    0.906064744043,
    0.718702293,
    0.714431549,
    0.90605991,
    0.7187051819941455,
    0.7164731287236988,
    0.718435,
    0.843,
    0.914375453,
    0.7185479221664454,
    0.714806,
    0.938604,
    0.906231,
    0.641375,
    0.7184416324119893,
    0.908057,
    0.713924,
    0.832591,
    0.832851,
    0.6448769,
    0.8951284175137578,
    0.906231,
    0.714806,
    0.713359,
    0.911649528,
    0.908021,
    0.714806,
    0.9110436769,
    0.90667946,
    0.718849,
    0.9060606796877,
    0.6444,
    0.843077,
    0.8139224386,
    0.766131,
    0.704837,
    0.917647201,
    0.713492,
    0.718958,
    0.90623187,
    0.906483663556,
    0.713022,
    0.704837,
    0.714806582,
    0.714806,
    0.714411,
    0.7180325561274227,
    0.7133594536,
    0.713359027698,
    0.718547,
    0.906056625394,
    0.905143,
    0.718032556,
    0.9149,
    0.764231,
    0.714806,
    0.714806,
    0.9051343797,
    0.832105,
    0.832651,
    0.641682,
    0.7187061201089417,
    0.90886157,
    0.764231,
    0.713172052,
    0.714586,
    0.714806,
    0.9140625566,
    0.764231,
    0.83892829,
    0.832365056945,
    0.7187511354739876,
    0.714806,
    0.908061723,
    0.713948,
    0.832542,
    0.9069,
    0.704837,
    0.714806,
    0.7131293925732195,
    0.832043,
    0.71133917,
    0.70349,
    0.832853,
    0.713359,
    0.775,
    0.714164,
    0.794032361,
    0.832853,
    0.906023989,
    0.714806,
    0.835474835,
    0.906411453,
    0.838678,
    0.714806,
    0.9150523597,
    0.713359,
    0.714806,
    0.914878,
    0.693427,
    0.9149,
    0.64145884,
    0.908063,
    0.7187238028196348,
    0.843771,
    0.718052015618,
    0.9064117194,
    0.714806,
    0.713132,
    0.6418,
    0.718707021,
    0.891107,
    0.8324159205,
    0.906231,
    0.707107782,
    0.7180025416,
    0.8430418397,
    0.7744610518896798,
    0.8320328965,
    0.683178,
    0.713359,
    0.718082,
    0.910849,
    0.9051414,
    0.718634,
    0.7114423562154812,
    0.764198,
    0.713172,
    0.718989,
    0.764198,
    0.832379,
    0.8475640635428877,
    0.714806,
    0.832542,
    0.7131296328,
    0.908061,
    0.713762,
    0.91158772264,
    0.714411,
    0.764208,
    0.703992,
    0.832542,
    0.718556,
    0.713359,
    0.8310105147374549,
    0.713359,
    0.832541,
    0.9051413,
    0.641549,
    0.713492927,
    0.713,
    0.714411,
    0.895128,
    0.906547129028,
    0.906084981,
    0.7187021297794398,
    0.832851,
    0.9084479929,
    0.9066,
    0.832542,
    0.832851,
    0.704641,
    0.8324115564610867,
    0.915351609,
    0.715236,
    0.906679713,
    0.764225,
    0.9076,
    0.718062,
    0.716221,
