{
  "model": "meta-llama/Llama-4-Scout-17B-16E-Instruct",
  "distribution": "Weibull(shape={shape}, scale={scale})",
  "mode": "independent_requests",
  "requested_samples": 1000,
  "generation_time": 196.88325190544128,
  "statistics": {
    "total_samples": 1000,
    "failed_requests": 0,
    "unique_values": 55,
    "unique_rate": 5.5,
    "mean": 0.7050032762128001,
    "std": 0.3176480870098415,
    "min": 0.446,
    "max": 1.442693,
    "ks_statistic": 0.3058896910852327,
    "ks_pvalue": 1.5002645117446697e-83
  },
  "samples": [
    1.23456789,
    0.9183,
    1.325591,
    0.446,
    0.4464,
    1.321151,
    0.446,
    0.9183,
    1.321094473,
    0.446,
    0.446,
    0.446,
    0.446,
    0.9183,
    1.23456789,
    0.446,
    1.321542052,
    0.9183,
    1.23456789,
    0.446,
    0.9183,
    0.9183,
    0.9183,
    0.446,
    0.446,
    0.9183,
    0.446429,
    0.446,
    0.446,
    0.4464,
    1.325591429,
    0.446,
    0.446,
    0.9184,
    1.3219888108,
    0.9183,
    0.9183,
    0.9183,
    0.446,
    0.9183,
    0.9183,
    0.446,
    0.446,
    0.446,
    1.325591,
    1.325591,
    0.446,
    0.446,
    0.446,
    0.4464,
    0.9183,
    0.446429,
    0.446,
    0.4467,
    0.4467,
    0.4464,
    0.446,
    0.4464,
    0.446,
    0.446,
    0.446,
    0.446,
    0.446,
    1.231,
    0.446,
    0.446,
    0.9183,
    0.4467,
    0.4464,
    0.9189,
    0.4464,
    0.4466,
    0.446,
    0.446,
    1.378392,
    0.446,
    1.23456789,
    0.9189,
    0.446,
    0.446,
    0.446,
    0.446,
    0.9183,
    0.446,
    0.9183,
    0.446,
    0.9183,
    0.9183,
    0.446,
    1.231456,
    0.9183,
    0.9189,
    0.446,
    0.9183,
    0.446,
    0.4464,
    0.9183,
    0.9183,
    1.321786,
    0.446,
    0.9183,
    1.325591429,
    0.446,
    0.446,
    0.9183,
    0.446,
    1.321466894,
    0.9183,
    0.446,
    0.446,
    0.446,
    0.9184,
    0.446,
    0.446,
    0.9183,
    0.9183,
    0.446,
    1.378391,
    1.23456789,
    0.4465,
    0.9189,
    0.446,
    1.325591429,
    0.446,
    0.446,
    0.9183,
    0.446,
    0.9183,
    0.446,
    0.9183,
    1.23456789,
    1.231,
    0.9183,
    0.446,
    0.4464,
    0.446,
    0.446,
    0.9183,
    0.446,
    0.9189,
    0.446,
    0.446,
    1.321466836,
    0.4465,
    0.4465,
    0.446,
    0.4464,
    0.9189,
    0.9189,
    1.325591429,
    1.442693,
    0.446,
    0.4464,
    0.446,
    1.231456,
    0.446,
    0.446,
    0.446,
    0.9184,
    0.446,
    0.446,
    0.446,
    0.9183,
    0.446,
    0.4464,
    0.4464,
    0.446,
    0.446,
    0.9183,
    0.446,
    0.9183,
    0.446,
    0.4464,
    1.321134312,
    0.9183,
    0.9183,
    0.446,
    0.446,
    0.9183,
    0.9183,
    1.378493,
    0.446,
    0.446,
    0.9183,
    0.9183,
    0.446,
    0.446,
    0.446,
    0.446429,
    0.446,
    0.446,
    0.446,
    0.446,
    0.4464,
    0.4466,
    0.446,
    0.446,
    0.4466,
    0.446,
    0.9183,
    0.446,
    0.446,
    0.9183,
    0.9183,
    0.4464,
    0.446429,
    0.446,
    0.9183,
    0.446,
    0.446,
    0.446,
    0.9183,
    0.446429,
    0.446631,
    1.378591,
    0.446,
    0.9183,
    0.446,
    0.9183,
    1.325591429,
    0.446,
    0.446,
    0.446,
    0.446,
    0.446,
    0.9183,
    0.446,
    0.9183,
    0.4465,
    0.446,
    0.4464,
    0.446,
    0.9183,
    0.446,
    0.9183,
    0.4464,
    0.9183,
    0.446,
    1.321746,
    0.446,
    0.9183,
    0.446,
    0.446,
    0.9183,
    0.9183,
    1.23456789,
    0.4467,
    0.446,
    0.446,
    0.446,
    0.446,
    0.446,
    0.446,
    0.9183,
    0.446,
    0.9183,
    0.446,
    1.083621,
    0.9183,
    0.9183,
    0.446,
    0.9183,
    1.23456789,
    0.9183,
    0.446,
    0.446,
    0.4464,
    0.9183,
    0.9189,
    0.9183,
    0.446,
    0.446,
    0.446,
    0.446,
    0.446,
    0.9183,
    0.446,
    0.446429,
    0.446,
    0.9183,
    1.321556,
    0.4464,
    0.9183,
    0.9183,
    1.325591429,
    0.9183,
    1.23456789,
    1.321,
    0.446631,
    1.321469,
    0.4464,
    0.446,
    1.23456789,
    0.446,
    1.321,
    0.9183,
    0.446,
    0.4465,
    0.9183,
    0.9183,
    0.9183,
    0.4464,
    0.9183,
    0.446,
    0.9183,
    0.446631,
    0.4464,
    0.446,
    0.446,
    0.9183,
    0.446,
    0.446,
    0.446,
    0.446,
    0.9183,
    0.4464,
    0.446,
    0.9184,
    0.446,
    0.446,
    0.9183,
    0.9183,
    0.9183,
    0.446,
    0.4466,
    0.446,
    1.23456789,
    0.9183,
    0.446,
    0.9183,
    0.446,
    0.4464,
    0.9183,
    0.446,
    0.9183,
    0.4464,
    1.23456789,
    0.9183,
    0.446,
    0.446,
    1.325591429,
    0.9183,
    1.325591429,
    0.446,
    0.9189,
    0.9183,
    0.446,
    0.446,
    0.9183,
    0.9183,
    0.4464,
    0.446,
    0.446,
    0.9183,
    0.446,
    0.446,
    0.9183,
    0.9183,
    0.446,
    0.446,
    0.446,
    1.297,
    0.9183,
    0.446,
    0.446,
    0.9183,
    0.446,
    0.9189,
    0.446,
    0.9183,
    0.446,
    0.446,
    0.4464,
    0.9183,
    0.9183,
    1.183,
    0.446,
    0.9183,
    0.446,
    0.446,
    0.9183,
    0.446,
    0.9183,
    0.9183,
    0.446,
    0.446,
    0.9183,
    1.23456789,
    0.446,
    0.446,
    0.9183,
    0.9183,
    0.446,
    0.9183,
    0.4464,
    0.9183,
    0.446,
    0.446,
    0.4464,
    0.446,
    0.9183,
    0.9183,
    1.325591469,
    0.9183,
    0.446,
    0.4464,
    0.446,
    0.9183,
    0.9183,
    0.446,
    0.9184,
    0.9183,
    0.9184,
    0.446,
    0.446,
    0.446,
    0.446,
    0.4464,
    0.446,
    0.446,
    0.9183,
    0.446,
    0.446,
    0.446,
    0.9183,
    0.9183,
    0.446,
    0.446,
    0.9183,
    0.9183,
    0.446,
    0.9183,
    0.9183,
    0.446,
    0.446,
    1.297,
    0.4464,
    1.251,
    0.446,
    0.446,
    0.9183,
    1.321,
    0.9183,
    0.446,
    0.9183,
    1.325591429,
    0.446,
    0.9183,
    0.446,
    0.9183,
    0.446,
    0.446,
    0.9183,
    0.9183,
    1.321046295,
    1.23456789,
    0.4465,
    0.446,
    1.321,
    0.446,
    0.446,
    0.446,
    0.4464,
    0.446,
    1.251,
    0.4465,
    0.4464,
    0.4465,
    0.4466,
    0.9183,
    0.446,
    0.4464,
    0.9183,
    1.321,
    0.446,
    1.321556,
    0.446,
    0.446,
    0.9183,
    0.9183,
    0.446,
    0.9183,
    0.446,
    0.9183,
    0.9183,
    0.9183,
    0.446,
    1.321,
    0.446,
    1.325591429,
    0.446,
    0.4464,
    0.9183,
    0.9189,
    1.321466893,
    0.9183,
    0.446,
    0.9183,
    0.446,
    0.446,
    0.446,
    0.446,
    0.9183,
    0.446,
    0.4466,
    0.9183,
    1.325591901,
    0.9183,
    0.9183,
    1.297,
    1.23456789,
    0.446,
    0.446,
    0.9183,
    1.231,
    0.9183,
    0.4464,
    0.446,
    0.446,
    0.9183,
    0.446,
    0.446,
    0.446,
    0.4464,
    0.4464,
    0.446,
    0.9183,
    1.321466836,
    0.4464,
    0.446,
    0.4465,
    0.446,
    1.321466893,
    1.297,
    1.321,
    1.321466836,
    0.446,
    0.9183,
    0.4465,
    0.9183,
    0.9183,
    1.23456789,
    0.4464,
    0.446,
    0.446,
    0.4464,
    0.446,
    0.446,
    0.4464,
    0.446,
    0.9183,
    0.446,
    1.321,
    0.446,
    0.9183,
    1.325591412,
    0.446,
    0.446429,
    0.4465,
    0.9183,
    0.9183,
    0.9183,
    1.23456789,
    0.446,
    0.446,
    0.446,
    0.446,
    0.9183,
    0.4464,
    0.9183,
    0.446,
    0.9183,
    0.9183,
    0.446,
    0.4464,
    0.4464,
    0.4466,
    0.4464,
    0.446,
    0.9183,
    0.446,
    0.9184,
    0.446,
    0.9183,
    0.4465,
    0.4465,
    0.446429,
    0.4467,
    0.446,
    0.446,
    1.325591901,
    1.325591715,
    0.4466,
    0.9183,
    0.446,
    1.321591905,
    0.446,
    0.9183,
    0.446,
    1.321,
    0.4467,
    0.4465,
    0.446631,
    0.9183,
    0.446,
    1.321556,
    0.446,
    1.325591429,
    0.9183,
    0.9183,
    1.321,
    0.4464,
    0.446,
    0.9183,
    0.446,
    0.4464,
    0.9183,
    0.9183,
    0.446,
    0.446,
    0.9183,
    1.321469,
