{
  "model": "mistralai/Mistral-Small-3.2-24B-Instruct-2506",
  "distribution": "Weibull(shape={shape}, scale={scale})",
  "mode": "independent_requests",
  "requested_samples": 1000,
  "generation_time": 631.6350471973419,
  "statistics": {
    "total_samples": 1000,
    "failed_requests": 0,
    "unique_values": 895,
    "unique_rate": 89.5,
    "mean": 0.42241541409764477,
    "std": 0.2615755066697424,
    "min": 0.0020161357,
    "max": 3.18132,
    "ks_statistic": 0.4802174762336241,
    "ks_pvalue": 1.3181034685502639e-212
  },
  "samples": [
    0.857231,
    0.358421,
    0.4447340025649456,
    0.357824,
    0.454212,
    0.3018,
    0.71263458,
    0.331851,
    0.456738,
    0.5488135,
    0.203052,
    0.123456789,
    0.3456789,
    0.23478921457,
    0.4426996315161928,
    0.123456789,
    0.234567,
    0.348925,
    0.243023936374,
    0.843721,
    0.34127,
    0.321459,
    0.475302138,
    0.3752898741,
    0.3769,
    0.3428798204,
    0.123456789,
    0.3428751662181626,
    0.53124,
    0.720036,
    0.691241278,
    0.3016494211,
    0.243984,
    0.469183,
    0.3901862284166071,
    0.421644,
    0.123456,
    0.291123,
    0.376932,
    0.405432,
    0.342129,
    0.3452,
    0.5681,
    0.4229,
    0.523,
    0.423262,
    0.405723,
    0.7342319107,
    0.31241205,
    0.546,
    0.2388688189049723,
    0.623412874,
    0.412367125,
    1.138987621,
    0.4283622,
    0.482217,
    0.293349,
    0.53478,
    0.4562315,
    0.123456789,
    0.737616379,
    0.352812,
    0.243643,
    0.342567,
    0.32476584,
    0.2907,
    0.23456789,
    0.123456,
    0.17634,
    0.232416,
    0.876,
    0.843219,
    0.456217,
    0.247392163,
    0.24469,
    0.820123,
    0.2143,
    0.4272,
    0.372812546124563,
    0.238567439,
    0.645312,
    0.810432,
    0.427304,
    0.7472834299423592,
    0.123456789,
    0.123456,
    0.1736452386,
    0.372519,
    0.127543982567,
    0.23642,
    0.17864,
    0.234129,
    0.8437215,
    0.397823,
    0.693147,
    0.342728,
    0.306852819,
    0.456721398,
    0.2376,
    0.390783,
    0.3421456872,
    0.453592,
    0.347412938,
    0.21683934,
    0.0123456789,
    0.2341,
    0.4246218321,
    0.3826,
    1.23456789,
    0.4276,
    0.28,
    0.216481,
    0.423606797749979,
    0.723456789,
    0.198726,
    0.2564,
    0.2476844,
    0.444563289,
    0.242756,
    0.123456789,
    0.422382,
    0.732,
    0.8172,
    0.258341,
    0.378941231,
    0.368934,
    0.823451,
    0.7320508075688772,
    0.42673994,
    0.452312,
    0.3281249,
    0.1254683067,
    0.23456789,
    0.3164,
    0.215876,
    1.24687,
    0.564,
    0.89367192,
    0.432578,
    0.375124,
    0.531905816,
    0.315,
    0.2876723,
    0.92345,
    0.568829476,
    0.38172926,
    0.345678912,
    0.371256,
    0.2178,
    0.5295561635149034,
    0.123456789,
    0.183697,
    0.3472,
    0.683018,
    0.4123761,
    0.4127,
    0.324691,
    0.354689,
    0.3247,
    0.258743,
    0.4213,
    0.482753012667551,
    0.324972,
    0.3681234567,
    0.32458,
    0.4465,
    0.234165218,
    0.6978155123,
    0.367892,
    0.421961,
    0.3497,
    0.4124567,
    0.123456789,
    0.2176,
    0.2768,
    0.645211,
    0.154236,
    0.123456789,
    0.4276,
    0.624810379,
    0.123456789,
    0.5123456789,
    0.3421456789214,
    1.203165,
    0.424832,
    0.375621026,
    0.123456789,
    0.421931,
    0.2134,
    0.1646,
    0.7219305,
    0.342561,
    0.2352,
    0.4566,
    0.3498,
    0.6487239663,
    0.8164965809,
    0.3286,
    0.7329414310296554,
    0.6329118,
    0.523897,
    0.342761,
    0.341292,
    0.1532683,
    0.123456789,
    0.2146,
    0.348219,
    0.6452233,
    0.271413,
    0.234567,
    0.123456789,
    0.324912,
    0.3551,
    0.343,
    0.2653399784,
    0.324924811512,
    0.425368103,
    0.3426,
    0.418903,
    0.304895727,
    0.124677,
    0.2701969465,
    0.217652142,
    0.624123,
    0.2567338129,
    0.678223451923,
    0.328924,
    0.162779,
    0.23456789,
    0.256,
    0.123456789,
    0.3785412,
    0.4216,
    0.91234567,
    0.234019,
    0.23415623,
    0.4234,
    0.372142,
    0.3427412883,
    0.1036,
    0.89345621,
    0.7428463955142816,
    0.2113,
    0.341196,
    0.214264,
    0.123456789,
    0.2386345322,
    0.123456789,
    0.376822,
    0.421625,
    0.423187,
    0.7212158238,
    0.653421,
    0.21456789,
    0.214658,
    0.923412,
    0.123456789,
    0.1942895632,
    0.324192,
    0.124367283,
    0.381712423,
    0.453678,
    0.342,
    0.4240553462,
    0.6826,
    0.763421,
    0.893487921,
    0.374218165,
    0.347652198236,
    0.4126,
    0.377,
    0.342103,
    0.3741,
    0.482315093793,
    2.0187643,
    0.284857263,
    0.2945,
    0.423127,
    0.4124,
    0.45238247,
    0.356842,
    0.623548,
    0.34892,
    0.378213,
    0.2413,
    0.897259,
    0.618736,
    0.345286,
    0.123456789,
    0.43289932,
    0.852,
    0.841829,
    0.123456,
    0.4823122561721339,
    0.123456789,
    0.4321012,
    0.671356,
    0.392761,
    0.364219,
    0.253,
    0.8324172934,
    0.3289,
    0.2876,
    0.603596,
    0.123456789,
    0.298636284,
    0.3184,
    0.37245194929,
    0.4891085617043269,
    0.8271,
    0.348235,
    0.2321,
    0.4192675,
    0.23456789,
    0.7123456789,
    0.370412,
    0.245631,
    0.34567821,
    0.377,
    0.7161330664,
    0.9126548,
    0.4256,
    0.8231,
    0.123456789,
    0.567832149,
    0.3627492,
    0.214394,
    0.4236,
    0.61872245,
    0.423834,
    0.2145721184446541,
    0.34256789,
    0.129381652,
    0.43729,
    0.384615,
    0.896234512,
    0.327675,
    0.421946,
    0.376812345,
    0.342816798,
    0.67490821,
    0.364812,
    0.389,
    0.3258065173213916,
    0.987231,
    0.423626137568,
    0.34572,
    0.123518,
    0.2107,
    0.203,
    0.543837,
    0.452316,
    0.4126819249843085,
    0.43212,
    0.63813,
    0.211363733,
    0.734222,
    0.3452,
    0.4286,
    0.240145,
    0.423142,
    0.8623456789,
    0.144236,
    0.34867,
    0.437253,
    0.342792,
    0.372819,
    0.243,
    0.238974,
    0.312568423,
    0.8612345678,
    0.321456,
    0.729843,
    0.3786123456,
    0.3452,
    0.2351783,
    0.3846,
    0.3425714832695953,
    0.562712,
    0.4278,
    0.3611,
    0.235788921,
    0.3452,
    0.221436,
    0.3489271,
    0.6412,
    0.7823456789,
    0.412378921,
    0.123456,
    0.4225678921,
    0.3721,
    0.134984377,
    0.42364691,
    0.25124,
    0.2686363503483261,
    0.523363,
    0.123456789,
    0.3451234,
    0.453,
    0.893426,
    0.42861234,
    0.345612,
    0.12456,
    0.546427,
    0.123456789,
    0.37429918423,
    1.34528,
    0.3854,
    0.123456789,
    0.389629411,
    0.3720143867356289,
    0.378123,
    0.923467,
    0.234567891,
    0.624123,
    0.30122956,
    0.238476123,
    0.423670569,
    0.812,
    0.2341996,
    0.2178,
    0.123456789,
    0.4728166,
    0.243,
    0.731903,
    0.34126,
    0.123456789,
    0.429713,
    0.427,
    0.345672101,
    0.8245,
    0.741389,
    0.329821,
    0.348721,
    0.2436571209,
    0.321456789,
    0.123456789,
    0.377631,
    0.2831942938,
    0.21938,
    0.237518,
    0.3846,
    0.613328,
    0.378921,
    0.4895,
    0.2725,
    0.446679,
    0.2354637289,
    0.345678,
    0.372,
    0.321642,
    0.042341,
    0.345212,
    0.370654233,
    0.452786,
    0.28072,
    0.5423,
    0.341292,
    0.5012,
    0.286782223,
    0.714632843459,
    0.429783,
    0.42312,
    0.3306,
    0.285693,
    0.2146,
    0.2116,
    0.32478,
    0.2345678,
    0.27146,
    0.324512,
    0.385621,
    0.23456789,
    0.3245,
    0.923,
    0.349223573,
    0.423816,
    0.4239186391,
    0.357,
    0.1799,
    0.29847215,
    0.782413,
    0.682912376,
    1.2246,
    0.8436164014847823,
    0.2470485,
    0.3202419294,
    0.6472381927,
    0.783239,
    0.324915,
    0.21770739101336178,
    0.251,
    0.37823345,
    0.2341289,
    0.31256,
