{
  "model": "moonshotai/Kimi-K2-Instruct-0905",
  "distribution": "Weibull(shape={shape}, scale={scale})",
  "mode": "independent_requests",
  "requested_samples": 1000,
  "generation_time": 839.6086168289185,
  "statistics": {
    "total_samples": 1000,
    "failed_requests": 0,
    "unique_values": 593,
    "unique_rate": 59.3,
    "mean": 0.7222823030597981,
    "std": 0.33252569742904403,
    "min": 0.175,
    "max": 4.219,
    "ks_statistic": 0.3017174596747859,
    "ks_pvalue": 2.995784183087177e-81
  },
  "samples": [
    0.726,
    0.472,
    0.431729,
    4.219,
    0.713,
    0.481,
    0.907,
    0.713624,
    0.483,
    0.46612,
    0.816,
    0.693,
    0.327,
    0.84,
    0.874,
    0.718,
    0.938271,
    0.498,
    0.526,
    0.609,
    1.287,
    0.437,
    1.187,
    0.792,
    0.246,
    0.679,
    0.683,
    0.6389,
    0.689,
    0.825629,
    0.912,
    0.472,
    0.476,
    0.442,
    0.695,
    0.813,
    0.792,
    0.523,
    0.847,
    0.731,
    0.435,
    0.86,
    0.6307,
    0.847,
    1.384726,
    0.523,
    0.4012,
    0.47,
    0.702,
    0.29,
    0.572,
    0.609176,
    0.727,
    0.527,
    0.529,
    0.759204,
    0.423,
    0.783,
    0.745312,
    0.6557,
    1.1346,
    0.873419,
    0.273,
    0.317,
    0.693,
    1.137,
    0.273,
    0.438,
    0.437,
    0.703,
    0.175,
    0.683,
    0.736972,
    1.223,
    0.847322,
    1.325,
    0.628,
    0.8734,
    0.793,
    1.5427,
    0.384,
    0.782,
    0.826,
    0.847,
    0.583642,
    0.873,
    0.942,
    0.7824,
    0.697,
    0.847,
    0.5729143,
    0.8472,
    0.916347,
    0.487,
    1.367,
    0.847216,
    0.671,
    0.854236,
    0.456,
    0.792,
    0.816473,
    0.847,
    0.783,
    0.873,
    0.547,
    0.739,
    0.504,
    0.604,
    0.784,
    1.247,
    0.5417,
    0.437,
    1.337,
    0.437982,
    0.227,
    0.846,
    0.524,
    0.425,
    0.873,
    0.887,
    0.782914,
    0.783,
    0.3782,
    0.548,
    0.423,
    1.347,
    0.493,
    0.456791,
    0.798,
    0.847,
    0.573418,
    0.371,
    0.817,
    0.826,
    0.483,
    0.793,
    0.8482,
    0.566,
    0.873,
    1.745,
    0.783461924,
    0.685429,
    0.7839,
    0.4782,
    0.462178,
    0.39,
    1.138,
    0.869,
    0.659,
    0.403,
    0.468217,
    0.429,
    0.374,
    0.438167902,
    0.894,
    0.906,
    0.483,
    1.6281843,
    0.847361,
    0.845,
    0.793,
    0.847,
    0.712,
    0.847,
    0.437,
    0.873,
    0.287,
    1.317,
    0.8472,
    0.847,
    0.429,
    0.749,
    0.847,
    0.327,
    0.42,
    0.489,
    0.757,
    0.476,
    0.847,
    0.725,
    1.301,
    0.857192,
    0.8573,
    1.087624,
    1.418,
    0.453127,
    0.4521,
    0.608,
    0.9134,
    0.357,
    0.317,
    0.583,
    0.672,
    0.476,
    0.527,
    0.7836,
    1.126573,
    0.362,
    0.241368,
    0.783,
    1.837,
    0.873,
    1.423786,
    1.2345678901234567,
    1.247,
    0.524,
    0.427,
    0.835291,
    0.412,
    0.823,
    0.869,
    0.729384,
    0.3841,
    0.736,
    0.783,
    0.6234,
    0.892,
    0.412,
    1.230571,
    0.532917,
    1.478596,
    0.57,
    0.845317,
    1.472,
    0.453,
    0.723,
    0.427,
    0.427,
    0.452,
    0.648,
    0.841,
    1.337,
    1.238,
    0.847392,
    0.523,
    1.487625,
    0.847,
    0.627,
    0.729416,
    0.427,
    0.473891,
    0.483,
    0.419,
    0.783,
    1.187478,
    0.432169,
    0.666,
    0.847,
    0.847,
    0.788,
    0.8331,
    0.414,
    0.847,
    0.8573,
    1.749,
    0.423,
    0.785,
    0.429,
    0.425,
    0.537,
    0.873,
    0.638,
    1.243817,
    0.327,
    0.847362,
    0.716,
    0.453,
    0.47,
    0.401,
    0.6774,
    0.527,
    0.631,
    0.4723,
    0.718934,
    0.893,
    0.347,
    0.435,
    0.365,
    0.583219,
    0.927864,
    0.749,
    0.847,
    0.741,
    0.452,
    0.447,
    0.419,
    0.527,
    0.783,
    0.402,
    0.847312,
    1.395627,
    0.857621,
    1.2397,
    1.417,
    0.8473,
    0.684917,
    0.847,
    0.873,
    0.945,
    0.917,
    0.483,
    0.582,
    0.742193,
    0.847319,
    0.742,
    0.582,
    0.521,
    0.837,
    0.412,
    0.847,
    0.847,
    0.742,
    0.826347981,
    0.783,
    0.637,
    0.693,
    0.732,
    0.8551,
    0.783462,
    0.364,
    1.167384,
    2.081951367,
    0.622,
    0.547,
    1.358,
    0.638249,
    0.783,
    0.476,
    0.831924,
    0.742,
    0.491386,
    0.422,
    0.537,
    0.837421892,
    0.853164,
    0.542,
    0.554,
    0.476,
    0.797,
    0.847,
    0.421,
    0.423506,
    0.732,
    0.634,
    0.847,
    0.538,
    0.713,
    0.807,
    0.572,
    0.273,
    0.783,
    0.837,
    0.463,
    0.837,
    0.473,
    0.374,
    0.837,
    0.442,
    0.847,
    0.8391,
    0.713,
    0.237,
    0.847,
    0.582,
    0.413927,
    0.884,
    0.532,
    0.783,
    0.417,
    0.847312,
    0.723,
    1.186,
    0.783721465,
    1.043,
    0.847293,
    0.718,
    0.642813,
    0.83,
    0.247,
    0.474,
    0.573164,
    0.762,
    0.794,
    0.489,
    0.527,
    0.54,
    0.249,
    0.823,
    0.847362,
    0.483166,
    0.73,
    0.437,
    0.4547,
    0.61542,
    0.438,
    0.327,
    0.892164,
    0.743,
    0.734,
    0.783,
    0.6473,
    0.612937,
    0.783421,
    0.348,
    0.9273,
    1.638905,
    0.361,
    1.837,
    0.427968164,
    0.738,
    0.247,
    0.861,
    0.362,
    0.847,
    0.837,
    0.248367,
    0.427,
    0.927364,
    0.421,
    1.042,
    0.847263915,
    0.342,
    0.536,
    0.553,
    1.347,
    0.32614,
    0.493,
    0.573291,
    0.664,
    0.847362,
    0.843,
    0.456783,
    0.783,
    0.8432,
    0.58291,
    0.817,
    0.847,
    0.4807,
    0.326,
    0.847,
    0.516,
    0.872,
    0.713,
    0.486,
    0.538,
    0.455,
    0.893,
    0.523,
    0.529,
    0.783451,
    0.365842,
    0.836,
    0.847,
    0.783459,
    0.432,
    0.429,
    0.473,
    0.428,
    1.598,
    0.845,
    0.426973,
    0.213,
    0.524,
    0.847319,
    0.327,
    0.526,
    0.592,
    0.853421,
    0.793,
    0.693,
    0.472,
    0.227,
    0.617428,
    0.5273,
    0.218301465,
    0.783,
    0.482,
    0.446,
    0.97,
    0.472,
    0.743,
    1.035,
    0.326,
    0.826,
    0.634271,
    0.968473,
    0.427,
    0.793,
    0.423,
    0.847,
    0.382,
    0.566,
    0.61,
    0.5783,
    0.738196,
    0.522,
    1.023,
    1.287364,
    0.523,
    1.029418167,
    1.347,
    0.478,
    0.651,
    0.472,
    0.283,
    1.377,
    0.269,
    1.765,
    0.53241,
    0.527,
    0.743,
    0.468219,
    0.583,
    0.452,
    0.247,
    0.892371,
    0.437,
    0.847,
    0.623,
    0.9438,
    0.847,
    0.827,
    0.291,
    0.326,
    0.327,
    0.458967,
    0.4012,
    0.738,
    0.745,
    0.4716,
    0.8416,
    0.653,
    0.897,
    0.873,
    0.312,
    0.783542,
    0.847,
    0.452,
    0.872,
    0.783,
    0.847,
    0.446,
    0.384,
    0.243,
    0.783,
    0.475321,
    0.783421,
    0.3816,
    0.527,
    0.743,
    1.246,
    0.649,
    0.423817,
    0.478291,
    0.723,
    0.429,
    0.437,
    0.4231,
    0.273,
    0.436,
    0.847,
    0.783,
    0.783,
    0.487,
    0.847,
    1.347,
    0.712,
    0.933,
    0.5473,
    0.614,
    0.693,
    0.623,
    0.743,
    1.874,
    0.724,
    0.364272,
    0.527,
    0.614,
    1.387,
    1.574,
    0.472391,
    0.912,
    0.7389,
    0.493,
    1.372,
    0.873,
    0.503,
    0.847362917,
    0.874,
    0.728,
    1.23,
    1.193,
    0.4857,
    0.652,
    1.527,
    0.793,
    0.635,
    0.867421,
    0.874,
    0.847,
    0.593,
    0.483,
    0.877,
    0.352,
    1.4329,
    0.854123,
    1.583,
    0.589,
    0.639,
    0.783409,
    0.857,
    0.392,
    0.683,
    1.182,
    0.783462,
    0.654,
    0.847,
    0.653,
    1.242768,
    0.748,
    0.874,
    0.472,
    0.795,
    0.273,
    0.847,
    0.8473,
    0.793,
    0.423789,
    0.451,
    0.847,
    0.847,
    0.4892,
    0.384,
    0.518,
    0.716,
    0.823418914,
    0.5743,
    0.8237,
