{
  "model_name": "mistralai/Mistral-Small-3.2-24B-Instruct-2506",
  "test_type": "independent_requests",
  "num_requests": 1000,
  "successful_samples": 1000,
  "failed_requests": 0,
  "samples": [
    1.9147320198421633,
    -0.123456789,
    -0.344362355,
    -0.496,
    -0.23456789,
    -0.496,
    -0.4962842212,
    1.6976871558718112,
    -0.123456789,
    1.23456789,
    -0.233527,
    2.18471645,
    -0.123456789,
    -0.123456789,
    2.13546,
    -0.496814,
    -0.137381773604191,
    2.134509,
    -1.233682,
    -0.12345,
    -1.29381,
    -0.23981686,
    -0.344795421,
    -0.23456789,
    -0.496,
    -0.13470163211017927,
    -0.496,
    -0.123456789,
    -0.134,
    -0.496,
    2.147417216415381,
    -0.542349104,
    -0.137743099231196,
    -0.42391443,
    -1.23456789,
    -0.873,
    -0.92177,
    -0.123456789,
    -1.231,
    -0.123456789,
    -0.23985,
    -1.234567,
    -0.472349231,
    -0.7915,
    -0.123456789,
    1.2371,
    -0.822459,
    -0.4962168004138066,
    1.81340119461901,
    -0.5432156789,
    -0.123456789,
    -0.23456789,
    -0.644832391744167,
    -0.1382304589393139,
    -1.23456,
    -0.7211745020505288,
    -1.23456789,
    -0.3440576,
    -0.344563,
    -0.4967023275525192,
    -0.239841,
    2.34748,
    -0.4968457364273,
    -1.23456789,
    -0.123456789,
    -0.239812346469622,
    -1.2345,
    -0.123456789,
    -0.23456789,
    1.23456789,
    -0.496,
    2.15678,
    -0.3456,
    -0.09109131050067427,
    -0.23984,
    -0.234567,
    1.4534534,
    -0.3463904,
    2.1006,
    -1.23456789,
    -0.347623,
    -0.1347123,
    -0.4762328749213769,
    -0.3442,
    -0.23456789,
    -0.531913436467,
    -0.4965554508186504,
    2.3456789,
    -1.2345789012345,
    -0.123456789,
    -0.1315712361348118,
    -0.123456,
    -1.23456789,
    -0.41550501,
    -0.4965,
    -0.345,
    -1.23456,
    -1.6740317247941103,
    -1.23456789,
    -0.1334331,
    -1.23456789,
    -0.23456789,
    -0.234567,
    -0.13547968690233192,
    -0.49621189,
    -0.532375656,
    -0.13193387401544265,
    -0.5013,
    -0.0923,
    -0.3444143439,
    -0.1383575505941816,
    -0.239871,
    -1.286011628,
    -0.344615494575227,
    -0.4965579423049898,
    -0.23456789,
    -1.23456789,
    -0.1324092767,
    -0.131965,
    -0.1347,
    0.4992,
    -0.4961,
    -0.1384,
    0.3456,
    -0.3441544594153495,
    -1.2342,
    -6.2,
    -1.234567,
    -0.4938276643,
    -0.2398423,
    -0.1358561,
    2.13456789,
    -0.4180739409,
    -0.9090436112142624,
    -0.239812,
    2.3456789,
    -0.13471238063,
    -0.3440235722620997,
    -1.23456789,
    -0.123456789,
    -0.23984,
    -0.234567,
    -0.14022667762094063,
    -0.496542602,
    -0.123456789,
    -0.13249414899472178,
    -1.3499,
    -0.3478,
    -0.348,
    -2.81188706118539,
    -0.5319440862243788,
    -1.23456789,
    -0.3479,
    -0.4964683266697073,
    0.386707372,
    2.14567,
    -0.3461425509126272,
    -0.34426587289753474,
    -0.493626,
    -0.34567128,
    -0.51438253,
    -0.23984,
    -0.12467,
    -0.1384712324,
    -0.533653499,
    -0.134719,
    -0.13247452640329843,
    -1.23456789,
    -1.4739088663279,
    -0.138431,
    -0.13883975,
    -0.4722800019591564,
    -0.439278,
    -0.8246251029493179,
    -1.23487569324,
    1.2345,
    -0.233030535285059,
    -0.123456789,
    -0.4586601422642077,
    -0.3456789,
    0.1425586370590912,
    -0.12464351955091862,
    -0.234567,
    -0.234,
    2.14700931703685,
    -1.23456789,
    -0.5459,
    1.28392772532,
    2.3456789,
    1.23456789,
    -0.23984,
    -0.9179399188837928,
    -0.123456789,
    -0.08569598564715185,
    -0.235,
    2.1384764525,
    -0.23456789,
    -0.23305408093563215,
    -0.123456789,
    -0.134719,
    -0.40233,
    -0.96,
    -0.3456789,
    -0.1347547631174084,
    -0.13756766914253124,
    -0.2398429789,
    -0.234212,
    -0.123456789,
    -0.493929,
    -1.23678,
    -0.4965783956,
    -0.987657,
    -2.14578,
    -0.23456789012345677,
    -0.34047724657151685,
    -0.92030519,
    -1.23456789,
    -0.123456789,
    -0.1347047118529464,
    -0.34446889998777,
    -1.23456789,
    -0.345,
    -0.34685385011696834,
    -0.239842,
    1.23456789,
    1.23456789,
    -1.23456789,
    -0.4736629317218632,
    -0.14524260800423433,
    -0.234567,
    -0.3456789,
    0.3440965108,
    -0.23981234,
    -0.825614563587,
    -0.123456789,
    -0.23456789,
    -0.23541675237823,
    -0.13242839693,
    -0.235455172,
    -1.23456789,
    -0.123456789,
    -0.131650382738343,
    -0.534,
    -0.12398764323,
    -0.123456789,
    -0.4404707238859743,
    -0.239843,
    0.8283418076989774,
    -0.23456789,
    0.38168162283341395,
    1.2345,
    -0.23456789,
    1.23456789,
    -0.123456789,
    -0.49600562832800416,
    -0.123456789,
    -1.720923,
    -0.9311536902,
    -1.23456789,
    -0.7194,
    -0.56826,
    -0.123456789,
    -0.123,
    -0.49621669,
    -0.234567,
    -1.23456789,
    -0.531950733284162,
    -0.34426080022543915,
    -0.3442,
    -2.3005260687334603,
    -0.123456789,
    -1.23456789,
    0.18399032523706743,
    1.23456789,
    -0.9210832008319795,
    -0.343483911,
    -1.23456789,
    -0.239892,
    -0.23456789,
    -0.4767,
    -0.0909334,
    -0.1334287,
    -0.23456789,
    -0.344364993417637,
    2.145,
    -0.7499025532580177,
    1.53234,
    -0.34572698,
    -0.4939114946389657,
    2.147097,
    -1.2345678,
    -1.23412,
    2.3456,
    -1.23456789,
    -0.03991536,
    -0.34622543344712414,
    -0.642782,
    -0.346,
    -1.23456789,
    -0.342493,
    -0.45678,
    -0.531909911,
    -0.34410668111,
    1.23456789,
    2.13,
    -0.4963194647551904,
    -0.234567,
    2.10456364,
    -0.13285709932646783,
    -0.13349123947657035,
    -0.34414207,
    -1.23456789,
    -0.4962339901964513,
    -0.418019002,
    -0.233,
    -0.13855596502280232,
    -1.23456789,
    -0.23412413246736,
    -0.004682826330157925,
    -0.345789,
    -0.472,
    -0.123456789,
    -0.234567,
    -1.23456789,
    -0.13115629,
    -0.345678,
    -0.72108,
    -1.23456789,
    -0.239843,
    -1.2987,
    -0.1310921054893541,
    -0.12374,
    -0.23984,
    -0.23987,
    -0.23327678259577397,
    -1.23456789,
    -0.12345678,
    -0.234567,
    -0.234567,
    -1.23456789,
    -1.23456789,
    1.23456789,
    -0.00876085,
    -0.13248167390839172,
    -1.234567,
    -0.2345,
    -0.2341233251069146,
    -0.239844,
    -1.012938,
    -0.496,
    -0.13569376393286,
    -0.23984,
    -0.123456789,
    -0.1334941170769564,
    -0.13346583,
    -0.344,
    -1.23456789,
    -0.23984,
    -0.822961,
    -0.00348963450069,
    -0.13739149163577516,
    -0.23522001274238616,
    -0.34413915,
    -0.23456789,
    -0.018744547088409703,
    -0.345673,
    -0.13857195608,
    -0.123456789,
    -0.829167,
    -1.23456,
    -0.13594321,
    -0.643297,
    -1.23456789,
    -1.110031,
    -0.23412341234,
    0.3493,
    -0.23987,
    -0.09214411909576266,
    -0.1235,
    -0.123456789,
    -1.23456789,
    0.346034,
    -0.674304334246652,
    -0.34438802,
    -0.2349876453,
    -0.343216,
    2.31163665,
    0.4975444911,
    -1.234567890123456,
    -0.233973,
    -0.344,
    -0.134004,
    -0.496,
    -0.345678,
    -0.123456789,
    -1.23456789,
    -0.1347197623236935,
    -0.0862591,
    -0.23301083,
    -0.496,
    -0.13242,
    -0.005965,
    -0.4962109772150376,
    -1.2300536858381623,
    -0.1343581098,
    -0.123456789,
    2.1471,
    -0.49641140040539,
    -1.23456789,
    -0.23453,
    -1.234567,
    -0.34426274099452275,
    -1.2345678,
    -0.343939,
    -0.343965,
    2.31412191,
    -0.23456789,
    2.341616221353357,
    -1.233456,
    -0.496,
    -0.1324,
    1.5876423532,
    -0.496,
    -0.123456789,
    -0.123456789,
    -1.233031,
    -0.234567,
    -0.23981234,
    -0.132476233599198,
    -0.1245,
    -0.4612,
    -0.23984,
    -0.347629,
    -0.9189516196497735,
    -0.123456789,
    -0.234567987,
    1.459823322283137,
    2.03656,
    2.13840319603874,
    -0.496,
