{
  "model_name": "gpt-5.2",
  "test_type": "independent_requests",
  "distribution": "Gaussian",
  "parameters": {
    "mean": 0,
    "std": 1
  },
  "requested_samples": 1000,
  "actual_samples": 1000,
  "failed_requests": 0,
  "samples": [
    -0.4729183574,
    -0.438271,
    0.473829,
    0.4729183617,
    -0.4739183621,
    0.3729481063,
    0.4729183491,
    -0.4832197461,
    -0.4739218362,
    0.418273,
    -0.4738162937,
    0.4819273568,
    -0.4739281047,
    -0.4729138026,
    -0.4739281576,
    -0.4728361914,
    0.4729183617,
    0.4729183671,
    -0.4738162794,
    -0.4382715932,
    -0.4172938147,
    -0.4382175031,
    -0.4738295163,
    0.4739182741,
    -0.4839271641,
    0.4182736592,
    0.3175489264,
    0.4729183561,
    -0.4738217463,
    0.472918365,
    -0.4738291674,
    0.4139278156,
    0.3729184631,
    0.4371928451,
    0.4387268143,
    -0.4729618357,
    -0.4837162958,
    -0.4731826491,
    -0.4839271462,
    -0.4721836053,
    -0.4738291642,
    -0.4739283612,
    -0.472819,
    -0.472819,
    -0.4871936142,
    -0.4137268941,
    -0.4738296142,
    0.4739281675,
    -0.4739182746,
    0.4729183461,
    -0.4187392573,
    -0.4738210649,
    -0.4176931284,
    -0.4739183627,
    -0.4738291956,
    -0.4738291743,
    0.4739182604,
    0.3729184675,
    -0.4839172614,
    -0.4172639185,
    -0.4839201763,
    -0.4827361941,
    -0.3748261935,
    -0.4738291642,
    0.4721839206,
    -0.4729136284,
    -0.4627193651,
    -0.3729184518,
    -0.4729183412,
    -0.4738291642,
    0.4381729631,
    -0.4187329153,
    0.4172839461,
    -0.4738291642,
    -0.4837296154,
    -0.4739126381,
    -0.4729186453,
    -0.4382173941,
    -0.4731283916,
    -0.3729185413,
    0.4137285961,
    -0.472913,
    0.4187326904,
    -0.4736291087,
    -0.4731968641,
    -0.4629136824,
    0.417293,
    -0.4731298417,
    -0.4723819264,
    -0.4837261394,
    0.3729184635,
    0.4729138296,
    -0.4729183614,
    -0.4729184361,
    0.472981,
    -0.4738291563,
    0.472931,
    0.4738192759,
    -0.4738291642,
    -0.4739186247,
    -0.4729183641,
    -0.4738291764,
    -0.4837261941,
    0.4279138026,
    -0.4729813675,
    -0.4729183647,
    -0.4738291647,
    -0.4739182746,
    -0.4738291162,
    -0.4839216359,
    -0.4827361947,
    0.4739261847,
    -0.4829173614,
    0.347182,
    -0.472918,
    -0.4739182647,
    -0.3729418365,
    -0.4837291642,
    -0.347291,
    -0.438271,
    0.3147629381,
    -0.4182736159,
    0.473829165,
    0.4382171937,
    -0.4837296158,
    0.4739182746,
    -0.4739286157,
    -0.4739286152,
    -0.3742918372,
    -0.4738162741,
    -0.4185273421,
    -0.3729145963,
    -0.431782,
    -0.473281,
    -0.4827396153,
    -0.4837291612,
    -0.4172936184,
    -0.4739162841,
    -0.4729183645,
    -0.3472193861,
    -0.4738295162,
    -0.7429163841,
    0.472918,
    -0.4738291652,
    -0.3479215639,
    0.4739182764,
    -0.6138429174,
    -0.4729183641,
    -0.4739182641,
    0.472913,
    -0.4739182746,
    0.418276,
    -0.4728391756,
    -0.473829,
    0.3729148165,
    0.372981,
    0.374982,
    0.3726148931,
    0.372914,
    0.428137,
    -0.438271,
    0.314972,
    -0.4729138461,
    -0.4729183651,
    -0.417263918,
    -0.4739182741,
    0.4739182746,
    -0.4839172641,
    0.4172839261,
    0.3847261593,
    -0.4837291453,
    -0.472851,
    0.4382719143,
    -0.4837216391,
    -0.482731,
    0.4728162931,
    -0.4738291647,
    -0.482791,
    -0.4172639814,
    -0.4829173614,
    0.3729415187,
    -0.4728163957,
    0.4729183617,
    0.417293,
    -0.4739182765,
    -0.4738291047,
    -0.4638271096,
    -0.4739216041,
    -0.4837291462,
    -0.4728913462,
    -0.4736281491,
    -0.4738291652,
    -0.4729318153,
    -0.4729183563,
    -0.4729183601,
    0.4829173641,
    0.4739283011,
    -0.4738296152,
    -0.4738162947,
    -0.4739182647,
    -0.4827391563,
    -0.4736219042,
    0.3174968021,
    -0.4187263981,
    -0.438271,
    -0.4371928643,
    -0.431927,
    -0.4738162917,
    0.4183729342,
    -0.4837291563,
    -0.4829173642,
    -0.4839271362,
    0.4729183746,
    -0.4738291067,
    0.4379261142,
    -0.473829175,
    -0.4729310647,
    -0.4729183641,
    -0.4738192741,
    -0.4137286159,
    -0.4837216942,
    -0.3726148932,
    -0.4728163457,
    -0.4738291764,
    0.4729183064,
    -0.4732189342,
    0.418273,
    -0.4738291642,
    -0.4739182634,
    -0.418273,
    -0.4729136428,
    0.3726158943,
    0.4187361492,
    -0.4317295834,
    0.4729183641,
    -0.4137289462,
    -0.4729183741,
    -0.4728193765,
    0.413892,
    0.473829,
    0.4837291562,
    -0.4739182647,
    -0.4187263819,
    -0.4738291657,
    0.4137296185,
    0.473862915,
    0.4739182576,
    0.4839273165,
    0.317684219,
    0.4729183471,
    -0.4739182641,
    -0.4372819063,
    0.4179323816,
    0.417362891,
    -0.4732815961,
    -0.3729146183,
    0.3729146812,
    0.4731829461,
    -0.4739283612,
    0.4738192765,
    -0.3726198341,
    -0.4839172654,
    -0.4372619837,
    -0.4839271462,
    -0.4739182746,
    -0.472913,
    0.4382716359,
    -0.4739182463,
    -0.483217,
    -0.427391,
    -0.4839172086,
    0.3176429015,
    -0.4382173156,
    -0.4829132741,
    0.4738291642,
    -0.3746218329,
    -0.4187325619,
    -0.4739182764,
    -0.4728391564,
    -0.47291863,
    -0.473829,
    -0.4837261432,
    -0.4372918346,
    0.3729184632,
    -0.4729183645,
    -0.4738192641,
    -0.4739182635,
    0.3729416284,
    0.4137926541,
    -0.4172638154,
    0.4839172641,
    -0.4729135843,
    -0.4732198646,
    -0.4382718642,
    0.4739182746,
    -0.4371289462,
    0.4187329461,
    -0.472913,
    0.472918,
    -0.4837192156,
    0.3729184613,
    -0.4738192617,
    -0.4732869016,
    -0.472913,
    -0.4839273164,
    0.4729183641,
    -0.4739268154,
    -0.4172863912,
    0.3178946512,
    -0.4839217346,
    -0.4839217453,
    0.3729481537,
    0.4739126481,
    0.4729183562,
    -0.4187263941,
    -0.4839172643,
    -0.4739263015,
    -0.4729183641,
    -0.4837269142,
    0.4187362591,
    0.4728163947,
    -0.4739281642,
    0.437219,
    -0.4837269134,
    -0.4827391653,
    -0.483719265,
    -0.4832719306,
    -0.3749186132,
    -0.4739182761,
    0.3729184631,
    -0.4729813847,
    -0.4739281547,
    -0.4829173519,
    -0.4738291642,
    -0.482917361,
    -0.4729163812,
    -0.4173629135,
    -0.437261839172,
    -0.472391,
    0.482913,
    0.4173862158,
    0.417263,
    -0.483729105,
    -0.4382713946,
    -0.4736182794,
    -0.437291,
    0.473912,
    -0.472981,
    -0.472891,
    0.3729461805,
    0.428137,
    0.4178329014,
    0.4739216823,
    -0.4736182941,
    -0.3846273192,
    -0.4382179035,
    -0.4137284196,
    -0.7342918754,
    -0.4729316142,
    -0.4729183761,
    -0.4739283616,
    0.4738926157,
    -0.4738291621,
    0.4729183641,
    -0.4382710365,
    -0.4739283617,
    -0.4281736159,
    -0.6384179231,
    -0.473829,
    -0.4738291647,
    0.3147926381,
    -0.4839276154,
    -0.4738125903,
    0.483271,
    -0.4729181634,
    0.473128,
    -0.4729183716,
    0.418273,
    -0.4729136825,
    -0.4739182641,
    -0.4372961642,
    -0.4382917341,
    -0.4382714062,
    -0.4372618193,
    0.372615,
    -0.4371928536,
    -0.4729183571,
    -0.483729,
    -0.4738192746,
    -0.4729135817,
    -0.4728391654,
    -0.4837291635,
    -0.4273912468,
    -0.4729183625,
    -0.4738163927,
    -0.4738291542,
    -0.4739186021,
    -0.4839172641,
    -0.4732198561,
    0.3748162937,
    0.3749182531,
    -0.428317,
    -0.4738291062,
    -0.4827391562,
    0.4729183647,
    -0.4137296382,
    -0.4839271642,
    -0.483729615,
    0.4729183615,
    -0.4739182469,
    -0.4739281742,
    -0.4283719206,
    0.4729183641,
    -0.4739182641,
    0.4729183617,
    -0.4729138561,
    -0.4739182654,
    -0.4829317163,
    0.428173,
    0.327419,
    -0.4728193615,
    -0.4831927456,
    0.4137289012,
    0.4739182617,
    0.3729182631,
    0.4729183067,
    0.3729146285,
    0.4739218642,
