{
  "model": "openai/gpt-oss-120b",
  "distribution": "Gaussian",
  "mode": "independent_requests",
  "max_workers": 50,
  "requested_samples": 1000,
  "generation_time": 37.611250162124634,
  "statistics": {
    "total_samples": 1000,
    "failed_requests": 0,
    "mean": -0.23905992607005522,
    "std": 0.44838980906278997,
    "min": -0.905,
    "max": 0.845632,
    "ks_statistic": 0.2556715746283445,
    "ks_pvalue": 4.034639745992303e-58
  },
  "samples": [
    -0.2746154321,
    -0.7320184571,
    0.2837465921,
    0.1734569271,
    -0.7182145271,
    -0.11843759201839421,
    -0.2837546521,
    -0.3527183941,
    -0.4738562741,
    -0.3718425874,
    0.274593,
    0.3178456721,
    0.237,
    -0.837459,
    0.372145,
    -0.4821375943,
    -0.527834,
    -0.613247,
    0.2741859321,
    -0.3127,
    -0.482715,
    0.4171835921,
    -0.527834,
    -0.3421867513,
    -0.2745628671,
    -0.342185,
    -0.8422630912,
    -0.736842,
    -0.5273,
    -0.527361,
    0.517394,
    -0.524837,
    -0.587342,
    -0.842196,
    -0.6183721456,
    0.1845937271,
    -0.5278341275,
    -0.527834,
    0.274831,
    -0.423,
    -0.6832369145,
    -0.673842,
    -0.1745628941,
    -0.3425873221,
    -0.374957,
    0.2745237614,
    0.4732,
    -0.5874,
    -0.3746918745,
    0.157322,
    -0.672831,
    0.2124879315,
    -0.2748314521,
    -0.4371628945,
    -0.5872143265,
    0.1736425412,
    -0.2378453987,
    0.1745638421,
    -0.432165,
    -0.432791,
    -0.517423,
    -0.571,
    0.672346,
    -0.378642,
    0.2731459271,
    -0.587329,
    0.531241245,
    -0.8423,
    -0.5263842145,
    0.1623986479,
    -0.634728,
    -0.732458,
    0.18462792759984945,
    -0.318462,
    -0.758934,
    -0.5832190185,
    -0.624857,
    0.1746539215871929,
    0.3845170131502386,
    0.5371,
    0.3178420915,
    -0.8624831251,
    0.68,
    -0.582931,
    -0.527839,
    -0.562349,
    -0.527394,
    -0.5872194731,
    -0.7321458932,
    -0.571238,
    -0.574839215,
    0.274593,
    -0.374629,
    -0.143,
    0.274839,
    0.2817,
    0.4873126351,
    0.587162,
    -0.6325,
    0.274589,
    -0.423517,
    -0.683274,
    -0.527834,
    -0.2435817165,
    -0.527814,
    -0.2714,
    -0.4286,
    -0.417308,
    -0.531019,
    -0.4628731215,
    -0.5874621532,
    0.1573928152387142,
    -0.4632918032749203,
    0.5273,
    0.1385624217,
    -0.4821934125,
    -0.3742194896528912,
    -0.482913,
    0.527311,
    0.2745311025,
    -0.6425839271,
    -0.517834,
    0.173212,
    -0.6841523912,
    0.1736429857512932,
    -0.3178425713,
    -0.5871342971,
    -0.587432,
    -0.587124,
    -0.3847280952,
    -0.673842,
    -0.4179,
    0.2471,
    0.583927,
    0.587,
    -0.732145,
    -0.578913,
    0.11739472501841762,
    -0.7283942691,
    0.237459,
    -0.587342,
    0.217394,
    0.274839,
    0.4738256421,
    -0.483215,
    0.3646821197,
    0.483727,
    0.17634295142386847,
    -0.587302,
    -0.527834,
    0.527834,
    -0.527834,
    -0.732845,
    -0.274839,
    -0.4837629314,
    -0.6725,
    -0.5834729315,
    -0.652307,
    -0.587234,
    0.134527,
    -0.237845,
    -0.267839,
    0.3178426654374923,
    -0.6243,
    -0.732145,
    -0.4872632481,
    -0.421637,
    -0.3718427675,
    0.5271634102,
    -0.437826,
    0.5873124512,
    -0.842736,
    0.184263,
    -0.734918,
    -0.3421,
    0.527384251,
    -0.905,
    0.834921,
    0.5327610471,
    0.527384,
    -0.3178427618725941,
    -0.567834,
    -0.352847,
    -0.2743,
    0.2174568745921391,
    0.3421874912,
    -0.4372179015,
    0.24763984243845227,
    -0.4289537162,
    0.374829,
    -0.576839,
    0.6278932451,
    -0.3178452714,
    0.563721,
    -0.5834761492,
    -0.542873,
    0.1273,
    -0.387542,
    0.312857,
    0.3941325871,
    -0.712398,
    -0.4532123745,
    0.2175340187,
    -0.327,
    0.274839,
    -0.3847194531,
    -0.413752,
    -0.3175427812745912,
    -0.274895,
    -0.4367284105,
    0.187452,
    -0.342157,
    0.4321,
    -0.5421738256,
    -0.5874830912,
    0.4176398278631735,
    -0.5874129775,
    0.2768943521,
    -0.342185,
    0.274839,
    -0.5872469312,
    -0.34791243707123953,
    -0.584732,
    -0.3178429654792541,
    -0.423198,
    0.8427593321,
    -0.6421358921,
    -0.708321,
    -0.3274518926,
    0.426172,
    -0.4185270912,
    -0.634782185,
    0.4376215248,
    -0.562317,
    -0.583274,
    0.134592,
    0.1648,
    -0.8231475823,
    -0.637842,
    -0.587,
    -0.5273872514,
    0.583712,
    -0.274592,
    -0.271983,
    -0.6138,
    -0.6831124547,
    -0.7319274608,
    -0.842734,
    -0.4289372541,
    0.5271453221,
    0.583921,
    -0.453728,
    -0.538,
    -0.8427364521,
    -0.842716,
    -0.683215,
    -0.4235873221,
    -0.14726394835221707,
    -0.248915,
    -0.583917,
    -0.527384,
    -0.834759,
    -0.527814,
    0.237169,
    -0.734527,
    -0.3845678912,
    -0.4125871932745211,
    0.2847162971,
    -0.3721458923,
    0.473827,
    0.23157890409504261,
    0.274179,
    0.1738424106,
    -0.184736,
    0.361274,
    -0.321874,
    -0.8623,
    0.5270395872951121,
    -0.723456789,
    -0.2749581127,
    -0.487,
    0.274,
    -0.532849,
    -0.342751,
    -0.274891,
    0.18452717439073657,
    0.2175,
    -0.587,
    -0.738452,
    -0.7613245821,
    -0.617834,
    -0.342,
    -0.7289473211,
    -0.862374,
    0.2471695783905242,
    -0.5871245312,
    -0.4831027356,
    0.3817260451,
    0.483920147,
    -0.274572,
    -0.624,
    0.1843275941,
    -0.617284,
    -0.2378514621,
    -0.587342,
    0.764321,
    -0.628394,
    0.1874329651,
    0.274819,
    -0.3741628251,
    0.284729,
    -0.4246916521,
    -0.8347620951,
    -0.2376815279,
    -0.4167926532,
    -0.3247582145,
    -0.587321,
    0.283497,
    0.1387425721,
    -0.312145,
    0.107,
    -0.4372813935,
    -0.378219,
    0.5478123761,
    0.2745814362176391,
    0.4836274158141123,
    -0.5271843521,
    -0.342185,
    0.263845,
    -0.4321578941,
    0.2768425951,
    -0.347825,
    0.328147,
    -0.6389478215,
    -0.4678124532,
    -0.3078426187,
    0.4821,
    -0.172384,
    -0.284957,
    -0.8324678921,
    -0.731845,
    -0.3145781027425196,
    -0.2745821695,
    -0.437218,
    -0.621479,
    -0.732456789,
    -0.1827345281,
    -0.342157,
    -0.2847365046390418,
    0.13472855739827447,
    0.581953,
    -0.4372194512,
    0.342581,
    -0.4285946521,
    -0.513284,
    -0.1847268735,
    0.527839,
    -0.732145,
    -0.6328742745,
    -0.342985,
    -0.6428345921,
    -0.527618,
    -0.374592874,
    0.283957,
    -0.6432,
    0.3178394521,
    0.342158,
    -0.5873427891,
    -0.6189323541,
    -0.374823,
    0.2746311567,
    -0.5872,
    0.8427324951,
    -0.127456,
    -0.387132,
    -0.837145,
    -0.5874,
    -0.58321,
    -0.428736,
    -0.376829,
    -0.342587,
    -0.4826732159,
    -0.3728547261,
    -0.823147,
    -0.4723911627,
    -0.587342,
    0.4231,
    -0.4832741021,
    -0.642718534,
    0.217635842,
    -0.1874623541,
    0.274589,
    -0.127845,
    -0.3476428582479513,
    -0.1847354921,
    0.2184732967,
    0.7329451621,
    -0.5678912345,
    0.274159,
    -0.3741625921,
    -0.287654321,
    0.5721,
    -0.463147,
    -0.5278423156,
    -0.736451,
    -0.481236,
    -0.5987320954,
    -0.8423179521,
    -0.18432689327465823,
    -0.7432198421,
    -0.637842,
    -0.274091,
    -0.842353,
    0.157842,
    -0.6423,
    -0.5274,
    0.312456,
    -0.4271,
    -0.248395,
    -0.8472653124,
    -0.3721,
    -0.5271314521,
    0.517938,
    -0.682,
    -0.736412,
    -0.634298,
    0.2748315629,
    -0.437126,
    -0.428193,
    -0.6571945823,
    0.1947269481,
    -0.673948215,
    -0.7324157142,
    -0.417932,
    0.2746831452,
    -0.3178427265,
    -0.2375418421,
    -0.2745839265,
    -0.4321578921,
    -0.374592,
    -0.246578,
    0.4371,
    0.2765,
    -0.342872,
    -0.4738210543,
    -0.5273640291,
    -0.2741568923,
    -0.6185274521,
    -0.736591,
    0.2748391125,
    -0.5871213456,
    -0.4623878741,
