{
  "model_name": "google/gemma-3-27b-it",
  "test_type": "independent_requests",
  "num_requests": 1000,
  "successful_samples": 999,
  "failed_requests": 1,
  "samples": [
    -0.23456,
    0.48381729376,
    0.18374926,
    0.18374926,
    0.183729,
    0.188478,
    0.1837649822,
    0.48372917,
    0.15880879,
    0.14782391987,
    0.34827,
    0.197288,
    0.183789,
    0.1975823153955833,
    0.34827468,
    0.123456789,
    0.2348923476,
    -0.348127,
    0.18379644859262678,
    0.184729,
    0.486173773,
    0.528171752,
    0.34827,
    0.18477281648,
    0.34819274658,
    0.184372,
    0.3788,
    0.138476,
    0.183756,
    0.1843725,
    0.483729,
    0.185742,
    0.1837466,
    0.18172438361,
    0.48271095,
    0.5281717,
    0.3871,
    0.1837,
    0.18476238,
    0.184736,
    0.485732,
    0.18449811764688956,
    0.18477288,
    0.182715,
    0.329876,
    0.183729,
    0.14782356,
    0.1587437,
    0.184572,
    0.3217895432,
    0.3482719836575672,
    0.18476,
    -0.3827,
    0.18479,
    0.13847787822117147,
    0.486379,
    0.19027889377754978,
    0.482976684,
    0.18689372780473884,
    0.34827,
    0.4829,
    0.188374,
    0.184722,
    0.18376498367819447,
    0.317289,
    0.48292768,
    0.32786,
    0.138877056,
    0.348278,
    0.178278,
    0.184729,
    0.48372917,
    0.18374926,
    0.48573023753,
    0.38274,
    0.184578923,
    0.374829,
    0.318291546,
    0.15877381373429975,
    0.148927783,
    0.3784291783,
    0.234567,
    0.1847932,
    0.159876,
    0.123456789,
    0.19265,
    0.538278,
    0.482871,
    0.183847,
    0.183729,
    -0.3487923,
    0.3827,
    0.1847933688621953,
    0.34827917,
    0.19738,
    0.18457229876,
    0.3217895429,
    0.48271586,
    0.123456789,
    0.5488135039273284,
    0.3482739283,
    0.1783725418,
    0.234567,
    0.185328,
    0.14849725,
    0.14785305291528544,
    0.1589877156,
    0.4789232,
    0.182764925,
    0.15898776,
    0.138475292817,
    0.185829,
    0.34827,
    0.1847829476,
    0.348729,
    0.234567,
    0.234567,
    0.3287654,
    0.15886274099849684,
    0.184982,
    0.5488135039273296,
    0.318253788,
    0.34827,
    0.234876,
    0.158879719,
    0.4837291756,
    0.178554,
    0.18476235,
    0.18476,
    0.348729,
    0.378428,
    0.138477,
    0.4837392,
    0.1837178,
    0.37815,
    0.18374926,
    0.15880878000954865,
    0.184765235,
    0.18374916,
    0.48572901,
    0.138492734601,
    0.185875,
    0.1785743423469387,
    0.1588721859803748,
    0.3871,
    0.18476,
    0.3582973264454798,
    0.198772129,
    0.348729,
    0.1847827,
    0.148873,
    0.15897863,
    -0.4821619787248619,
    0.158987,
    0.348271,
    0.1783491827,
    0.53827,
    0.183784,
    0.1847991526,
    0.1827884785,
    0.15839047,
    0.15887978001178918,
    0.186371,
    0.187391,
    0.1583756055,
    0.37825,
    0.138752,
    0.48379146,
    0.148729,
    0.193482,
    0.1942050257593588,
    0.5483927841268295,
    0.7198,
    0.482937,
    0.18476429836737265,
    0.387192958,
    0.48294785619938374,
    0.1485,
    0.4837291736987624,
    0.18467213,
    0.4385729274568995,
    0.138778,
    0.178654,
    0.1837,
    0.486297532,
    0.158772984578828,
    0.48298187,
    0.1837,
    0.18478229284788247,
    0.18476987234,
    0.348765,
    0.1883764596577183,
    0.23456789,
    0.4829275617943727,
    0.15877885414409398,
    0.15874361740600745,
    0.4804938041,
    0.183729,
    0.1588784877853877,
    0.1384797187283764,
    0.194287616,
    0.1580498437,
    0.18374926,
    0.158987773,
    -0.482134,
    0.348292756,
    0.15880479188752958,
    0.3847291638,
    0.18374926347624876,
    0.18478221431974648,
    0.19277878,
    0.4837,
    0.5488135,
    -0.4828571871945889,
    0.3582979348014463,
    0.32178,
    0.183795,
    0.378921,
    0.234567,
    0.3871,
    0.348276,
    0.4837629,
    0.382715,
    0.157835,
    0.54892118835,
    0.1384777,
    0.148773,
    0.15882788267265846,
    0.4863839182765262,
    0.188397,
    0.348278,
    0.38471927,
    0.1388783498709321,
    0.184572,
    0.168372789,
    0.4837291736189377,
    0.178577,
    0.15788719276978877,
    0.134578,
    0.18478229037092178,
    0.48275346237,
    0.1849325519,
    0.138258979,
    0.31827,
    0.31825,
    0.178477,
    0.18374926,
    0.1887425,
    0.3827,
    0.374181,
    0.37824642296,
    0.234567,
    0.3482735,
    0.4869,
    0.184756,
    0.189672,
    0.234567,
    0.428759,
    0.348278,
    0.37482929,
    0.18476,
    0.15789237,
    0.3827,
    0.234567,
    0.374829,
    0.32178,
    0.184972,
    0.17834856345,
    0.34827,
    0.182736,
    0.327829,
    0.348271,
    0.321789,
    0.18478349169316477,
    0.184782947,
    0.18457892371789286,
    0.14827687,
    0.1847978,
    0.48373929,
    0.234567,
    0.348261,
    0.4837291746,
    0.34827,
    0.18972,
    0.48372901,
    0.15847281676804487,
    0.178579,
    0.138477602,
    0.234567,
    0.48372917,
    0.34827,
    0.238765,
    0.48273916,
    0.5488135039273287,
    0.15887814981,
    0.1837482937462837,
    0.4829371737,
    0.31827,
    0.13287,
    0.4829,
    0.234567,
    0.368257,
    0.348276,
    0.5381979202105337,
    0.486374279849369,
    0.18478329779,
    0.348729,
    0.158879,
    0.486372839476823,
    0.234567,
    0.19786,
    0.1827548927,
    0.38718,
    0.3871,
    0.31826128,
    0.158783279879,
    0.123456789,
    0.1976,
    0.18374926,
    0.18837675,
    0.438573959837486,
    0.4817625977,
    0.348729,
    -0.348178,
    0.1927724883,
    0.18445,
    0.348271853,
    0.482903,
    0.183745,
    0.186374,
    0.184577,
    0.48372917,
    0.183729,
    0.1847692035,
    0.34829,
    0.18275469123,
    0.183729293746,
    0.18476,
    0.1588798516,
    0.18275,
    0.138782417,
    0.184736,
    0.234567,
    0.428765,
    0.15899978034780757,
    0.147892356789,
    0.184579876,
    0.196728,
    0.18374926,
    0.188722,
    0.4837291738466394,
    0.182736,
    0.18374926,
    0.189765421,
    0.19277753,
    0.483729173687894,
    0.234567,
    0.234567,
    0.1782998618,
    0.481573417,
    0.1837962267,
    0.187538,
    0.15887173657916753,
    0.234567,
    0.4829,
    0.123456789,
    0.4863728736,
    0.3258,
    0.178574,
    0.132857,
    0.4582937614761698,
    0.4837291764,
    0.1783977,
    0.48291788754,
    0.234567,
    0.1837,
    0.486376177,
    0.18765,
    -0.3827,
    0.18527,
    0.1837,
    0.482977,
    0.15876817836,
    0.1588587449,
    0.4849748927699258,
    0.438174,
    0.1782987568,
    0.482937,
    0.632895,
    0.3847922999429586,
    0.15789805,
    0.34827,
    0.38274,
    0.32819,
    0.234567,
    0.1845798634,
    0.18374926,
    0.32876543,
    0.147892578,
    0.387194,
    0.1837,
    0.15880677884813155,
    0.184775,
    0.18476,
    0.4829282374,
    0.348279,
    0.13897248,
    0.1837,
    0.13847284,
    0.1589768427,
    0.34827,
    0.48372917369,
    0.1478924137,
    0.183729,
    0.48219375,
    0.18374916279723638,
    0.184879,
    -0.43817574679,
    0.34827,
    0.4857,
    0.3827,
    0.18476,
    0.374829,
    0.156789,
    0.18371926,
    0.48381729376,
    0.18478329476,
    0.183729,
    0.1837,
    0.48372917,
    0.482879,
    0.234567,
    0.378428,
    0.1783492876,
    0.34827219,
    0.158476,
    0.348278,
    0.184771,
    0.1837,
    0.387103957,
    0.186478,
    0.1785799877,
    0.1587667,
    0.378829,
    0.4829739482,
    0.5381027250575949,
    0.234876,
    0.4837291736270539,
    0.378249876,
    0.378529755,
    0.38274,
    0.3481729186446878,
    0.348872,
    0.139877,
    0.4864756,
    0.18976,
    0.157825,
    0.15898774,
    0.234567,
    0.374829,
    0.184249,
    0.184577,
    0.3481927469827397,
    0.4828379731540486,
    0.374829,
    0.348276916,
    0.482987,
    0.348279,
    0.18479630709,
    0.4857379932769688,
    0.1978523287654321,
    0.1845798276,
    0.138794,
    0.1847839537,
    0.1847784178,
