{
  "model_name": "gemini-3-pro-preview",
  "test_type": "independent_requests",
  "distribution": "Gaussian",
  "parameters": {
    "mean": 0,
    "std": 1
  },
  "requested_samples": 1000,
  "actual_samples": 1000,
  "failed_requests": 0,
  "samples": [
    0.79710385,
    -0.28471953,
    0.318492065,
    -0.832190471,
    -0.158392174,
    -0.641829435,
    -0.48210965,
    -0.548216092,
    -0.198327,
    0.384712095,
    -0.6349182,
    -0.6239184,
    0.284719365,
    -0.612940385,
    -0.814329,
    0.371928415,
    -0.492065,
    -0.19847291,
    -0.428913,
    -0.63491207,
    0.6381042,
    -0.42891537,
    -0.7428194,
    -0.612489,
    -0.284591,
    0.28491035,
    -0.428169352,
    -0.621849201,
    -0.84210935,
    -0.6349120857,
    0.37192841,
    -0.3491024856,
    -0.764291835,
    -0.452918,
    0.38521094,
    -0.628471092,
    -0.8320174,
    -0.63491728,
    0.741092,
    -0.628419,
    -1.20481592,
    -0.743128956,
    -0.8324157,
    -0.2749103,
    -0.83294105,
    -0.6381920513,
    -0.612945283,
    -0.63821749502,
    -0.42817593,
    0.2849173,
    -0.431872,
    -0.64821037,
    -0.248109357,
    -0.538192741,
    -0.84192635,
    -0.482015937,
    -0.824710384,
    -0.74291083,
    -0.8320451927,
    -0.54821033,
    -0.67291458,
    -0.482109367,
    -0.84192658,
    -0.623418509,
    0.542891337,
    -0.7314926,
    -0.6714923851,
    -0.38201476,
    -0.184729351,
    -0.835412285,
    -0.418293751,
    -0.62841539,
    -0.4821095738,
    -0.7429184,
    -0.84291536,
    -0.42816395,
    -0.628415391,
    -0.623418524,
    -0.824103984712,
    -0.49126583,
    -0.4287130925,
    -0.6192845371,
    -0.518293746,
    -0.621487,
    -0.63914825,
    -1.20485319,
    -0.428713059,
    -0.2847193,
    -0.629471583,
    -0.682914352,
    -1.38209435,
    -0.832710492,
    -0.4829104052,
    0.61809245,
    -0.428915372,
    0.739104,
    0.629418375,
    0.43821096,
    -0.62391584,
    -0.634918205,
    0.371940562,
    0.28471935,
    -0.8419265,
    -0.58210394,
    0.18492043,
    -0.8341925,
    -0.61284503,
    -0.613928,
    -0.418293751,
    -0.48710293,
    -0.832159,
    -0.482156492,
    -0.296417,
    -0.47219503,
    0.7491206583,
    -0.832159,
    0.37192518,
    -0.184271956,
    -0.2749163,
    0.274918204,
    -0.4827103649,
    0.46829105,
    -0.634192815,
    -0.428915372,
    -0.4289163274,
    -0.19835712,
    -1.20485391,
    -0.472195208,
    -0.48291054,
    -0.428173915,
    -0.4289163,
    -0.4829105,
    -0.8327140925,
    -0.623914,
    -0.4728192,
    -0.632914728,
    -0.27491038,
    -0.48210573,
    -0.64821409,
    -0.845219035,
    0.49281355,
    -0.4820156923,
    -0.41928374,
    -0.634218029587,
    0.59218573,
    -0.23619582,
    0.19384726,
    -0.539821,
    -0.63491208,
    -0.638192054,
    -0.6341829,
    -0.428915372,
    -0.832159647,
    -0.5619283,
    -0.194820635,
    -0.66528149,
    -0.63418295,
    -0.634182,
    0.274918205,
    -0.83210475,
    -0.428163925,
    -0.638291402,
    -0.428513,
    -0.419285,
    -0.814329051,
    -0.628419325,
    -0.492317,
    -0.73210548,
    0.349182046,
    -0.8321904736,
    -0.42859173,
    0.62918402,
    0.174926581,
    -0.42817592,
    -0.5621098,
    -0.62941837,
    -0.832157,
    -0.637218503,
    -0.53448192,
    -0.47219803,
    -0.42871036,
    -0.62348109,
    -0.62391084,
    -0.53982147,
    -0.482149201,
    -0.441928375,
    -0.832145,
    -0.4382915,
    -0.48291045,
    -0.41829503,
    -0.271894513,
    0.2847192,
    -0.63418291,
    -0.63910842,
    0.3719482,
    -0.428719,
    -0.832154,
    0.274918205,
    -0.31846274,
    0.2847192,
    -0.63491285,
    -0.319482756,
    -0.53819204,
    -0.538192054,
    0.7249182356,
    -0.63829124,
    -0.623918451,
    0.612948573,
    -0.482015937,
    0.418725391,
    -1.0483204918,
    0.4261893,
    0.43921085,
    -1.05482319,
    -0.2847193,
    -0.6284915,
    -0.41823908,
    -0.42871039,
    -0.3614092857,
    -0.634915287,
    -0.623418579,
    -0.842319520846,
    -0.84210934,
    -0.394182,
    -0.48291503,
    -0.62148735,
    0.384729105,
    -0.42871035,
    -0.732914,
    -1.048239165,
    -0.42817593,
    -0.42871396,
    -0.63491258,
    -0.42871039,
    -0.743912856,
    -0.63491827,
    -0.53918422,
    -0.73921548,
    0.371489256,
    -0.428915206,
    -0.612498,
    -0.48291074,
    -0.42810574,
    0.612849305,
    -0.53920817,
    -0.174920583,
    0.349128574,
    -0.834192,
    -0.428913,
    -0.42819357,
    -0.562381,
    0.184392,
    0.59281436,
    -0.63910284,
    -0.823416,
    -0.69228414,
    -0.2847193641,
    -0.56210984,
    -0.482915064,
    -0.638210435,
    -0.6128492051,
    -0.4182937,
    -0.62841935,
    0.43289105,
    -0.42871936,
    -0.428916,
    -0.634912758,
    0.583219,
    -1.204857319,
    -0.832716,
    -0.46138522,
    -0.4287130955,
    -0.428915,
    -0.548192,
    -0.48210957,
    -0.419208,
    -0.73910542,
    0.37184269,
    -0.7410293845,
    -0.26538194,
    -0.294185736,
    -0.431920584,
    -0.428915372,
    -0.61248953,
    -0.260843,
    0.371842956,
    -0.84192036,
    -0.561937208,
    -0.84236195,
    0.371928415,
    -0.53912084,
    -0.2941085,
    -0.1148273,
    0.59281437,
    0.73912048,
    -0.628419357,
    1.049285721,
    1.284019234,
    -0.61429815,
    -0.4829157208,
    -0.28419572,
    0.27491385,
    -0.418293752,
    0.284719305,
    -0.418293751039,
    -0.832164,
    -0.8421956,
    -0.34812067,
    -0.83215904822,
    0.539164,
    -0.56291483,
    -0.739104,
    -0.42891635,
    -0.742910385,
    0.274092158,
    -0.6382150912,
    0.3719462,
    -0.832910472,
    -0.628415203,
    0.174928514,
    0.763419284,
    -0.63418239,
    0.274918,
    -0.832714,
    -0.146285,
    -0.842109572,
    -0.638291475,
    -0.6381927,
    -1.139482,
    -0.832154672,
    0.3714852906,
    -1.20485732,
    -0.184329045,
    -0.42819053,
    -0.428915273,
    0.518392174,
    -0.638192471,
    -0.284719305,
    -0.83291405,
    -1.204481,
    -0.163945281,
    -0.8321947265,
    -0.6329175402,
    -0.832051498,
    -0.634182,
    -0.42813759,
    0.174921048,
    -0.612849205731,
    -0.428913,
    -0.28549173,
    -0.5629173482,
    -0.73912045,
    0.74218965,
    -0.428163,
    -0.7324912065,
    -0.29415842,
    -0.6234891,
    -0.482910745,
    0.37192845,
    -0.628419205,
    -0.82410657,
    -0.418293751,
    0.518293746,
    -1.23849105,
    -0.428719325,
    -0.42891537,
    -0.6294183725,
    -0.419283,
    -0.63910842,
    -0.5481729,
    0.639105482,
    0.61849207,
    -0.28471592,
    0.1749214,
    -0.4821590274,
    -0.648215392,
    -0.42817593,
    -0.8321549,
    -0.42819437,
    -0.147285918204,
    -0.832145,
    -0.62341853,
    -0.5182930421,
    -1.42783951,
    -0.63418274,
    0.2749185,
    -0.62341859,
    -0.28471905,
    -0.63829158,
    0.482195,
    0.53928175,
    0.38192648,
    -0.4829104192,
    -0.47219503,
    0.738194251,
    -0.71452903,
    -0.762149835,
    -0.63821945,
    -0.163945208,
    -0.63942188,
    0.372159,
    -0.482109,
    -0.832017,
    -0.63819245,
    -0.6391482,
    -0.4182937,
    -0.62341819,
    -0.42781539,
    -0.32781502,
    -0.808124,
    -0.6284715039,
    -0.74102938,
    -0.4829104582,
    -0.31849275,
    -0.6234185739,
    -0.1948205731,
    0.371925482,
    -0.628419572,
    -0.482109432,
    -0.842715093,
    -0.638217,
    -0.42817593,
    -0.41829375,
    0.381940285,
    -0.47219503,
    -0.73529104,
    -0.832145,
    -0.739120485,
    -0.41829375,
    -1.04276,
    0.37149826,
    -0.294157,
    -0.6148203,
    -1.18520473,
    -0.439185,
    -0.6391452,
    -0.284719053,
    0.49281736,
    -0.48291048,
    -0.63418529,
    0.2847192,
    -0.6294185513,
    -0.61284539,
    0.371428915,
    -0.835201,
    -0.1948302,
    -0.482715609,
    -0.84271395,
    -0.63418259,
    -0.739120485,
    -0.235048192,
    -0.52917406,
    -0.75071842,
    -0.47219583,
    -0.56219403,
    -0.74291086,
