{
  "model_name": "gpt-4o",
  "test_type": "independent_requests_retry",
  "original_samples": 0,
  "new_samples": 1000,
  "total_samples": 1000,
  "failed_requests": 1,
  "samples": [
    0.5274,
    0.4723,
    0.2849,
    -0.357,
    -0.8749,
    1.1829,
    0.37289,
    0.3258347178246985,
    0.432,
    -0.47361979041728847,
    0.3746,
    0.4678,
    0.4733,
    -0.837463,
    1.0263,
    -0.4763,
    0.5045736645327222,
    0.3684,
    0.6843,
    -0.7643,
    0.2896,
    0.473,
    -0.3467938127812475,
    0.3728492675,
    1.3742,
    0.4739,
    0.3472921762,
    -0.5471,
    -0.5763,
    0.752,
    -0.645732,
    1.372,
    -0.2734,
    -0.7344857489565031,
    1.2743,
    -1.3742,
    -0.7564,
    0.579,
    0.4387,
    -0.735751,
    0.5763,
    0.539,
    0.5769,
    0.532,
    -0.4739186303,
    -1.193,
    -0.34789623,
    -0.6431,
    1.2345,
    0.4731,
    -1.237,
    0.8437,
    0.7365,
    0.6072728827366787,
    0.6543,
    -1.243,
    -0.638514,
    -0.731457,
    0.6783,
    0.4531,
    -1.367,
    -0.5432,
    -0.7342,
    -0.5372739142102517,
    0.7423,
    0.4827,
    -0.4839,
    -0.4962,
    0.5382,
    -0.7345,
    -0.4827,
    -0.7341,
    1.547896047,
    -0.8632,
    -0.4712,
    -1.237,
    -0.4371,
    0.5178436257,
    -1.473,
    0.723,
    -0.484309,
    0.5474,
    -0.437,
    -0.8723,
    -0.7423,
    0.6743,
    0.7431,
    0.738,
    -0.8453,
    0.6782,
    0.372,
    0.3743,
    0.4728,
    -0.4837,
    0.372485,
    -0.5273,
    -0.5849,
    -0.5423,
    -0.7453,
    -0.756345,
    0.2763,
    -0.4524,
    -0.5283,
    1.034,
    -0.4269,
    -0.4813,
    -0.6342,
    0.547821,
    -0.634827,
    0.334298723129,
    -0.7358,
    0.3742,
    1.347,
    -1.236,
    -1.238,
    -0.7354012659024081,
    -0.2467,
    -1.374524,
    0.645238,
    0.2837,
    -0.5832,
    0.6721,
    -0.4827,
    0.3742,
    -0.983212,
    -0.5762,
    -0.7318,
    0.3741,
    -0.6427532603098866,
    -0.6742,
    0.4627,
    -0.4967,
    -0.6935,
    -0.5874,
    0.734,
    0.5723,
    -0.235271,
    1.2045,
    -0.4732,
    -0.184276214523421,
    -1.234567,
    -0.4372,
    0.613,
    0.6742,
    0.4978,
    0.3746,
    1.263,
    0.473914235,
    1.493817,
    -0.4968,
    0.4738,
    0.4833,
    0.4731,
    1.0973583989612408,
    -0.8371,
    0.4268,
    0.3581,
    0.5387,
    0.783,
    -0.6324,
    0.5264,
    -0.7431,
    -0.4283,
    -1.257,
    -0.4731,
    0.4821,
    1.345,
    0.2764,
    0.6734,
    -0.272346,
    0.472,
    1.2573,
    -0.7325,
    0.0823,
    -0.583726,
    -0.7234,
    1.037,
    1.234,
    1.50642,
    -0.5823,
    -0.73259,
    1.2847,
    -0.734892,
    -0.8421,
    -0.734567,
    0.7682,
    1.342,
    1.267524493,
    -1.237,
    -0.834576,
    -0.4652,
    -0.4821,
    0.753,
    -0.6974,
    0.472891,
    -0.537,
    0.3532,
    -0.934823617,
    0.5348,
    0.6742,
    0.3587,
    0.7643,
    -0.5372,
    0.7389,
    -0.2371,
    0.4721,
    0.7583,
    -0.932671,
    -0.7281,
    0.6743,
    -0.286491,
    0.4726,
    0.7324,
    -0.8392,
    -1.4587936231,
    -0.237,
    0.4672,
    -1.3142,
    1.472621,
    0.372184839649434,
    0.4372761678622847,
    1.017896523452876,
    0.467213,
    -0.4127,
    -1.324629,
    -0.4827,
    0.8472,
    1.0836274516342381,
    -0.5943,
    -1.247,
    -0.4821,
    0.4382,
    -0.735892,
    1.234,
    0.6342,
    -1.428,
    -0.2438724512677764,
    0.5861,
    1.437,
    -0.4372,
    -1.732,
    -0.5492,
    0.867532,
    -0.475892,
    0.5241,
    -0.348916,
    0.5823,
    1.106845,
    -0.5834,
    -0.5273,
    -0.4678936644250158,
    1.3745,
    0.4759,
    -1.324678,
    0.6874,
    -0.7469,
    -0.4061,
    0.537,
    -0.7523,
    -0.5163,
    0.4721,
    0.512,
    -1.3847,
    -0.5372,
    0.9622,
    0.3742,
    -0.4736,
    0.4732,
    -0.435278,
    -0.4733,
    -0.3487,
    -1.217,
    -0.7349653251169611,
    -0.457326,
    0.374539,
    -0.7423,
    -0.8142,
    0.3742,
    0.4732,
    1.238,
    0.2743,
    -0.8735629481706486,
    0.3748,
    -0.5243,
    1.476,
    -0.4253,
    0.328509,
    -0.7383541531870303,
    0.7643,
    -0.5437,
    -0.4271,
    -1.243,
    -0.2857,
    -0.3471,
    0.362,
    0.4831,
    -0.4321,
    -0.5824,
    -0.7392,
    -0.4369,
    0.1311,
    0.6847,
    0.6835,
    -0.8364,
    -0.7543,
    -0.3871,
    0.4721,
    -0.8921,
    0.3145,
    -0.4361,
    -0.382614,
    -0.6435,
    1.279467,
    0.4289,
    0.4723,
    0.5349,
    -0.5826,
    -0.3271,
    0.354927,
    0.4827,
    -0.6371,
    0.5247,
    -0.6473,
    1.32499739,
    0.532,
    0.2374,
    0.4682,
    -0.5964,
    0.5279,
    0.132,
    0.1732,
    0.257,
    0.4642193934905628,
    -0.852319,
    -1.237,
    -0.3427,
    0.3271,
    -0.7393,
    0.8243,
    -0.4278,
    -0.7594,
    -1.532,
    0.506237,
    1.382478,
    -0.5937,
    -0.537,
    -0.6123,
    -0.6385,
    0.4132,
    0.412,
    0.5832,
    0.432,
    -0.8473,
    0.7463,
    -0.8362,
    0.2764,
    1.532,
    0.5832,
    0.536,
    1.684524839,
    -0.231864,
    1.073,
    0.3924,
    -0.6473415642293159,
    -0.7643,
    -0.4367178129183239,
    1.014832,
    -0.7361,
    -0.412,
    0.1742,
    0.4837,
    0.5921,
    0.4823,
    0.536,
    -0.4837,
    -0.6453,
    -0.4638,
    0.8462,
    1.3684472936993264,
    1.482,
    -0.5347,
    -0.5862,
    0.6843,
    -0.873238451,
    0.4721,
    -1.384,
    0.237,
    -1.732,
    0.7325,
    0.6732,
    -0.4827,
    -0.2473,
    -0.5274,
    -0.7395,
    -0.5372,
    -0.3846,
    -0.8473,
    -0.8594,
    0.4731,
    0.3467,
    -0.3658478315945623,
    0.6374,
    0.237,
    0.7321,
    0.6839,
    1.3068,
    -0.5472,
    -1.2837,
    -0.2347,
    -0.874392,
    -0.5364,
    0.4383,
    -0.7534,
    -0.573832,
    0.3741,
    -0.6934,
    -0.4738560298657344,
    -0.5273,
    -0.7694,
    0.347,
    1.2567,
    1.237,
    0.5321,
    0.482,
    -0.17453370229291115,
    -1.253,
    -0.5473,
    -0.358237,
    1.307456,
    -0.7824,
    1.473,
    -0.2749266808672617,
    0.5834,
    0.5473,
    0.5247,
    -0.7493,
    0.5821,
    -0.3278460537022229,
    0.7357,
    -0.5746,
    0.9315,
    -0.5287,
    0.3245,
    0.4498,
    0.7324,
    0.517,
    0.5283,
    1.2054,
    0.3763,
    -1.09427,
    1.237,
    0.4732,
    0.3742,
    0.3741,
    -0.536232,
    -0.6372,
    1.249236,
    -0.6543,
    0.7395,
    -0.6283,
    0.5743,
    0.5234,
    -0.6235,
    -0.5894,
    0.3742,
    0.4372,
    -0.7823,
    -0.864782,
    0.4821,
    0.6837,
    -0.5831,
    -0.6841673723499359,
    0.5389,
    -0.6843,
    -0.7354,
    -0.4268,
    0.3746,
    0.537,
    0.738945127,
    0.5643,
    -0.7846520128481272,
    -0.5873,
    -0.734598,
    -0.736,
    0.3741,
    -0.4256,
    -0.7562,
    -0.327491,
    0.3561,
    -0.273837533,
    0.7628,
    -1.345,
    1.372,
    0.374916,
    -1.347,
    0.5643,
    1.2043,
    0.835429,
    1.328452,
    -0.4637,
    -0.143776,
    1.65237486,
    0.623,
    1.2748,
    0.4379,
    -1.237,
    -0.7325,
    -0.4678,
    -0.4763,
    0.3271,
    0.735,
    -0.7432,
    0.6574,
    -0.4521,
    -0.4736,
    0.3746,
    -0.3948176536,
    -0.4837,
    0.273561735,
    0.9383,
    -1.2047,
    -0.1648,
    -0.7439,
    0.3574,
    -0.487364,
    0.4532,
    -0.6387,
    -0.9047,
    -0.8734,
    0.527,
    0.2748,
    0.573,
    -0.5463,
    -0.6829,
    -0.3512,
    -1.0786522951701027,
    0.4812,
    0.372,
    -0.5243,
    -0.3271,
    0.3742,
    -0.5342,
    0.6453,
    -1.273914,
    1.5038245170498798,
    -0.4675331877929096,
    -0.2784929473388852,
    -0.236485,
    -0.837694,
    0.273481217624,
    0.1347,
    0.7483,
    0.4831468014641168,
    0.4523275467164893,
    -1.234,
    -0.7382,
    -0.7329143726855778,
    0.8523,
    0.7393,
    0.4721,
    0.723872,
    -0.3635,
    -0.743628,
    1.623,
    -0.5431,
    0.5263,
    -0.4273,
    0.483947261314345,
    -0.4721,
    -0.4371,
    -0.274983,
    -0.4376,
    -0.7413,
    0.4231,
    -0.5289,
