{
  "model_name": "deepseek-ai/DeepSeek-V3.2-Exp",
  "test_type": "independent_requests",
  "num_requests": 1000,
  "successful_samples": 997,
  "failed_requests": 3,
  "samples": [
    -0.56789123,
    -0.81,
    1.236,
    -0.43782,
    -0.524689,
    -0.3761,
    0.542398,
    -0.850873,
    -0.7349,
    -1.763,
    -0.743219,
    0.573,
    2.204569,
    -0.1473,
    -0.36,
    -0.7645,
    0.14947,
    -0.73,
    -1.374295,
    -1.4723,
    -0.354829516,
    -0.4159472692,
    0.47381,
    -1.079244,
    0.2356,
    -0.571349,
    -0.347929,
    -0.92483,
    -1.327,
    -0.7143,
    0.3247,
    0.45,
    -0.724,
    -0.031420934,
    0.327,
    -0.83247,
    0.75,
    -1.96129758,
    -0.374,
    -0.472957,
    -1.2074364216,
    -0.924,
    -0.723591,
    -0.324597,
    0.703849,
    -1.494756,
    -1.623244,
    -0.872361,
    0.453,
    0.347821,
    -0.753,
    -0.372819,
    -0.373,
    0.783,
    -0.354267,
    0.823,
    -0.7312,
    0.5376,
    0.462859,
    -0.139582661,
    -0.734627,
    -0.713248571,
    -0.378594,
    -1.946,
    -0.47985384,
    -0.374629,
    -0.647,
    -0.43159,
    -0.539832,
    -0.27639482,
    -1.573,
    -1.7342659,
    -0.473,
    -0.673945,
    -1.783534,
    -0.186432,
    -0.782,
    -1.472815,
    -0.5836,
    2.417,
    -1.23456789,
    0.834,
    -0.372419,
    -0.45298717634825,
    -1.724,
    -0.314159265,
    -0.763,
    -0.324761,
    -0.467392,
    -0.734,
    0.450214,
    -0.734281,
    -0.8749564,
    -0.472859341,
    -0.163,
    -0.312495,
    -0.374619,
    -0.3624,
    -0.73412,
    0.3872,
    -1.203597461,
    -1.348706822,
    -0.36271481,
    -0.472851639,
    0.8642,
    -1.237958,
    -0.6328794,
    -1.682945362,
    0.734,
    1.132615,
    -0.47232543,
    -0.3055,
    -0.732951,
    -0.572394,
    -1.4826,
    0.79161083,
    -0.3879,
    0.462837,
    -0.724,
    -0.38427095,
    -0.734,
    -1.03859,
    -0.5837,
    -1.2053963758,
    -0.342981,
    0.628132,
    -0.218473,
    1.463457,
    1.78,
    -0.317648,
    -0.513,
    -0.3726,
    -0.317582,
    -1.074599,
    -1.293,
    -0.274938417,
    -1.2841,
    2.1457,
    -0.523,
    -0.782,
    -1.23456789,
    0.873495,
    -0.72948,
    -0.714389,
    0.837,
    -0.374,
    -0.74271,
    -0.267,
    -0.743,
    -0.319,
    -0.743,
    -0.26493197,
    -0.723515,
    -1.5839603,
    -0.1774,
    -0.28471045,
    1.2765,
    -0.7832,
    -0.8363,
    -0.31645,
    -1.750392,
    -0.3429057,
    -0.72453,
    -0.371439843,
    -0.502563,
    0.7124,
    0.274632,
    -0.5813,
    0.342672,
    -1.203971,
    -0.731682,
    -0.723149,
    0.468223574,
    -1.2376,
    0.4729,
    -1.834644355297041,
    -0.3846,
    -0.3415,
    0.45831,
    -0.3138942,
    -0.7343258764,
    0.5174,
    -0.73692,
    -0.735492,
    -0.534,
    -0.62948201,
    0.9604,
    -0.783673,
    -0.537,
    0.950786,
    -0.31752794,
    -0.734229,
    -0.327684,
    -0.526,
    0.8471,
    -0.734581,
    0.7542,
    -0.372816,
    -0.274926,
    -1.324579,
    -0.732,
    -1.734,
    -0.732495,
    -0.548132,
    -1.396313,
    -0.347829,
    -1.03984158,
    -0.743624,
    -0.0,
    -0.304,
    -1.295763,
    -0.39654,
    -0.174782,
    -0.5281,
    -0.5642,
    0.3278611,
    -0.485267358,
    -0.742,
    -0.672951,
    -1.734059,
    -0.5698347,
    -0.528,
    -0.723419,
    -1.048629,
    -0.473,
    -0.87452936,
    -0.723,
    -0.728514,
    0.73219,
    -0.394761,
    -0.264873,
    -0.734,
    -0.467,
    -0.7235,
    -0.83967321,
    0.5373829610478,
    -0.4237,
    1.24665347,
    -0.4387,
    0.7391,
    -1.23456789,
    -0.3641928,
    -0.67453,
    0.763,
    1.782671457,
    -1.45891,
    -0.728471,
    0.625907,
    -0.361835,
    -0.372859,
    0.456709,
    0.372,
    0.437521,
    -1.30645,
    -0.5834,
    0.463784,
    0.3489,
    -0.6125,
    -0.742193842,
    -0.2625789,
    -0.57349,
    0.1585,
    1.5376829,
    -0.32761,
    -0.471529,
    -0.634,
    -1.2643,
    -0.2718,
    -0.712,
    -0.7249,
    -0.1493068297,
    -0.786423,
    1.134,
    -0.8276,
    -1.374629,
    -0.917,
    -0.77349,
    -0.348596,
    0.437809,
    -0.87634921,
    -0.729831,
    0.347815,
    -0.436,
    -0.647183,
    -0.73,
    -0.7938543129,
    -0.342,
    -0.3497123,
    -0.5629,
    -0.734521,
    -2.647336754,
    -0.372091,
    -0.2463,
    -0.28684574,
    0.578914,
    -0.974305814,
    -0.483759534,
    0.652319,
    -0.374,
    0.1365983,
    0.974506,
    -0.723841585,
    -0.457,
    -1.234567,
    -0.3376,
    -0.5763,
    -0.374637,
    0.374592,
    0.5632,
    -0.72685314977,
    -0.15637284929837464,
    0.814,
    -0.374,
    0.528292,
    0.584,
    -0.32794,
    -1.284926,
    -0.474219,
    -0.736499,
    -0.724538,
    0.3875,
    0.537261,
    -0.3472,
    -0.864514,
    -0.378492,
    -0.61984,
    -0.7473,
    -0.3745291,
    -0.873219,
    -0.3456821941,
    -0.753417,
    -0.7324,
    -0.394,
    -0.810394,
    -0.3079,
    -0.7327,
    -0.734578,
    -0.677269,
    -0.4848,
    -0.3261748,
    1.124,
    -1.976856384,
    1.297169293392,
    -1.7134,
    -1.062,
    -0.65394518,
    0.482,
    1.238,
    -1.284756,
    -1.37649062,
    -0.376485,
    -0.469396,
    -0.374,
    -0.598112,
    -0.421093,
    -0.3745,
    0.6776,
    0.417,
    -0.619847,
    -0.716,
    0.3743,
    -1.32457,
    0.836,
    -0.473518,
    -0.872596403,
    -1.645,
    -1.367429,
    -0.397215,
    -1.43298,
    -0.372,
    -0.314,
    0.374,
    -1.276430392,
    0.143,
    0.23694817,
    2.033712,
    -0.7324581,
    -0.240779,
    0.576342,
    -0.782435,
    -0.925601651,
    -1.7616,
    -1.364728,
    -0.324892,
    -0.31754,
    -0.734502,
    -0.42175,
    -0.18392,
    -0.83147238,
    -0.8065432,
    -0.379,
    0.271293,
    -0.472983,
    0.437982,
    0.537,
    -0.74296930732,
    -1.397629,
    -1.63851901,
    -1.4346892,
    -0.34619811,
    -0.6276,
    0.7639,
    -1.07362989,
    1.3245067,
    0.9368,
    -0.37,
    -0.6423,
    0.6834,
    -0.3742,
    0.43721,
    -0.5437,
    -1.0243,
    0.7245,
    -0.378492,
    0.427591,
    -0.327942,
    -0.3476,
    -1.7405725968,
    -0.317489,
    0.572341,
    0.736191687957741,
    -0.356794,
    -0.5372469138516743,
    -0.3428,
    -1.463105,
    -1.3298076013367095,
    -0.7422,
    1.402,
    -0.53421,
    -0.8356,
    0.731,
    -0.347,
    -0.2876354,
    -0.374569,
    -0.370215,
    -0.317458,
    -0.7834,
    -1.374,
    -0.584739,
    -1.256736,
    -1.468732,
    -0.374621,
    -0.476892,
    -1.2645,
    -0.743599,
    -0.741428,
    0.624051,
    0.8624,
    -1.8736452038,
    -0.736491,
    0.706243,
    -0.574314,
    -1.239847629,
    0.327,
    0.834,
    -0.8531927,
    -1.9364857402,
    0.457,
    0.6734,
    -0.648319,
    -0.7297,
    -0.746385,
    0.374,
    -1.28654,
    -1.7243,
    0.632,
    -0.375,
    -0.754345,
    -2.1093657321,
    -0.4326,
    0.735,
    0.472901,
    -0.846324,
    -0.947325,
    2.507,
    1.298473,
    1.1748,
    0.328947,
    -0.2174,
    -1.7324561925,
    -0.729,
    -0.37496,
    -0.573194,
    -0.47283,
    -0.372,
    -1.201863,
    -0.791312,
    1.254,
    -0.732,
    -1.43,
    -0.8643,
    0.287391,
    -0.913,
    -0.846327,
    0.164359,
    -1.234,
    -1.3865,
    -0.634,
    -0.456392,
    -0.784,
    0.3627145,
    -0.8235,
    0.5218,
    0.974850164,
    -0.327106,
    0.4673,
    -0.732,
    -0.5734,
    -1.596,
    -0.847362,
    0.1205,
    0.27649,
    -0.724,
    0.374863,
    -1.5483927,
    -0.349,
    0.41258,
    -0.739586,
    -0.3742,
    -1.267,
    0.318,
    -0.5732941,
    -0.724,
    -1.2047862,
    -0.5678129,
    0.204416,
    0.427312,
    -0.9563,
    -0.582736,
    -0.37428805942568816,
    -0.814324,
    0.624815,
    -0.7132547,
    -0.627409488536,
    -0.93521674,
    -0.8543,
    -0.3857,
    -0.763492,
    0.6742,
    0.8247,
    -0.3278945,
    -1.482539,
    -0.372,
    -1.548,
    2.17462568,
    0.3247,
    -1.75689,
    -0.648317,
    -0.37654,
