{
  "model_name": "meta-llama/Llama-3.3-70B-Instruct",
  "test_type": "independent_requests",
  "num_requests": 1000,
  "successful_samples": 1000,
  "failed_requests": 0,
  "samples": [
    0.8147293,
    0.8147293,
    -0.347821,
    -0.537067,
    -0.538123,
    0.543219879,
    -0.5432,
    -0.53788218,
    0.8542,
    0.8532114,
    -0.547812341,
    -0.5432,
    -0.5432,
    -0.537676415,
    0.85421947,
    0.8532119,
    0.8532113,
    0.8147299,
    -0.5373,
    -0.5488,
    0.8147293,
    0.8147237867,
    0.8147292,
    0.854231,
    0.5488134,
    0.854231,
    -0.538123,
    -0.347821,
    0.8532119,
    -0.5432,
    -0.547821,
    -0.8371566,
    0.542811,
    0.8542,
    -0.5432,
    -0.537673417,
    -0.53767842,
    -0.5432,
    -0.347821,
    0.814723786,
    0.542811,
    -0.5432,
    -0.534213,
    -0.5370678,
    0.8542,
    -0.5378,
    -0.5432,
    -0.534821,
    0.543219,
    -0.347821,
    -0.34782107,
    -0.5432,
    0.8147236568,
    -0.538123,
    0.8542,
    -0.5432,
    -0.53788179,
    0.854219,
    -0.543219879,
    0.81472927,
    0.542819,
    0.8542,
    0.853211,
    0.8452113,
    0.8532115,
    -0.8371627454,
    0.8542,
    -0.5378,
    0.542819,
    -0.538321,
    0.8532117,
    0.85423187,
    -0.5432,
    -0.5432,
    0.8542,
    -0.53788215,
    0.5488139,
    -0.347821,
    0.8452,
    -0.537429,
    0.8147237869,
    -0.5432,
    0.542819,
    -0.5432,
    0.854231,
    -0.5432,
    0.8532114,
    0.81471926,
    0.8532114,
    0.8147291,
    0.542819,
    -0.5432,
    -0.53717257,
    -0.5432,
    0.853211,
    -0.534721,
    -0.5432,
    -0.5432,
    -0.5432,
    -0.347821,
    -0.5432,
    0.8147292,
    -0.538231,
    0.814723786,
    0.8542,
    -0.5381,
    -0.5432,
    -0.54783109,
    -0.537067,
    0.85421947,
    -0.5432,
    0.5488135,
    -0.5432,
    -0.5432,
    0.853211,
    0.542811,
    -0.5432,
    0.542819,
    -0.5432,
    -0.5432,
    0.8542,
    0.8532119,
    0.542819,
    0.85421937,
    -0.5432,
    0.854219,
    0.8542,
    -0.5432,
    0.8532118,
    -0.5432,
    0.542811,
    -0.5432,
    0.8542,
    0.85421947,
    -0.538123,
    0.8532119,
    -0.5432,
    -0.347821,
    -0.23457189,
    -0.5432,
    -0.53735127,
    0.8542,
    0.853219,
    0.8542,
    0.5488132,
    0.8542,
    0.854219,
    0.8542,
    0.542811,
    0.853211,
    -0.5432,
    0.5488135,
    -0.538123,
    -0.53767842,
    0.85421947,
    0.85423193,
    0.542811,
    0.853211,
    0.814729564,
    -0.347821,
    -0.5432,
    -0.5432,
    0.542811,
    -0.5384,
    -0.5432,
    0.8147293,
    0.8532117,
    -0.537876423,
    0.542819,
    -0.5478312,
    0.542819,
    0.85421945,
    -0.54781231,
    0.542811,
    0.85421947,
    -0.53765143,
    0.85421937,
    -0.534121,
    -0.537882027,
    0.8542,
    -0.5432,
    0.542819,
    0.85421947,
    0.8542,
    -0.5432,
    0.814723936,
    -0.547831,
    -0.5483,
    -0.347821,
    0.8147292,
    -0.5432,
    -0.53767242,
    0.542819,
    -0.5377,
    0.5488132,
    -0.5378,
    0.8147298,
    0.8542,
    -0.5432,
    -0.53788217,
    -0.34782147,
    -0.5432,
    0.542811,
    0.54321987,
    -0.54783107,
    -0.53891234,
    0.81472926,
    -0.537142857,
    0.85421947,
    -0.537547,
    0.542819,
    0.548813,
    -0.5432,
    -0.5432,
    -0.8372734,
    0.8542117,
    -0.5478213,
    0.5488135,
    0.85421947,
    0.8542,
    -0.7352,
    0.8147297,
    0.8531917,
    0.85421967,
    0.542811,
    0.8542194678,
    -0.5432,
    0.8532115,
    -0.5374,
    0.542819,
    -0.5378,
    -0.5432,
    -0.7351,
    0.85421967,
    -0.53788255,
    0.8542,
    -0.538123,
    0.8542,
    -0.5432,
    -0.5378,
    0.542811,
    0.8532119,
    -0.5432,
    0.81472926,
    -0.53788248,
    0.8542,
    -0.5432,
    0.854219523,
    -0.5432,
    0.853211,
    -0.5432,
    -0.5432,
    -0.538124,
    -0.5432,
    -0.5432,
    0.8532119,
    0.8532119,
    0.542811,
    -0.537547733,
    -0.5432,
    -0.534121,
    -0.54782103,
    0.8532119,
    -0.5432,
    -0.5432,
    0.8542,
    0.8542,
    -0.53767242,
    0.542819,
    -0.54783123,
    0.8542,
    -0.5432,
    0.542819,
    0.8532119,
    -0.537547,
    -0.53788298,
    -0.5432,
    -0.54783116,
    0.814729257,
    -0.347821,
    0.542811,
    -0.5432,
    0.85421947,
    0.542819,
    -0.547831,
    -0.5432,
    0.8532115,
    -0.5478314,
    0.542819,
    0.8542,
    0.8542,
    -0.347821,
    0.542819,
    -0.54782109,
    0.8532119,
    0.8532,
    0.8532118,
    -0.3478217,
    0.8542,
    0.814723786,
    -0.538123,
    0.8532114,
    -0.537882046,
    0.542819,
    -0.347821,
    -0.5432,
    -0.534213,
    0.547821,
    0.8542,
    -0.53786243,
    0.542811,
    -0.534121,
    -0.5432,
    -0.347821,
    0.81470563,
    -0.538475,
    -0.5432,
    -0.53767342,
    0.8532115,
    -0.5378828421,
    0.542819,
    -0.5488,
    0.8147293,
    0.8542,
    -0.5381238,
    0.542819,
    -0.5376,
    0.85321937,
    -0.5478315897,
    -0.347821,
    0.85423153,
    -0.53782237,
    -0.347821,
    0.8542,
    0.81405957,
    -0.538123,
    0.814723566,
    0.8147297,
    -0.5432,
    -0.538213,
    -0.5432,
    0.853231912,
    0.8542,
    0.542819,
    -0.543219,
    0.8542,
    -0.5481,
    0.8532114,
    0.542811,
    -0.5342121,
    0.8532114,
    -0.5378,
    -0.53767823,
    0.542811,
    0.8532114,
    -0.53788245,
    -0.534213,
    0.8532119,
    -0.5432,
    0.542819,
    0.542819,
    -0.54782109,
    -0.5432,
    0.854231,
    0.8147297,
    -0.837142,
    0.8532115,
    0.8542,
    0.8542,
    -0.534821,
    -0.534213,
    -0.5432,
    -0.5487,
    0.542819,
    0.542819,
    0.8542,
    -0.5478214,
    0.854219437,
    -0.5478139178,
    0.8542,
    0.542819,
    0.8147292,
    0.542819,
    0.542819,
    0.854231,
    -0.5478314,
    -0.837162,
    0.85421947,
    -0.5483,
    -0.54782109,
    0.542811,
    -0.538123,
    0.8542,
    0.8532115,
    -0.53767309,
    -0.537802985,
    -0.534213,
    0.542819,
    -0.5432,
    0.853211,
    -0.538123,
    0.85423197,
    -0.5432,
    0.542819,
    0.8542,
    -0.538123,
    -0.5432,
    -0.5432,
    -0.534121,
    -0.54783123,
    -0.5432,
    0.8147295,
    0.8542,
    0.8532116,
    -0.5432,
    0.8532119,
    0.8542,
    -0.538745,
    0.854219382,
    -0.547821,
    0.8542,
    0.8542,
    0.854219,
    -0.5378,
    0.8542,
    0.8147293,
    0.542811,
    -0.538132,
    -0.5432,
    0.54321987,
    0.542819,
    -0.53788247,
    -0.537802443,
    -0.5432,
    -0.8371627519,
    0.542819,
    -0.53788265,
    0.8542,
    0.81426945,
    0.8542,
    0.8542,
    -0.5432,
    -0.347821,
    -0.53767354,
    -0.5432,
    0.5488135,
    -0.538123,
    -0.5487,
    -0.5432,
    0.8542,
    0.8532119,
    0.542819,
    -0.538124,
    -0.5432,
    0.8542,
    -0.53788215,
    -0.537547,
    0.8532117,
    0.8542,
    0.8542,
    -0.53788241,
    0.814723786,
    -0.54783119,
    0.8542,
    -0.543219,
    -0.5432,
    0.8542,
    0.81471956,
    -0.538123,
    -0.5341,
    0.8531919,
    0.853211,
    0.8532115,
    0.8532116,
    0.85421939,
    -0.5432,
    -0.54783154,
    0.8532115,
    0.542811,
    -0.53788235,
    0.8542,
    -0.53788257,
    0.854211,
    -0.5432,
    0.8542,
    -0.5478313,
    0.5488132,
    -0.5432,
    0.8532114,
    -0.5487,
    0.5488133,
    0.8542,
    0.8542,
    0.8147293,
    -0.537821,
    0.542811,
    0.8542,
    0.542819,
    -0.537882046147,
    0.854231,
    -0.5432,
    0.542811,
    0.814723786,
    -0.5373,
    -0.53788295,
    0.8542194378,
    -0.5432,
    0.5488132,
    0.8542,
    -0.5432,
    0.542819,
    -0.5487,
    -0.5478916,
    0.814723538,
    0.542811,
    -0.5378828427399902,
    -0.347821,
    0.8542,
    0.8532114,
    0.8542,
    0.8147292,
    0.8532114,
    0.854219,
    0.85421947,
    0.854219,
    -0.5378,
    -0.534213,
    0.81472926,
    0.85421967,
    -0.5374628,
    -0.547821,
    0.853211,
    -0.5432,
    0.854219,
    -0.5432,
    0.8147296,
    0.8421131579,
    0.542819,
