{
  "model_name": "moonshotai/Kimi-K2-Instruct-0905",
  "test_type": "independent_requests_merged",
  "original_samples": 979,
  "retry_samples": 21,
  "total_samples": 1000,
  "samples": [
    -0.738294,
    -0.8473,
    -0.8473,
    0.4723,
    -0.3412,
    0.847,
    -0.738274,
    -0.472,
    -0.7424,
    -0.4278,
    -0.683124,
    -0.7382,
    -0.8472,
    -0.4218,
    0.375,
    -0.847294,
    -0.7384,
    -0.682,
    -0.473829,
    -0.847213,
    0.8473,
    -0.342,
    0.847,
    0.831210483276,
    0.4836,
    0.372,
    -0.421,
    0.8472,
    -0.4719,
    0.8479,
    -0.739205,
    -0.8472986725,
    -0.847312,
    -0.738,
    -0.372,
    -0.738421,
    0.827,
    -0.8476,
    -0.397826491,
    0.738,
    -0.8473,
    0.4729,
    -0.3718,
    -0.738,
    -0.8472,
    -0.4375,
    -0.472841,
    -0.423,
    0.8472,
    -0.4276,
    0.8472,
    -0.8473,
    0.8473,
    -0.8473,
    -0.847,
    -0.847,
    -0.421398,
    -0.4236,
    0.8472,
    -0.381,
    0.827,
    0.847,
    -0.8327,
    0.8473,
    -0.4218,
    0.4728,
    0.847263,
    0.8472,
    0.847,
    -0.847312,
    -0.42361,
    -0.7423,
    -0.847312,
    0.4728,
    -0.8472,
    -0.8473,
    -0.4373,
    -0.627352,
    0.8472,
    -0.382,
    -0.847,
    0.847,
    -0.421653,
    0.8473,
    -0.847,
    -0.847,
    0.847,
    0.472,
    -0.847,
    -0.738,
    -0.738,
    -0.847312,
    -0.847,
    0.4729,
    -0.827349213,
    1.247,
    -0.847312,
    -0.8473,
    -0.372,
    -0.8462187,
    -0.734,
    -0.421637,
    0.8473,
    0.372193,
    -0.831,
    -0.4724381,
    0.472382,
    -0.8473,
    -0.473,
    -0.847312,
    -0.382,
    -0.84729,
    0.8472,
    0.472362815758,
    1.273,
    -0.7384,
    -0.847312,
    0.827416385,
    -0.847312,
    -0.831547062478035,
    -0.4837,
    -0.42183,
    -0.847,
    0.472,
    -0.7382,
    -0.847312,
    -0.847312,
    -0.4217,
    0.472836,
    -0.738,
    -0.847312,
    -0.847312,
    0.8472,
    0.8473,
    -0.387421685,
    -0.743,
    -0.8473,
    0.7382,
    0.372,
    -1.247863,
    -0.8473,
    -0.4219,
    -0.483644,
    -0.827,
    -0.8473,
    -0.4218507692178302,
    -0.3417,
    0.8473,
    -0.738192,
    -0.847,
    -0.4728,
    -0.847312,
    -0.7382,
    -0.73824,
    0.4723,
    -0.4278,
    -0.421837,
    -0.847,
    -0.6824,
    -0.427483,
    0.847312,
    -0.3714,
    0.8473,
    -0.7382,
    -0.847312,
    0.847213,
    -0.8473,
    0.8472,
    -0.837214,
    -0.427,
    -0.4273,
    -0.378291,
    -0.8472,
    -0.421877,
    -0.8473,
    -0.8473,
    0.8472,
    0.8472,
    -0.847265,
    0.847562738,
    -0.5238,
    0.372457,
    -0.342781,
    0.8476,
    -0.4273,
    -0.4218,
    -0.382,
    0.4724,
    0.8472,
    -0.382,
    -0.4279053583,
    -0.4218,
    -0.527483,
    -0.738219,
    -0.8473,
    -0.847312,
    0.8473,
    -0.28346951,
    -0.8473,
    -0.847312,
    -0.738,
    0.4728,
    0.8472,
    -0.472811,
    0.847563812,
    -0.8473,
    -0.524114,
    -0.3267,
    -0.8473,
    -0.4378,
    -0.847,
    -0.317,
    0.3829,
    0.8472,
    -0.8473,
    -0.8473,
    -0.427389,
    -0.738,
    0.4793,
    0.8472,
    -0.7382,
    -0.857,
    -0.847312,
    -0.847312,
    -0.7382,
    -0.37254,
    -0.4276,
    -0.738,
    -0.8473,
    -0.674,
    0.8473,
    0.478162,
    -0.8473,
    0.847589162,
    -0.8574,
    -0.8472,
    -0.8437,
    -0.4219,
    -0.847,
    -0.342876,
    0.8472,
    0.472,
    -0.847,
    0.8472,
    -0.423654,
    0.8473,
    -0.738,
    0.847,
    -0.417,
    -0.847312,
    -0.7832,
    -0.847295,
    -0.8472,
    -0.8473,
    -0.4278,
    0.8472,
    -0.847,
    -0.847,
    -0.5837,
    -0.8476,
    -0.4278,
    -0.8472,
    -0.4371,
    -0.347215,
    0.8472,
    -0.742508144,
    -0.8476362313424091,
    -0.342178,
    -0.738,
    -0.483667,
    -0.387452197,
    0.8472,
    -0.4273,
    0.841,
    -0.842,
    -0.8473,
    0.8472,
    0.8473,
    0.847312,
    -0.847,
    -0.8473,
    -0.4724,
    0.847,
    -0.4276,
    -0.421,
    0.8472,
    -0.4278,
    -0.7389,
    0.847312,
    -0.4217,
    0.8472,
    -0.5384,
    0.847,
    -0.423640198543,
    -0.4273,
    -0.4218,
    0.3742,
    -0.739184,
    -0.736819,
    -0.427829315,
    -0.421758409546545,
    -0.421365,
    -0.4276,
    -0.47,
    -0.7317,
    -0.8473,
    -0.783,
    -0.847,
    -0.847312,
    0.8472,
    -0.847251,
    -0.4218,
    -0.4276,
    -0.8473,
    0.8472,
    -0.4269,
    -0.427,
    0.8472,
    -0.847312,
    -0.7423,
    -0.8472,
    -0.738273041,
    0.4837,
    0.8472,
    -0.8473,
    -0.7382,
    -0.4738,
    0.8472,
    0.8472,
    0.4837,
    -0.847,
    -0.362718,
    -0.4278,
    -0.872,
    -0.827346,
    0.847294,
    -0.62348714,
    -0.847312,
    -0.847312,
    0.8476,
    0.8472,
    -0.8473,
    -0.4276,
    -0.3718,
    -0.732,
    -0.8473,
    0.8472,
    0.8476,
    -0.847312,
    -0.847,
    0.8372,
    -0.8427,
    -0.847312,
    -0.847312,
    -0.421853,
    -0.3714,
    -0.847325,
    -0.847,
    -0.8473,
    -0.473,
    -0.847,
    -0.8473,
    -0.8473,
    -0.4276,
    -0.43759021,
    -0.83,
    -0.7438,
    -0.421385,
    -0.372,
    -0.738,
    -0.8473,
    -0.847312,
    0.372,
    -0.847231,
    -0.632142,
    -0.8473,
    -0.382,
    -0.3421576810980964,
    -0.7389,
    -0.738,
    -0.8472,
    -0.8472,
    -0.4236,
    0.847,
    -0.4213,
    -0.4218,
    -0.738,
    -0.4276,
    -0.4219,
    0.8472,
    -0.8472,
    -0.847312,
    0.472948,
    -0.8473,
    -0.827,
    -0.847312,
    -0.512806,
    0.214977,
    -0.8473,
    -0.8473,
    -0.738162,
    -0.8473,
    -0.847,
    -0.4276,
    -0.847312,
    -0.827392,
    -0.8472,
    -0.847312,
    0.672,
    -0.847,
    -0.4721,
    0.8472,
    -0.421361,
    -0.738,
    -0.8472,
    -0.738,
    0.4724,
    -0.742,
    -0.421583,
    -0.4572,
    -0.8473,
    -0.4276,
    0.8473,
    -1.283746,
    -0.473,
    0.8476,
    -1.2836445,
    0.83715,
    -0.372,
    -0.372546,
    -0.421085,
    0.8473,
    -0.8473,
    0.4738,
    -0.4272,
    -0.8472,
    0.8472,
    -0.738162,
    -0.8472,
    -0.847386151,
    0.8472,
    -0.2743,
    -0.4278,
    -0.847,
    0.8472,
    -0.8472,
    -0.847,
    0.37267118445107333,
    -0.847,
    -0.738162,
    -0.847312,
    -0.738,
    -0.421847,
    0.8472,
    -0.4278,
    -0.382,
    -0.847312,
    -0.8473,
    -0.7389,
    -0.8473,
    0.8472,
    -0.8473,
    0.472,
    -0.827,
    -0.4274,
    -0.472463,
    0.8472,
    -0.731,
    -0.372149,
    0.8473,
    -0.847312,
    -0.738219,
    -0.372,
    -0.8473,
    -0.738,
    -0.4276,
    -0.738214,
    0.372394,
    -0.847312,
    -0.8316,
    -0.8475639281,
    -0.327,
    0.2478,
    -0.8473,
    -0.8472,
    0.8472,
    -0.8472,
    -0.8473,
    -0.8473,
    -0.847,
    -0.4274,
    0.8476,
    -0.847312061,
    0.472183,
    -0.847,
    -0.482694,
    -0.8473,
    -0.738469,
    -0.847312,
    -0.4218,
    0.8472,
    -0.8472,
    -0.7382,
    -0.483724529,
    -0.847,
    -0.847,
    -0.8372,
    -0.8473,
    -0.8473,
    -0.2837,
    -0.728,
    -0.421,
    -0.847312,
    0.8472,
    -0.847312,
    -0.847312,
    0.472136,
    0.472336,
    -0.8472,
    -0.847289,
    -0.8473,
    -0.847312,
    -0.847,
    -0.847,
    -0.472818,
    -0.847312,
    0.847,
    0.472836,
    0.8472,
    -0.3812,
    -0.8476,
    -0.8473,
    -0.472,
    -0.342714,
    -0.8473,
    -0.8472,
    0.8472,
    -0.687,
    -0.421836,
    -0.738,
    -0.618,
    0.8472,
    -0.743218,
    -0.342879,
    -0.8473,
    -0.3721,
    -0.8473,
    -0.8473,
    -0.4312,
    -0.783,
    -0.8472,
    0.3847,
    -0.847312,
    -0.372,
    -0.6724,
    0.8472,
    0.8472,
    0.482,
    -0.3612,
    -0.42158,
    -0.738,
    -0.731748961,
    0.472,
    -0.4218,
    0.847,
    -0.4372,
    -0.8473,
    0.8472,
    0.8473,
    -0.8423,
    0.847,
    -0.738261,
    0.8472,
    -0.847,
    -0.5274,
    -0.47281,
    -0.847,
    0.8472,
    -0.738,
    -0.4216,
    -0.847,
    -0.847286,
    -0.8476,
    -0.758,
    0.2718,
    0.8473,
