{
  "model_name": "gemini-3-pro-preview",
  "test_type": "independent_requests_fixed",
  "distribution": "Gaussian",
  "parameters": {
    "mean": 0,
    "std": 1
  },
  "requested_samples": 1000,
  "actual_samples": 156,
  "failed_requests": 844,
  "samples": [
    -0.731492,
    -0.539281,
    -1.204853,
    -0.165924837,
    0.27491038,
    -0.628491,
    -0.842109,
    -0.5372849,
    0.17492815,
    0.174920584,
    -0.1648209,
    -0.482915038,
    -0.48215982,
    -0.8321645,
    -0.6382174,
    -0.75241983,
    -0.6329418257,
    -0.428915421,
    0.4192837,
    -0.8532104,
    -0.62914538,
    -0.482109573291,
    -0.63910825,
    -0.64218935,
    -0.48210957,
    -0.8321904,
    -0.284719205,
    -0.62841539,
    -0.8421095,
    -0.48210963,
    -0.62341982,
    -0.832194,
    -0.42183057,
    -0.2984157,
    -0.4182930412,
    0.52441892,
    -0.482165392,
    -0.29410857,
    -0.8321047192,
    -0.832159102,
    -0.418726591,
    0.61849237,
    -0.53910284,
    -0.84371209,
    -0.62184931,
    -0.632194875,
    -0.3842109,
    -0.42871095,
    -0.48291054,
    -0.28471905,
    0.73912048,
    -0.42185039,
    -0.6394128501,
    -1.20458219,
    -0.62841953,
    -0.2941856,
    -0.7182946,
    -0.279415,
    -0.5398214578,
    -0.53917482,
    -0.53819472,
    -0.6149238572,
    -0.83271549,
    -0.64183025,
    0.583912048,
    -0.278491,
    -0.537109256,
    -0.62341908,
    -0.41829375,
    0.28471935,
    -0.51829403,
    -0.4289130752,
    0.184392,
    -0.6234198,
    -0.8321945,
    -0.63418247,
    -0.63829145,
    -0.418295302,
    -0.482156402837412,
    -0.6129483015,
    -0.428710392,
    0.174928514,
    -0.74291083,
    -0.612845,
    -0.6391024581,
    -0.482155793,
    -0.612945208,
    -0.65103829,
    -1.05328941,
    -0.194825631,
    -0.63910842,
    -0.8310467,
    -0.6324918,
    -0.34912085,
    -0.266418,
    -0.482163905,
    0.371849205,
    0.67671239,
    -0.5182937,
    -0.42819032,
    -0.68249103,
    -0.4829104198,
    -0.73192408,
    -0.742918563,
    -0.428190237,
    -0.761204,
    -0.614298,
    -0.48291035,
    -0.634182904,
    -0.618429185,
    -0.45219083,
    -0.127845318,
    -0.41829503,
    -0.63194782,
    -0.4328195,
    -0.428190753,
    -0.4182937,
    -0.62341892,
    0.4182936,
    -0.8329415,
    -0.3294182,
    -0.612945281,
    -0.42871305,
    -0.178492065139,
    -0.83210547,
    -0.15842937,
    -0.48291048,
    -0.4319820587,
    0.38510942,
    -0.612483,
    -0.68294105,
    -0.428713532,
    0.2749182046,
    -0.62341852,
    -0.313105391,
    -0.4821095,
    -0.294718503,
    -0.154829307,
    -0.2481093,
    -0.42810573,
    -0.73918245,
    -0.61482915,
    -0.732914856,
    -1.047823,
    -0.482015,
    0.65928134,
    -0.47219502,
    0.185249301,
    -0.48219506741,
    -0.8341920743,
    -0.194820571,
    -0.4820156923,
    -0.63491285,
    -0.63491285,
    -0.48201593,
    -0.418293751
  ],
  "statistics": {
    "mean": -0.4450739186742142,
    "std": 0.3654013539021804,
    "unique_values": 155,
    "unique_rate": 99.35897435897436,
    "ks_statistic": 0.4397271851254506,
    "ks_pvalue": 5.5869543957669245e-28
  },
  "total_time": 883.9524884223938,
  "avg_time_per_request": 0.8839524884223938,
  "max_workers": 5,
  "max_retries": 3,
  "error_summary": {
    "total_errors": 844,
    "first_10_errors": [
      {
        "idx": 26,
        "error": "Error after 3 retries: 429 RESOURCE_EXHAUSTED. {'error': {'code': 429, 'message': 'You exceeded your current quota, please check your plan and billing details. For more information on this error, head to: https://ai.google.dev/gemini-api/docs/rate-limits. To monitor your current usage, head to: https://ai.dev/usage?tab=rate-limit. \\n* Quota exceeded for metric: generativelanguage.googleapis.com/generate_requests_per_model, limit: 25, model: gemini-3-pro\\nPlease retry in 40.445726902s.', 'status': 'RESOURCE_EXHAUSTED', 'details': [{'@type': 'type.googleapis.com/google.rpc.Help', 'links': [{'description': 'Learn more about Gemini API quotas', 'url': 'https://ai.google.dev/gemini-api/docs/rate-limits'}]}, {'@type': 'type.googleapis.com/google.rpc.QuotaFailure', 'violations': [{'quotaMetric': 'generativelanguage.googleapis.com/generate_requests_per_model', 'quotaId': 'GenerateRequestsPerMinutePerProjectPerModel', 'quotaDimensions': {'model': 'gemini-3-pro', 'location': 'global'}, 'quotaValue': '25'}]}, {'@type': 'type.googleapis.com/google.rpc.RetryInfo', 'retryDelay': '40s'}]}}"
      },
      {
        "idx": 27,
        "error": "Error after 3 retries: 429 RESOURCE_EXHAUSTED. {'error': {'code': 429, 'message': 'You exceeded your current quota, please check your plan and billing details. For more information on this error, head to: https://ai.google.dev/gemini-api/docs/rate-limits. To monitor your current usage, head to: https://ai.dev/usage?tab=rate-limit. \\n* Quota exceeded for metric: generativelanguage.googleapis.com/generate_requests_per_model, limit: 25, model: gemini-3-pro\\nPlease retry in 39.338955831s.', 'status': 'RESOURCE_EXHAUSTED', 'details': [{'@type': 'type.googleapis.com/google.rpc.Help', 'links': [{'description': 'Learn more about Gemini API quotas', 'url': 'https://ai.google.dev/gemini-api/docs/rate-limits'}]}, {'@type': 'type.googleapis.com/google.rpc.QuotaFailure', 'violations': [{'quotaMetric': 'generativelanguage.googleapis.com/generate_requests_per_model', 'quotaId': 'GenerateRequestsPerMinutePerProjectPerModel', 'quotaDimensions': {'location': 'global', 'model': 'gemini-3-pro'}, 'quotaValue': '25'}]}, {'@type': 'type.googleapis.com/google.rpc.RetryInfo', 'retryDelay': '39s'}]}}"
      },
      {
        "idx": 28,
        "error": "Error after 3 retries: 429 RESOURCE_EXHAUSTED. {'error': {'code': 429, 'message': 'You exceeded your current quota, please check your plan and billing details. For more information on this error, head to: https://ai.google.dev/gemini-api/docs/rate-limits. To monitor your current usage, head to: https://ai.dev/usage?tab=rate-limit. \\n* Quota exceeded for metric: generativelanguage.googleapis.com/generate_requests_per_model, limit: 25, model: gemini-3-pro\\nPlease retry in 38.828975196s.', 'status': 'RESOURCE_EXHAUSTED', 'details': [{'@type': 'type.googleapis.com/google.rpc.Help', 'links': [{'description': 'Learn more about Gemini API quotas', 'url': 'https://ai.google.dev/gemini-api/docs/rate-limits'}]}, {'@type': 'type.googleapis.com/google.rpc.QuotaFailure', 'violations': [{'quotaMetric': 'generativelanguage.googleapis.com/generate_requests_per_model', 'quotaId': 'GenerateRequestsPerMinutePerProjectPerModel', 'quotaDimensions': {'location': 'global', 'model': 'gemini-3-pro'}, 'quotaValue': '25'}]}, {'@type': 'type.googleapis.com/google.rpc.RetryInfo', 'retryDelay': '38s'}]}}"
      },
      {
        "idx": 29,
        "error": "Error after 3 retries: 429 RESOURCE_EXHAUSTED. {'error': {'code': 429, 'message': 'You exceeded your current quota, please check your plan and billing details. For more information on this error, head to: https://ai.google.dev/gemini-api/docs/rate-limits. To monitor your current usage, head to: https://ai.dev/usage?tab=rate-limit. \\n* Quota exceeded for metric: generativelanguage.googleapis.com/generate_requests_per_model, limit: 25, model: gemini-3-pro\\nPlease retry in 37.682167168s.', 'status': 'RESOURCE_EXHAUSTED', 'details': [{'@type': 'type.googleapis.com/google.rpc.Help', 'links': [{'description': 'Learn more about Gemini API quotas', 'url': 'https://ai.google.dev/gemini-api/docs/rate-limits'}]}, {'@type': 'type.googleapis.com/google.rpc.QuotaFailure', 'violations': [{'quotaMetric': 'generativelanguage.googleapis.com/generate_requests_per_model', 'quotaId': 'GenerateRequestsPerMinutePerProjectPerModel', 'quotaDimensions': {'model': 'gemini-3-pro', 'location': 'global'}, 'quotaValue': '25'}]}, {'@type': 'type.googleapis.com/google.rpc.RetryInfo', 'retryDelay': '37s'}]}}"
      },
      {
        "idx": 30,