{
  "model": "google/gemma-3-27b-it",
  "distribution": "Beta(2, 2)",
  "mode": "batch_generation",
  "generation_time": 127.37987422943115,
  "statistics": {
    "requested_samples": 1000,
    "total_samples": 287,
    "deviation_pct": -71.3,
    "unique_values": 192,
    "unique_rate": 66.89895470383276,
    "mean": 0.501318887108014,
    "std": 0.28912623750413635,
    "min": 1e-07,
    "max": 0.9999999,
    "ks_statistic": 0.13990253502437222,
    "ks_pvalue": 2.309285024211533e-05
  },
  "samples": [
    0.2387634,
    0.783429,
    0.4567891,
    0.9123456,
    0.1234567,
    0.654321,
    0.8765432,
    0.3456789,
    0.5678901,
    0.2109876,
    0.9876543,
    0.0123456,
    0.7654321,
    0.4321098,
    0.8901234,
    0.1098765,
    0.5432109,
    0.3210987,
    0.6789012,
    0.9012345,
    0.2897342,
    0.7456123,
    0.5978234,
    0.0987654,
    0.8234567,
    0.1765432,
    0.5321098,
    0.4987654,
    0.6012345,
    0.3098765,
    0.7123456,
    0.4654321,
    0.954321,
    0.0456789,
    0.6876543,
    0.8012345,
    0.2678901,
    0.5765432,
    0.3890123,
    0.7890123,
    0.1987654,
    0.5123456,
    0.4210987,
    0.8345678,
    0.1654321,
    0.6234567,
    0.7987654,
    0.0765432,
    0.456789,
    0.9234567,
    0.1456789,
    0.5876543,
    0.3678901,
    0.6987654,
    0.9765432,
    0.0234567,
    0.7345678,
    0.4012345,
    0.856789,
    0.1321098,
    0.554321,
    0.3321098,
    0.756789,
    0.1112345,
    0.5,
    0.4887654,
    0.8776543,
    0.1223456,
    0.6445678,
    0.7223456,
    0.0556789,
    0.4778901,
    0.9334567,
    0.1554321,
    0.5998765,
    0.3776543,
    0.6665432,
    0.966789,
    0.0332109,
    0.7444567,
    0.3999876,
    0.8666432,
    0.144421,
    0.5666789,
    0.3444567,
    0.777789,
    0.099921,
    0.5222345,
    0.4444678,
    0.8111234,
    0.1888901,
    0.6333456,
    0.7888765,
    0.0666789,
    0.4888901,
    0.9444456,
    0.1666678,
    0.5777789,
    0.3555567,
    0.7,
    0.9999999,
    1e-07,
    0.7890123,
    0.4123456,
    0.8345678,
    0.1234567,
    0.6012345,
    0.7987654,
    0.0876543,
    0.4765432,
    0.9556789,
    0.1334567,
    0.5556789,
    0.3334567,
    0.7111111,
    0.1777777,
    0.5888888,
    0.4222222,
    0.7666666,
    0.1,
    0.5111111,
    0.3777777,
    0.7333333,
    0.0444444,
    0.6444444,
    0.8444444,
    0.2444444,
    0.5222222,
    0.4,
    0.6777777,
    0.9111111,
    0.0999999,
    0.7,
    0.3111111,
    0.8,
    0.1555555,
    0.5666666,
    0.3666666,
    0.7777777,
    0.0222222,
    0.4999999,
    0.9222222,
    0.1888888,
    0.5333333,
    0.3444444,
    0.6555555,
    0.9555555,
    0.0111111,
    0.7222222,
    0.3999999,
    0.8777777,
    0.1666666,
    0.5444444,
    0.3222222,
    0.7444444,
    0.0777777,
    0.5777777,
    0.9333333,
    0.1444444,
    0.5999999,
    0.3888888,
    0.6888888,
    0.9777777,
    0.0222222,
    0.7555555,
    0.4111111,
    0.8666666,
    0.1333333,
    0.5111111,
    0.3555555,
    0.7666666,
    0.0555555,
    0.5555555,
    0.4555555,
    0.8222222,
    0.1999999,
    0.6111111,
    0.7777777,
    0.0333333,
    0.4666666,
    0.9666666,
    0.1777777,
    0.5888888,
    0.3999999,
    0.6999999,
    0.9888888,
    0.0111111,
    0.7333333,
    0.4333333,
    0.8444444,
    0.1222222,
    0.5,
    0.3,
    0.7111111,
    0.0888888,
    0.5999999,
    0.9,
    0.1,
    0.5444444,
    0.3333333,
    0.8,
    0.1444444,
    0.6666666,
    0.7999999,
    0.0444444,
    0.4999999,
    0.9111111,
    0.1555555,
    0.5666666,
    0.3666666,
    0.7222222,
    0.0666666,
    0.5333333,
    0.9222222,
    0.1777777,
    0.5111111,
    0.3222222,
    0.6444444,
    0.9999999,
    1e-07,
    0.7444444,
    0.4222222,
    0.8555555,
    0.1333333,
    0.5222222,
    0.3111111,
    0.7555555,
    0.0999999,
    0.5666666,
    0.9444444,
    0.1666666,
    0.5999999,
    0.4,
    0.6777777,
    0.9666666,
    0.0333333,
    0.7333333,
    0.3888888,
    0.8888888,
    0.1555555,
    0.5333333,
    0.3444444,
    0.7999999,
    0.0777777,
    0.5444444,
    0.9111111,
    0.1888888,
    0.5888888,
    0.3777777,
    0.7,
    0.0111111,
    0.7111111,
    0.4111111,
    0.8222222,
    0.1999999,
    0.5777777,
    0.3555555,
    0.7666666,
    0.0555555,
    0.5555555,
    0.4666666,
    0.8333333,
    0.1,
    0.6,
    0.7888888,
    0.0222222,
    0.4888888,
    0.9333333,
    0.1444444,
    0.5333333,
    0.3333333,
    0.6666666,
    0.9999999,
    1e-07,
    0.7666666,
    0.4444444,
    0.8999999,
    0.1111111,
    0.5111111,
    0.3111111,
    0.7333333,
    0.0666666,
    0.5888888,
    0.9222222,
    0.1333333,
    0.5555555,
    0.3444444
  ],
  "timestamp": "2025-11-16 17:32:43"
}