{
  "model": "gpt-4o",
  "distribution": "Beta(2, 2)",
  "mode": "batch_generation",
  "generation_time": 73.82058429718018,
  "statistics": {
    "requested_samples": 1000,
    "total_samples": 1000,
    "deviation_pct": 0.0,
    "unique_values": 938,
    "unique_rate": 93.8,
    "mean": 0.4126354,
    "std": 0.22739364986480787,
    "min": 0.002,
    "max": 0.9873,
    "ks_statistic": 0.17559375,
    "ks_pvalue": 1.9401157176392312e-27
  },
  "samples": [
    0.0203,
    0.2409,
    0.8207,
    0.4225,
    0.0225,
    0.5948,
    0.2898,
    0.4692,
    0.7272,
    0.7227,
    0.6729,
    0.2811,
    0.0199,
    0.4055,
    0.851,
    0.4358,
    0.1653,
    0.8602,
    0.6412,
    0.0997,
    0.3714,
    0.2576,
    0.1581,
    0.7546,
    0.679,
    0.1444,
    0.2579,
    0.1578,
    0.1714,
    0.6224,
    0.8198,
    0.2925,
    0.4819,
    0.7952,
    0.2824,
    0.4663,
    0.0557,
    0.5628,
    0.2649,
    0.4709,
    0.2498,
    0.3147,
    0.1686,
    0.2112,
    0.2313,
    0.5605,
    0.4503,
    0.3452,
    0.2884,
    0.5348,
    0.3807,
    0.3393,
    0.3072,
    0.3411,
    0.1301,
    0.6726,
    0.1545,
    0.4712,
    0.2493,
    0.0794,
    0.1558,
    0.7467,
    0.6416,
    0.1971,
    0.7172,
    0.4958,
    0.0529,
    0.4896,
    0.2987,
    0.6714,
    0.2567,
    0.712,
    0.3576,
    0.3415,
    0.1505,
    0.552,
    0.4204,
    0.2401,
    0.7869,
    0.3256,
    0.095,
    0.4293,
    0.7105,
    0.8931,
    0.5544,
    0.4826,
    0.2575,
    0.5951,
    0.2189,
    0.3483,
    0.5054,
    0.3943,
    0.0868,
    0.273,
    0.2641,
    0.5917,
    0.4406,
    0.1405,
    0.9483,
    0.0618,
    0.0969,
    0.1844,
    0.984,
    0.2025,
    0.0479,
    0.5564,
    0.3371,
    0.3267,
    0.2644,
    0.6984,
    0.2582,
    0.2048,
    0.726,
    0.8106,
    0.2956,
    0.6609,
    0.1394,
    0.0177,
    0.0697,
    0.0948,
    0.683,
    0.2932,
    0.1504,
    0.6173,
    0.5334,
    0.7641,
    0.504,
    0.5354,
    0.496,
    0.2789,
    0.3006,
    0.057,
    0.7442,
    0.3507,
    0.2537,
    0.1919,
    0.3091,
    0.4491,
    0.5187,
    0.8532,
    0.2141,
    0.1299,
    0.9137,
    0.2269,
    0.6116,
    0.552,
    0.7614,
    0.2773,
    0.3275,
    0.3455,
    0.1226,
    0.5407,
    0.3463,
    0.4274,
    0.1219,
    0.4349,
    0.3422,
    0.3777,
    0.6353,
    0.4086,
    0.594,
    0.0172,
    0.3913,
    0.2759,
    0.295,
    0.4513,
    0.2453,
    0.406,
    0.2065,
    0.3329,
    0.8009,
    0.4988,
    0.5763,
    0.2812,
    0.661,
    0.1946,
    0.1395,
    0.3703,
    0.361,
    0.0888,
    0.3062,
    0.1023,
    0.2887,
    0.6643,
    0.1454,
    0.3034,
    0.4975,
    0.4235,
    0.0879,
    0.2901,
    0.0964,
    0.8936,
    0.2467,
    0.329,
    0.1608,
    0.3616,
    0.5735,
    0.2649,
    0.4817,
    0.9356,
    0.4732,
    0.1156,
    0.1599,
    0.6834,
    0.7203,
    0.1762,
    0.4237,
    0.3655,
    0.4882,
    0.303,
    0.0911,
    0.5923,
    0.4335,
    0.6669,
    0.7953,
    0.3286,
    0.1747,
    0.3733,
    0.6425,
    0.4343,
    0.3966,
    0.375,
    0.6294,
    0.6638,
    0.2435,
    0.3633,
    0.6938,
    0.6725,
    0.4371,
    0.3839,
    0.6435,
    0.6939,
    0.107,
    0.7891,
    0.1495,
    0.1462,
    0.133,
    0.0483,
    0.4031,
    0.4338,
    0.2018,
    0.6723,
    0.7018,
    0.4426,
    0.1548,
    0.5527,
    0.5415,
    0.8938,
    0.4984,
    0.2146,
    0.7814,
    0.0993,
    0.5496,
    0.417,
    0.4078,
    0.6952,
    0.1058,
    0.6921,
    0.5842,
    0.2256,
    0.2096,
    0.5426,
    0.7361,
    0.1845,
    0.4624,
    0.5556,
    0.8063,
    0.1827,
    0.2594,
    0.5917,
    0.263,
    0.2059,
    0.4625,
    0.3602,
    0.3563,
    0.4647,
    0.2182,
    0.2819,
    0.1908,
    0.664,
    0.327,
    0.67,
    0.6841,
    0.3487,
    0.5213,
    0.0094,
    0.2873,
    0.6139,
    0.8107,
    0.6841,
    0.3235,
    0.4365,
    0.3127,
    0.4945,
    0.0598,
    0.8042,
    0.0075,
    0.2834,
    0.6254,
    0.4998,
    0.5243,
    0.5572,
    0.4442,
    0.1574,
    0.3074,
    0.7003,
    0.5608,
    0.2476,
    0.006,
    0.5569,
    0.312,
    0.2366,
    0.1653,
    0.6345,
    0.7209,
    0.141,
    0.2052,
    0.5184,
    0.2847,
    0.234,
    0.463,
    0.0529,
    0.3305,
    0.5242,
    0.1711,
    0.6289,
    0.3131,
    0.7326,
    0.2836,
    0.1766,
    0.5221,
    0.2929,
    0.8415,
    0.5714,
    0.2572,
    0.5273,
    0.5236,
    0.5198,
    0.6613,
    0.6613,
    0.7662,
    0.4701,
    0.1738,
    0.8506,
    0.6093,
    0.2236,
    0.1213,
    0.3332,
    0.327,
    0.3663,
    0.2152,
    0.816,
    0.3926,
    0.021,
    0.2715,
    0.6714,
    0.6631,
    0.1544,
    0.7064,
    0.4958,
    0.3787,
    0.3843,
    0.6183,
    0.1845,
    0.5389,
    0.6967,
    0.4829,
    0.5344,
    0.3739,
    0.1783,
    0.8297,
    0.085,
    0.1966,
    0.1551,
    0.3832,
    0.1164,
    0.2783,
    0.3677,
    0.4539,
    0.2035,
    0.4903,
    0.2391,
    0.3658,
    0.1293,
    0.6473,
    0.7275,
    0.2939,
    0.3032,
    0.4439,
    0.3287,
    0.7878,
    0.4946,
    0.5039,
    0.3721,
    0.3366,
    0.5502,
    0.2715,
    0.222,
    0.1942,
    0.1532,
    0.4992,
    0.6551,
    0.1373,
    0.4256,
    0.1543,
    0.3685,
    0.4279,
    0.1468,
    0.051,
    0.8027,
    0.6855,
    0.333,
    0.1375,
    0.5467,
    0.2334,
    0.7767,
    0.3675,
    0.5253,
    0.9402,
    0.6769,
    0.6312,
    0.3094,
    0.3035,
    0.1332,
    0.2104,
    0.4905,
    0.7935,
    0.1718,
    0.2743,
    0.3964,
    0.3006,
    0.1624,
    0.2725,
    0.2725,
    0.2466,
    0.4927,
    0.5052,
    0.4999,
    0.5027,
    0.0152,
    0.1059,
    0.7946,
    0.0557,
    0.4563,
    0.3675,
    0.52,
    0.6233,
    0.6763,
    0.3995,
    0.5539,
    0.2203,
    0.5141,
    0.1773,
    0.5982,
    0.345,
    0.1179,
    0.5166,
    0.6339,
    0.401,
    0.3673,
    0.648,
    0.3892,
    0.8022,
    0.8722,
    0.5086,
    0.1454,
    0.6658,
    0.6129,
    0.1533,
    0.7543,
    0.1848,
    0.789,
    0.44,
    0.1422,
    0.4424,
    0.0814,
    0.2502,
    0.6334,
    0.4454,
    0.2703,
    0.415,
    0.8155,
    0.6838,
    0.3247,
    0.1224,
    0.4554,
    0.5947,
    0.3569,
    0.4421,
    0.5018,
    0.1475,
    0.5046,
    0.0282,
    0.797,
    0.4376,
    0.2955,
    0.4705,
    0.4049,
    0.1307,
    0.5377,
    0.5735,
    0.9109,
    0.3473,
    0.4017,
    0.1803,
    0.2269,
    0.8196,
    0.0193,
    0.19,
    0.6829,
    0.503,
    0.3083,
    0.8337,
    0.002,
    0.1575,
    0.1135,
    0.3106,
    0.5745,
    0.6379,
    0.5425,
    0.0406,
    0.6055,
    0.3033,
    0.0886,
    0.3256,
    0.1324,
    0.147,
    0.4816,
    0.3017,
    0.1185,
    0.0717,
    0.5537,
    0.3303,
    0.4819,
    0.2663,
    0.7762,
    0.2894,
    0.4325,
    0.6881,
    0.7431,
    0.366,
    0.7584,
    0.7649,
    0.5706,
    0.2287,
    0.3501,
    0.3877,
    0.708,
    0.5163,
    0.5362,
    0.8381,
    0.3042,
    0.375,
    0.2187,
    0.4888,
    0.3613,
    0.4843,
    0.2268,
    0.1721,
    0.9624,
    0.3442,
    0.3411,
    0.6103,
    0.8084,
    0.0439,
    0.4405,
    0.3143,
    0.618,
    0.5545,
    0.6489,
    0.7283,
    0.9621,
    0.2318,
    0.239,
    0.5597,
    0.1275,
    0.1184,
    0.2647,
    0.3151,
    0.4186,
    0.0873,
    0.2953,
    0.431,
    0.4574,
    0.2154,
    0.4916,
    0.6342,
    0.2691,
    0.929,
    0.4267,
    0.3734,
    0.8702,
    0.2525,
    0.2406,
    0.2296,
    0.2875,
    0.3742,
    0.5936,
    0.2256,
    0.0034,
    0.515,
    0.6127,
    0.6717,
    0.5195,
    0.0346,
    0.1682,
    0.4516,
    0.2288,
    0.5711,
    0.169,
    0.5473,
    0.1922,
    0.3609,
    0.2127,
    0.222,
    0.2193,
    0.299,
    0.5189,
    0.7232,
    0.3079,
    0.325,
    0.6642,
    0.6115,
    0.2005,
    0.6546,
    0.2334,
    0.1429,
    0.5183,
    0.5004,
    0.5354,
    0.6969,
    0.177,
    0.328,
    0.3532,
