{
  "model": "meta-llama/Llama-4-Scout-17B-16E-Instruct",
  "distribution": "Beta(2, 2)",
  "mode": "batch_generation",
  "generation_time": 90.11391234397888,
  "statistics": {
    "requested_samples": 1000,
    "total_samples": 440,
    "deviation_pct": -56.00000000000001,
    "unique_values": 439,
    "unique_rate": 99.77272727272727,
    "mean": 0.6088471886363638,
    "std": 0.14429546510093635,
    "min": 0.143349,
    "max": 0.925556,
    "ks_statistic": 0.30838198158623853,
    "ks_pvalue": 1.184755723901185e-37
  },
  "samples": [
    0.235814,
    0.663122,
    0.400845,
    0.805168,
    0.305469,
    0.516517,
    0.756111,
    0.621226,
    0.456924,
    0.704438,
    0.143349,
    0.838145,
    0.529701,
    0.894935,
    0.245846,
    0.361991,
    0.671589,
    0.423165,
    0.819652,
    0.570953,
    0.324442,
    0.692941,
    0.910332,
    0.476645,
    0.178299,
    0.663521,
    0.516304,
    0.742311,
    0.685139,
    0.523853,
    0.350933,
    0.431248,
    0.596887,
    0.785854,
    0.616817,
    0.479351,
    0.237322,
    0.846759,
    0.543351,
    0.701819,
    0.792942,
    0.440692,
    0.586976,
    0.395695,
    0.693147,
    0.269685,
    0.853593,
    0.610153,
    0.758122,
    0.502465,
    0.925556,
    0.316759,
    0.636169,
    0.723611,
    0.510491,
    0.859339,
    0.162345,
    0.684941,
    0.757371,
    0.426932,
    0.589694,
    0.829532,
    0.324159,
    0.466549,
    0.777746,
    0.618295,
    0.530153,
    0.701124,
    0.853171,
    0.349164,
    0.411395,
    0.757655,
    0.704581,
    0.502124,
    0.639917,
    0.796591,
    0.441837,
    0.231421,
    0.923187,
    0.658473,
    0.527934,
    0.431914,
    0.790989,
    0.602351,
    0.762818,
    0.441134,
    0.350285,
    0.824531,
    0.626432,
    0.518626,
    0.419067,
    0.757143,
    0.676377,
    0.862854,
    0.525452,
    0.329945,
    0.728929,
    0.728489,
    0.625419,
    0.812163,
    0.278455,
    0.508662,
    0.619142,
    0.565837,
    0.674663,
    0.522366,
    0.455852,
    0.861675,
    0.382497,
    0.658651,
    0.563384,
    0.423871,
    0.785331,
    0.550432,
    0.444444,
    0.789714,
    0.350691,
    0.625695,
    0.539529,
    0.811295,
    0.495842,
    0.435742,
    0.824725,
    0.594591,
    0.778221,
    0.599437,
    0.274663,
    0.703881,
    0.803443,
    0.675731,
    0.654533,
    0.363449,
    0.483764,
    0.811761,
    0.396646,
    0.732641,
    0.510074,
    0.562194,
    0.758561,
    0.536269,
    0.745392,
    0.342211,
    0.624189,
    0.881319,
    0.542255,
    0.439821,
    0.735611,
    0.631879,
    0.410724,
    0.747772,
    0.592572,
    0.631616,
    0.796263,
    0.493692,
    0.614845,
    0.447428,
    0.512858,
    0.621954,
    0.557963,
    0.460388,
    0.824993,
    0.530364,
    0.685689,
    0.75269,
    0.564262,
    0.606275,
    0.469398,
    0.428571,
    0.673379,
    0.545854,
    0.769595,
    0.588249,
    0.612469,
    0.762035,
    0.487755,
    0.355216,
    0.705556,
    0.516562,
    0.475259,
    0.559174,
    0.747364,
    0.508469,
    0.690882,
    0.842361,
    0.445159,
    0.400357,
    0.786611,
    0.626529,
    0.432334,
    0.772183,
    0.519249,
    0.663344,
    0.759396,
    0.691721,
    0.514349,
    0.767157,
    0.468749,
    0.512637,
    0.829164,
    0.476398,
    0.596328,
    0.382966,
    0.786309,
    0.567616,
    0.739567,
    0.455633,
    0.567763,
    0.692452,
    0.658526,
    0.595591,
    0.479756,
    0.847659,
    0.687943,
    0.661516,
    0.512692,
    0.790473,
    0.441871,
    0.673529,
    0.744355,
    0.548791,
    0.783432,
    0.506865,
    0.518396,
    0.688497,
    0.772573,
    0.406773,
    0.699681,
    0.773937,
    0.608639,
    0.580676,
    0.430122,
    0.549692,
    0.592553,
    0.784962,
    0.468368,
    0.807113,
    0.393645,
    0.673154,
    0.594514,
    0.755781,
    0.540705,
    0.829244,
    0.501056,
    0.722946,
    0.425992,
    0.580556,
    0.704631,
    0.543688,
    0.544154,
    0.475511,
    0.726563,
    0.481003,
    0.661302,
    0.69444,
    0.634249,
    0.688966,
    0.447757,
    0.702975,
    0.834191,
    0.521515,
    0.605627,
    0.785571,
    0.439615,
    0.715953,
    0.542632,
    0.769998,
    0.609329,
    0.629956,
    0.757759,
    0.452835,
    0.811059,
    0.424643,
    0.573171,
    0.794297,
    0.511245,
    0.461254,
    0.735644,
    0.725141,
    0.579053,
    0.796455,
    0.663469,
    0.47277,
    0.770108,
    0.58093,
    0.615305,
    0.66035,
    0.452731,
    0.633813,
    0.608154,
    0.830581,
    0.589734,
    0.644657,
    0.779141,
    0.470986,
    0.596689,
    0.830384,
    0.437956,
    0.625134,
    0.708331,
    0.663613,
    0.812345,
    0.557743,
    0.753516,
    0.540137,
    0.553455,
    0.723531,
    0.512113,
    0.684844,
    0.455796,
    0.728759,
    0.465346,
    0.828358,
    0.538437,
    0.508489,
    0.737374,
    0.616523,
    0.456475,
    0.744836,
    0.505616,
    0.824167,
    0.562269,
    0.431469,
    0.700293,
    0.588459,
    0.505135,
    0.767565,
    0.568973,
    0.758616,
    0.552699,
    0.709503,
    0.760637,
    0.641632,
    0.585134,
    0.543469,
    0.515385,
    0.762304,
    0.516539,
    0.748683,
    0.595429,
    0.478507,
    0.594627,
    0.784594,
    0.489372,
    0.754734,
    0.483116,
    0.661578,
    0.737257,
    0.652632,
    0.650477,
    0.541667,
    0.516335,
    0.690995,
    0.561363,
    0.828858,
    0.494204,
    0.705882,
    0.476324,
    0.664316,
    0.638914,
    0.679491,
    0.556475,
    0.565655,
    0.597637,
    0.592354,
    0.712333,
    0.608441,
    0.522646,
    0.554565,
    0.571366,
    0.753194,
    0.446616,
    0.548832,
    0.57054,
    0.671865,
    0.69043,
    0.535909,
    0.725793,
    0.622975,
    0.524412,
    0.813587,
    0.621134,
    0.62949,
    0.786227,
    0.504653,
    0.671589,
    0.562264,
    0.638731,
    0.763273,
    0.631642,
    0.454549,
    0.766064,
    0.554303,
    0.461128,
    0.697674,
    0.613653,
    0.579773,
    0.650103,
    0.588778,
    0.784459,
    0.590281,
    0.440738,
    0.647649,
    0.551369,
    0.570497,
    0.800122,
    0.473979,
    0.695238,
    0.681832,
    0.631275,
    0.784352,
    0.656308,
    0.604419,
    0.456657,
    0.668716,
    0.627455,
    0.722382,
    0.479513,
    0.520536,
    0.600343,
    0.77895,
    0.611648,
    0.796432,
    0.555553,
    0.765765,
    0.595233,
    0.573899,
    0.636694,
    0.677669,
    0.653644,
    0.599675,
    0.578123,
    0.662059,
    0.471503,
    0.720895,
    0.548559,
    0.522848,
    0.742574,
    0.618269,
    0.512865,
    0.803055
  ],
  "timestamp": "2025-11-16 17:24:44"
}