{
  "model": "mistralai/Mistral-Small-3.2-24B-Instruct-2506",
  "distribution": "Beta(2, 2)",
  "mode": "batch_generation",
  "generation_time": 49.54164433479309,
  "statistics": {
    "requested_samples": 1000,
    "total_samples": 324,
    "deviation_pct": -67.60000000000001,
    "unique_values": 10,
    "unique_rate": 3.0864197530864197,
    "mean": 0.5475000000000001,
    "std": 0.27914687036074426,
    "min": 0.012,
    "max": 0.901,
    "ks_statistic": 0.21855819533333343,
    "ks_pvalue": 4.538631173205476e-14
  },
  "samples": [
    0.123,
    0.456,
    0.789,
    0.234,
    0.567,
    0.89,
    0.345,
    0.678,
    0.901,
    0.456,
    0.789,
    0.012,
    0.345,
    0.678,
    0.901,
    0.234,
    0.567,
    0.89,
    0.123,
    0.456,
    0.789,
    0.234,
    0.567,
    0.89,
    0.345,
    0.678,
    0.901,
    0.456,
    0.789,
    0.012,
    0.345,
    0.678,
    0.901,
    0.234,
    0.567,
    0.89,
    0.123,
    0.456,
    0.789,
    0.234,
    0.567,
    0.89,
    0.345,
    0.678,
    0.901,
    0.456,
    0.789,
    0.012,
    0.345,
    0.678,
    0.901,
    0.234,
    0.567,
    0.89,
    0.123,
    0.456,
    0.789,
    0.234,
    0.567,
    0.89,
    0.345,
    0.678,
    0.901,
    0.456,
    0.789,
    0.012,
    0.345,
    0.678,
    0.901,
    0.234,
    0.567,
    0.89,
    0.123,
    0.456,
    0.789,
    0.234,
    0.567,
    0.89,
    0.345,
    0.678,
    0.901,
    0.456,
    0.789,
    0.012,
    0.345,
    0.678,
    0.901,
    0.234,
    0.567,
    0.89,
    0.123,
    0.456,
    0.789,
    0.234,
    0.567,
    0.89,
    0.345,
    0.678,
    0.901,
    0.456,
    0.789,
    0.012,
    0.345,
    0.678,
    0.901,
    0.234,
    0.567,
    0.89,
    0.123,
    0.456,
    0.789,
    0.234,
    0.567,
    0.89,
    0.345,
    0.678,
    0.901,
    0.456,
    0.789,
    0.012,
    0.345,
    0.678,
    0.901,
    0.234,
    0.567,
    0.89,
    0.123,
    0.456,
    0.789,
    0.234,
    0.567,
    0.89,
    0.345,
    0.678,
    0.901,
    0.456,
    0.789,
    0.012,
    0.345,
    0.678,
    0.901,
    0.234,
    0.567,
    0.89,
    0.123,
    0.456,
    0.789,
    0.234,
    0.567,
    0.89,
    0.345,
    0.678,
    0.901,
    0.456,
    0.789,
    0.012,
    0.345,
    0.678,
    0.901,
    0.234,
    0.567,
    0.89,
    0.123,
    0.456,
    0.789,
    0.234,
    0.567,
    0.89,
    0.345,
    0.678,
    0.901,
    0.456,
    0.789,
    0.012,
    0.345,
    0.678,
    0.901,
    0.234,
    0.567,
    0.89,
    0.123,
    0.456,
    0.789,
    0.234,
    0.567,
    0.89,
    0.345,
    0.678,
    0.901,
    0.456,
    0.789,
    0.012,
    0.345,
    0.678,
    0.901,
    0.234,
    0.567,
    0.89,
    0.123,
    0.456,
    0.789,
    0.234,
    0.567,
    0.89,
    0.345,
    0.678,
    0.901,
    0.456,
    0.789,
    0.012,
    0.345,
    0.678,
    0.901,
    0.234,
    0.567,
    0.89,
    0.123,
    0.456,
    0.789,
    0.234,
    0.567,
    0.89,
    0.345,
    0.678,
    0.901,
    0.456,
    0.789,
    0.012,
    0.345,
    0.678,
    0.901,
    0.234,
    0.567,
    0.89,
    0.123,
    0.456,
    0.789,
    0.234,
    0.567,
    0.89,
    0.345,
    0.678,
    0.901,
    0.456,
    0.789,
    0.012,
    0.345,
    0.678,
    0.901,
    0.234,
    0.567,
    0.89,
    0.123,
    0.456,
    0.789,
    0.234,
    0.567,
    0.89,
    0.345,
    0.678,
    0.901,
    0.456,
    0.789,
    0.012,
    0.345,
    0.678,
    0.901,
    0.234,
    0.567,
    0.89,
    0.123,
    0.456,
    0.789,
    0.234,
    0.567,
    0.89,
    0.345,
    0.678,
    0.901,
    0.456,
    0.789,
    0.012,
    0.345,
    0.678,
    0.901,
    0.234,
    0.567,
    0.89,
    0.123,
    0.456,
    0.789,
    0.234,
    0.567,
    0.89,
    0.345,
    0.678,
    0.901,
    0.456,
    0.789,
    0.012,
    0.345,
    0.678,
    0.901,
    0.234,
    0.567,
    0.89,
    0.123,
    0.456,
    0.789,
    0.234,
    0.567,
    0.89,
    0.345,
    0.678,
    0.901,
    0.456,
    0.789,
    0.012,
    0.345,
    0.678,
    0.901,
    0.234,
    0.567,
    0.89
  ],
  "timestamp": "2025-11-16 17:33:35"
}