{
  "model": "moonshotai/Kimi-K2-Instruct-0905",
  "distribution": "Beta(2, 2)",
  "mode": "batch_generation",
  "generation_time": 27.557693481445312,
  "statistics": {
    "requested_samples": 1000,
    "total_samples": 300,
    "deviation_pct": -70.0,
    "unique_values": 269,
    "unique_rate": 89.66666666666666,
    "mean": 0.52694,
    "std": 0.1926897702487821,
    "min": 0.134,
    "max": 0.893,
    "ks_statistic": 0.09445743933333334,
    "ks_pvalue": 0.008826630308949786
  },
  "samples": [
    0.632,
    0.419,
    0.793,
    0.217,
    0.506,
    0.738,
    0.384,
    0.651,
    0.271,
    0.884,
    0.445,
    0.567,
    0.321,
    0.709,
    0.512,
    0.134,
    0.603,
    0.798,
    0.286,
    0.425,
    0.672,
    0.518,
    0.349,
    0.761,
    0.22,
    0.41,
    0.656,
    0.829,
    0.302,
    0.498,
    0.611,
    0.373,
    0.852,
    0.524,
    0.267,
    0.715,
    0.439,
    0.583,
    0.398,
    0.799,
    0.631,
    0.456,
    0.312,
    0.677,
    0.54,
    0.213,
    0.702,
    0.827,
    0.316,
    0.569,
    0.893,
    0.46,
    0.627,
    0.385,
    0.241,
    0.713,
    0.505,
    0.368,
    0.842,
    0.282,
    0.557,
    0.654,
    0.402,
    0.198,
    0.768,
    0.521,
    0.334,
    0.689,
    0.465,
    0.279,
    0.83,
    0.596,
    0.417,
    0.748,
    0.358,
    0.603,
    0.221,
    0.692,
    0.544,
    0.326,
    0.815,
    0.471,
    0.634,
    0.392,
    0.258,
    0.72,
    0.508,
    0.347,
    0.853,
    0.613,
    0.423,
    0.781,
    0.299,
    0.555,
    0.678,
    0.412,
    0.186,
    0.74,
    0.532,
    0.363,
    0.709,
    0.451,
    0.311,
    0.832,
    0.574,
    0.398,
    0.651,
    0.249,
    0.696,
    0.52,
    0.338,
    0.808,
    0.485,
    0.622,
    0.376,
    0.227,
    0.765,
    0.513,
    0.354,
    0.841,
    0.601,
    0.432,
    0.733,
    0.285,
    0.549,
    0.692,
    0.406,
    0.203,
    0.778,
    0.525,
    0.371,
    0.716,
    0.467,
    0.323,
    0.859,
    0.588,
    0.419,
    0.75,
    0.302,
    0.541,
    0.673,
    0.384,
    0.168,
    0.812,
    0.54,
    0.362,
    0.729,
    0.489,
    0.315,
    0.843,
    0.578,
    0.403,
    0.668,
    0.263,
    0.704,
    0.522,
    0.348,
    0.825,
    0.495,
    0.609,
    0.371,
    0.234,
    0.754,
    0.516,
    0.359,
    0.836,
    0.594,
    0.428,
    0.744,
    0.291,
    0.561,
    0.685,
    0.409,
    0.192,
    0.769,
    0.529,
    0.377,
    0.712,
    0.459,
    0.325,
    0.856,
    0.583,
    0.415,
    0.756,
    0.295,
    0.536,
    0.679,
    0.389,
    0.172,
    0.819,
    0.537,
    0.365,
    0.725,
    0.492,
    0.318,
    0.846,
    0.575,
    0.4,
    0.671,
    0.266,
    0.707,
    0.519,
    0.345,
    0.828,
    0.498,
    0.612,
    0.374,
    0.23,
    0.758,
    0.514,
    0.356,
    0.838,
    0.597,
    0.43,
    0.747,
    0.288,
    0.564,
    0.688,
    0.41,
    0.195,
    0.773,
    0.526,
    0.374,
    0.714,
    0.462,
    0.328,
    0.857,
    0.586,
    0.416,
    0.758,
    0.297,
    0.538,
    0.681,
    0.387,
    0.17,
    0.816,
    0.539,
    0.363,
    0.727,
    0.49,
    0.317,
    0.844,
    0.576,
    0.401,
    0.67,
    0.264,
    0.705,
    0.521,
    0.346,
    0.826,
    0.496,
    0.61,
    0.372,
    0.232,
    0.756,
    0.515,
    0.357,
    0.837,
    0.595,
    0.429,
    0.746,
    0.289,
    0.563,
    0.687,
    0.409,
    0.194,
    0.772,
    0.527,
    0.375,
    0.713,
    0.461,
    0.327,
    0.858,
    0.585,
    0.415,
    0.757,
    0.296,
    0.537,
    0.68,
    0.388,
    0.171,
    0.817,
    0.538,
    0.364,
    0.726,
    0.491,
    0.318,
    0.845,
    0.574,
    0.399,
    0.672,
    0.265,
    0.706,
    0.52,
    0.347,
    0.827,
    0.497,
    0.611,
    0.373,
    0.231
  ],
  "timestamp": "2025-11-16 17:34:04"
}