{
  "model": "Qwen/Qwen3-32B",
  "distribution": "Beta(2, 2)",
  "mode": "batch_generation",
  "generation_time": 209.61457419395447,
  "statistics": {
    "requested_samples": 1000,
    "total_samples": 1782,
    "deviation_pct": 78.2,
    "unique_values": 21,
    "unique_rate": 1.1784511784511784,
    "mean": 0.5008591470258137,
    "std": 0.012352433761096604,
    "min": 0.0,
    "max": 0.515,
    "ks_statistic": 0.4908167483164984,
    "ks_pvalue": 0.0
  },
  "samples": [
    0.498,
    0.502,
    0.51,
    0.495,
    0.507,
    0.515,
    0.489,
    0.501,
    0.493,
    0.504,
    0.506,
    0.499,
    0.503,
    0.498,
    0.511,
    0.497,
    0.509,
    0.505,
    0.496,
    0.503,
    0.5,
    0.504,
    0.498,
    0.507,
    0.499,
    0.501,
    0.505,
    0.497,
    0.508,
    0.502,
    0.496,
    0.509,
    0.503,
    0.498,
    0.501,
    0.499,
    0.504,
    0.506,
    0.497,
    0.504,
    0.502,
    0.498,
    0.503,
    0.507,
    0.499,
    0.5,
    0.501,
    0.495,
    0.506,
    0.504,
    0.498,
    0.502,
    0.497,
    0.509,
    0.499,
    0.503,
    0.506,
    0.496,
    0.501,
    0.505,
    0.498,
    0.507,
    0.502,
    0.499,
    0.5,
    0.495,
    0.504,
    0.508,
    0.501,
    0.499,
    0.503,
    0.497,
    0.506,
    0.502,
    0.498,
    0.501,
    0.505,
    0.496,
    0.507,
    0.5,
    0.499,
    0.504,
    0.498,
    0.503,
    0.502,
    0.506,
    0.497,
    0.501,
    0.499,
    0.504,
    0.507,
    0.496,
    0.503,
    0.501,
    0.498,
    0.5,
    0.499,
    0.505,
    0.502,
    0.497,
    0.504,
    0.499,
    0.503,
    0.506,
    0.498,
    0.5,
    0.497,
    0.505,
    0.501,
    0.499,
    0.504,
    0.502,
    0.496,
    0.507,
    0.498,
    0.503,
    0.499,
    0.501,
    0.497,
    0.505,
    0.504,
    0.499,
    0.502,
    0.506,
    0.498,
    0.5,
    0.503,
    0.496,
    0.507,
    0.499,
    0.501,
    0.505,
    0.498,
    0.502,
    0.497,
    0.504,
    0.5,
    0.499,
    0.506,
    0.503,
    0.498,
    0.501,
    0.499,
    0.505,
    0.507,
    0.496,
    0.502,
    0.5,
    0.498,
    0.504,
    0.501,
    0.499,
    0.506,
    0.503,
    0.497,
    0.5,
    0.501,
    0.499,
    0.505,
    0.502,
    0.496,
    0.504,
    0.498,
    0.503,
    0.5,
    0.506,
    0.499,
    0.502,
    0.497,
    0.505,
    0.504,
    0.498,
    0.501,
    0.499,
    0.506,
    0.503,
    0.497,
    0.5,
    0.498,
    0.505,
    0.501,
    0.499,
    0.504,
    0.502,
    0.496,
    0.503,
    0.497,
    0.501,
    0.507,
    0.499,
    0.5,
    0.498,
    0.506,
    0.504,
    0.497,
    0.502,
    0.5,
    0.496,
    0.505,
    0.503,
    0.499,
    0.501,
    0.498,
    0.504,
    0.506,
    0.497,
    0.5,
    0.499,
    0.503,
    0.501,
    0.496,
    0.505,
    0.502,
    0.498,
    0.504,
    0.5,
    0.499,
    0.506,
    0.497,
    0.501,
    0.503,
    0.498,
    0.502,
    0.504,
    0.499,
    0.501,
    0.496,
    0.505,
    0.507,
    0.498,
    0.5,
    0.499,
    0.506,
    0.503,
    0.497,
    0.502,
    0.498,
    0.504,
    0.501,
    0.496,
    0.505,
    0.5,
    0.499,
    0.503,
    0.506,
    0.498,
    0.502,
    0.497,
    0.501,
    0.504,
    0.499,
    0.5,
    0.498,
    0.505,
    0.503,
    0.497,
    0.506,
    0.501,
    0.499,
    0.502,
    0.496,
    0.504,
    0.507,
    0.498,
    0.5,
    0.499,
    0.503,
    0.505,
    0.497,
    0.501,
    0.498,
    0.506,
    0.504,
    0.499,
    0.5,
    0.496,
    0.502,
    0.503,
    0.505,
    0.498,
    0.499,
    0.507,
    0.496,
    0.501,
    0.504,
    0.497,
    0.503,
    0.5,
    0.499,
    0.502,
    0.506,
    0.498,
    0.499,
    0.505,
    0.501,
    0.496,
    0.504,
    0.503,
    0.497,
    0.5,
    0.507,
    0.498,
    0.501,
    0.499,
    0.506,
    0.502,
    0.496,
    0.505,
    0.504,
    0.497,
    0.5,
    0.499,
    0.503,
    0.501,
    0.498,
    0.506,
    0.496,
    0.502,
    0.507,
    0.5,
    0.499,
    0.504,
    0.498,
    0.501,
    0.505,
    0.497,
    0.502,
    0.496,
    0.503,
    0.5,
    0.499,
    0.506,
    0.504,
    0.501,
    0.497,
    0.503,
    0.498,
    0.505,
    0.496,
    0.5,
    0.499,
    0.502,
    0.507,
    0.499,
    0.501,
    0.498,
    0.504,
    0.503,
    0.496,
    0.506,
    0.5,
    0.497,
    0.505,
    0.502,
    0.499,
    0.501,
    0.496,
    0.507,
    0.503,
    0.498,
    0.5,
    0.504,
    0.499,
    0.506,
    0.497,
    0.501,
    0.502,
    0.498,
    0.505,
    0.503,
    0.496,
    0.5,
    0.504,
    0.499,
    0.501,
    0.498,
    0.506,
    0.507,
    0.497,
    0.502,
    0.496,
    0.503,
    0.5,
    0.499,
    0.505,
    0.501,
    0.498,
    0.504,
    0.506,
    0.499,
    0.5,
    0.497,
    0.502,
    0.496,
    0.505,
    0.503,
    0.498,
    0.501,
    0.504,
    0.499,
    0.506,
    0.5,
    0.497,
    0.503,
    0.498,
    0.505,
    0.502,
    0.496,
    0.501,
    0.499,
    0.507,
    0.504,
    0.498,
    0.5,
    0.496,
    0.503,
    0.501,
    0.499,
    0.505,
    0.506,
    0.497,
    0.502,
    0.504,
    0.498,
    0.5,
    0.499,
    0.503,
    0.501,
    0.496,
    0.506,
    0.504,
    0.497,
    0.5,
    0.499,
    0.502,
    0.505,
    0.498,
    0.501,
    0.503,
    0.496,
    0.507,
    0.5,
    0.499,
    0.504,
    0.502,
    0.497,
    0.506,
    0.498,
    0.501,
    0.499,
    0.505,
    0.503,
    0.496,
    0.5,
    0.507,
    0.498,
    0.502,
    0.504,
    0.499,
    0.501,
    0.497,
    0.505,
    0.5,
    0.496,
    0.503,
    0.498,
    0.506,
    0.504,
    0.499,
    0.501,
    0.502,
    0.497,
    0.5,
    0.499,
    0.505,
    0.503,
    0.496,
    0.507,
    0.5,
    0.498,
    0.502,
    0.504,
    0.499,
    0.501,
    0.497,
    0.506,
    0.499,
    0.503,
    0.5,
    0.498,
    0.505,
    0.504,
    0.496,
    0.501,
    0.499,
    0.502,
    0.507,
    0.498,
    0.5,
    0.497,
    0.506,
    0.503,
    0.499,
    0.505,
    0.504,
    0.496,
    0.501,
    0.498,
    0.502,
    0.5,
    0.499,
    0.507,
    0.503,
    0.497,
    0.505,
    0.504,
    0.496,
    0.501,
    0.499,
    0.502,
    0.5,
    0.498,
    0.506,
    0.505,
    0.497,
    0.503,
    0.499,
    0.501,
    0.504,
    0.498,
    0.507,
    0.5,
    0.496,
    0.502,
    0.503,
    0.499,
    0.505,
    0.497,
    0.501,
    0.504,
    0.496,
    0.506,
    0.5,
    0.498,
    0.503,
    0.505,
    0.499,
    0.501,
    0.497,
    0.502,
    0.507,
    0.496,
    0.504,
    0.5,
    0.499,
    0.506,
    0.503,
    0.498,
    0.501,
    0.497,
    0.505,
    0.502,
    0.499,
    0.5,
    0.496,
    0.504,
    0.507,
    0.498,
    0.501,
    0.499,
    0.503,
    0.505,
    0.496,
    0.502,
    0.498,
    0.5,
    0.506,
    0.499,
    0.503,
    0.504,
    0.497,
    0.501,
    0.5,
    0.498,
    0.505,
    0.496,
    0.507,
    0.502,
    0.499,
    0.503,
    0.506,
    0.497,
    0.5,
    0.498,
    0.504,
    0.501,
    0.496,
    0.505,
    0.507,
    0.5,
    0.498,
    0.499,
    0.503,
    0.506,
    0.497,
    0.502,
    0.501,
    0.496,
    0.505,
    0.504,
    0.498,
    0.5,
    0.499,
    0.507,
    0.503,
    0.496,
    0.501,
    0.502,
    0.499,
    0.505,
    0.497,
    0.504,
    0.506,
    0.498,
    0.5,
    0.496,
    0.503,
    0.501,
    0.499,
    0.507,
    0.504,
    0.498,
    0.502,
    0.496,
    0.5,
    0.505,
    0.499,
    0.501,
    0.503,
    0.497,
    0.506,
    0.498,
    0.5,
    0.504,
    0.499,
    0.502,
    0.496,
    0.505,
    0.507,
    0.498,
    0.501,
    0.497,
    0.503,
    0.5,
    0.496,
    0.504,
    0.506,
    0.499,
    0.502,
    0.501,
    0.498,
    0.505,
    0.497,
    0.5,
    0.503,
    0.499,
    0.506,
    0.504,
    0.496,
    0.501,
    0.498,
    0.502,
    0.507,
    0.499,
    0.5,
    0.497,
    0.503,
    0.505,
    0.496,
    0.506,
    0.501,
    0.498,
    0.504,
    0.5,
    0.499,
    0.502,
    0.497,
    0.505,
    0.503,
    0.496,
    0.507,
    0.501,
    0.499,
    0.5,
