{
  "model": "deepseek-ai/DeepSeek-V3.2-Exp",
  "distribution": "ChiSquare(df={df})",
  "mode": "batch_generation",
  "generation_time": 90.6867880821228,
  "statistics": {
    "requested_samples": 1000,
    "total_samples": 991,
    "deviation_pct": -0.8999999999999999,
    "unique_values": 991,
    "unique_rate": 100.0,
    "mean": 6.147307891019173,
    "std": 2.9754819681322036,
    "min": 0.26706,
    "max": 18.78623,
    "ks_statistic": 0.22716890720214644,
    "ks_pvalue": 1.9941727132740708e-45
  },
  "samples": [
    0.49005,
    10.26891,
    6.43254,
    1.56768,
    7.45032,
    3.11626,
    3.46222,
    6.14854,
    2.94503,
    10.38119,
    3.86526,
    12.49522,
    5.15026,
    2.02901,
    9.11385,
    8.42892,
    3.35663,
    4.93642,
    13.03725,
    5.34217,
    3.21137,
    9.33301,
    11.62938,
    3.89241,
    7.28241,
    8.27901,
    2.31584,
    4.46303,
    5.39852,
    0.44411,
    5.97289,
    4.66802,
    5.89501,
    7.31092,
    4.45115,
    7.22264,
    7.31277,
    10.02036,
    4.55256,
    3.96406,
    1.63269,
    9.19995,
    3.40962,
    0.70848,
    5.12853,
    7.91244,
    10.64273,
    7.08014,
    5.05278,
    6.00389,
    6.86871,
    8.05088,
    10.17039,
    4.15778,
    10.21832,
    0.85766,
    6.99707,
    9.50273,
    6.65244,
    4.79618,
    7.47292,
    2.78137,
    8.59111,
    3.38705,
    13.84754,
    7.23173,
    12.13114,
    7.3521,
    1.90117,
    8.70129,
    6.46767,
    3.97025,
    15.78017,
    8.86346,
    7.79189,
    5.25509,
    1.57672,
    4.83812,
    0.78225,
    8.73062,
    6.31617,
    3.29095,
    3.97996,
    5.14558,
    7.84651,
    5.1453,
    3.43854,
    6.3775,
    2.71892,
    2.57365,
    5.26558,
    15.0346,
    3.95715,
    4.39655,
    11.38527,
    6.79741,
    7.4725,
    5.15054,
    11.20401,
    1.99749,
    10.32267,
    3.77757,
    4.52219,
    3.46359,
    5.41089,
    6.74254,
    1.40327,
    11.90783,
    5.66253,
    7.67918,
    7.07158,
    5.60171,
    5.48154,
    7.51655,
    3.74976,
    6.4844,
    3.61858,
    3.04857,
    10.35467,
    12.18741,
    1.61907,
    6.38241,
    6.52283,
    7.62064,
    3.49094,
    6.37907,
    8.8634,
    4.54165,
    1.721,
    7.65485,
    3.59983,
    6.31958,
    8.23695,
    1.77375,
    3.52274,
    9.18728,
    7.60892,
    2.69259,
    3.84721,
    2.94134,
    10.45401,
    3.16875,
    2.81037,
    4.93813,
    1.89263,
    6.90925,
    9.59256,
    5.23904,
    10.3918,
    6.31953,
    4.3359,
    7.30024,
    7.27877,
    4.83373,
    3.22907,
    3.70089,
    4.99709,
    9.41487,
    2.43859,
    4.45735,
    10.38598,
    8.56504,
    5.34922,
    5.26359,
    6.35094,
    8.74198,
    3.62289,
    3.46072,
    4.12931,
    4.96876,
    0.6092,
    5.98194,
    13.00296,
    9.21427,
    7.42787,
    0.40178,
    6.52864,
    7.22892,
    5.00206,
    3.76508,
    2.84321,
    1.50761,
    1.08966,
    6.87654,
    1.83155,
    5.18289,
    3.59769,
    5.86117,
    6.82036,
    12.30523,
    8.16173,
    8.63721,
    1.13369,
    4.58294,
    2.45249,
    11.12623,
    9.9029,
    5.79262,
    4.58263,
    8.89049,
    6.56313,
    3.49518,
    2.47667,
    18.78623,
    4.34336,
    2.02012,
    5.13016,
    7.03666,
    3.83443,
    8.07683,
    8.2649,
    8.63353,
    8.64848,
    0.97466,
    5.46589,
    9.40906,
    0.58135,
    7.30949,
    7.65962,
    7.00665,
    2.94792,
    1.88686,
    2.29699,
    4.36742,
    8.02967,
    5.93233,
    11.59503,
    8.48084,
    7.7643,
    5.34075,
    5.71725,
    11.63198,
    3.63057,
    9.48512,
    1.50033,
    7.9932,
    15.00931,
    5.3931,
    5.69637,
    9.40592,
    2.52401,
    8.46866,
    6.68125,
    7.7925,
    7.58259,
    2.13046,
    7.14529,
    5.94348,
    9.21541,
    4.75448,
    4.98383,
    5.95213,
    9.68748,
    9.89581,
    6.42524,
    1.67307,
    3.78483,
    8.67263,
    8.37158,
    5.28965,
    8.46177,
    6.03709,
    1.39201,
    4.45268,
    3.0003,
    6.18229,
    5.17978,
    8.29634,
    2.69417,
    6.98138,
    8.44452,
    5.08233,
    4.2282,
    5.80841,
    7.10965,
    10.92572,
    3.64714,
    6.54187,
    2.0928,
    9.93034,
    2.73251,
    9.00841,
    2.21705,
    4.293,
    10.1402,
    7.48082,
    7.15794,
    7.90883,
    7.80044,
    8.26939,
    8.21352,
    6.03007,
    3.34721,
    5.63327,
    7.96946,
    4.67651,
    1.09047,
    5.09805,
    0.65473,
    2.77958,
    3.57552,
    5.90598,
    8.83551,
    4.80818,
    3.02421,
    9.58658,
    4.16207,
    6.01506,
    5.75666,
    5.33675,
    5.11086,
    4.37768,
    6.78421,
    7.68398,
    4.39066,
    7.79666,
    9.14729,
    4.62549,
    7.50045,
    2.10583,
    1.54142,
    4.23392,
    6.65188,
    6.69516,
    6.64734,
    3.29976,
    5.31798,
    2.50584,
    2.22067,
    9.97168,
    5.73925,
    3.43934,
    5.99455,
    7.91011,
    5.23129,
    4.19978,
    12.9875,
    10.35574,
    6.95404,
    5.93528,
    1.88769,
    3.00837,
    1.63205,
    3.34118,
    6.88573,
    3.69226,
    9.20164,
    7.66828,
    9.10046,
    1.46756,
    9.9898,
    7.14851,
    4.773,
    2.59229,
    5.46934,
    7.13002,
    9.97873,
    0.56822,
    3.95714,
    3.86576,
    12.05867,
    3.82192,
    6.31555,
    5.61998,
    1.79702,
    7.05307,
    8.29711,
    2.07999,
    3.77641,
    4.59461,
    2.49199,
    6.20299,
    5.81914,
    5.8233,
    1.37569,
    3.59433,
    10.15453,
    7.03974,
    5.67271,
    6.57957,
    5.67621,
    5.26703,
    3.87847,
    2.9756,
    6.88258,
    3.23505,
    1.21644,
    10.53762,
    9.11125,
    7.98493,
    9.63014,
    6.59445,
    0.97636,
    13.22111,
    5.46752,
    8.53716,
    2.34228,
    5.20997,
    13.28196,
    8.4855,
    11.74464,
    1.67448,
    5.23288,
    2.97554,
    8.37541,
    4.00463,
    4.05058,
    3.58104,
    2.77846,
    7.87091,
    5.93879,
    3.08971,
    9.84019,
    7.70624,
    6.2085,
    1.92218,
    7.67389,
    2.79579,
    3.68146,
    4.70964,
    4.21067,
    5.72386,
    7.91537,
    6.91382,
    9.09481,
    5.26862,
    7.05687,
    3.03689,
    6.31206,
    5.74202,
    5.5566,
    11.50788,
    6.51715,
    10.87963,
    1.17985,
    6.00088,
    5.64079,
    7.49081,
    6.31547,
    8.74371,
    6.43189,
    7.21183,
    1.26678,
    5.04594,
    17.14119,
    4.42749,
    6.74898,
    3.42384,
    3.57449,
    3.1022,
    5.65681,
    8.11675,
    12.57784,
    2.87862,
    8.20863,
    3.08942,
    6.09157,
    1.16849,
    7.17286,
    6.11168,
    7.99326,
    8.73592,
    5.60339,
    3.2493,
    2.67844,
    2.23849,
    2.71758,
    10.45529,
    6.94944,
    0.85631,
    2.95982,
    8.58991,
    5.00568,
    7.79389,
    7.45527,
    2.58891,
    7.63096,
    5.51913,
    9.84451,
    4.53657,
    2.78705,
    8.97404,
    3.88208,
    6.16378,
    9.43085,
    4.97794,
    4.07264,
    3.69476,
    1.28347,
    2.86485,
    5.51429,
    7.68075,
    8.71539,
    6.43004,
    7.74057,
    7.39781,
    7.7363,
    1.34925,
    9.45519,
    7.92674,
    12.94071,
    7.02872,
    12.50904,
    4.41418,
    9.613,
    8.78382,
    6.85332,
    4.35213,
    2.56673,
    3.1419,
    4.42037,
    3.17541,
    7.64771,
    7.06071,
    5.0869,
    9.90137,
    8.85274,
    1.95235,
    15.27859,
    5.73126,
    11.20038,
    1.57555,
    9.94836,
    3.46007,
    8.98736,
    6.32223,
    8.09333,
    0.9967,
    5.91493,
    9.82175,
    9.98551,
    9.43789,
    5.27283,
    1.44919,
    9.32584,
    11.00367,
    3.40263,
    3.28136,
    4.08901,
    10.50389,
    4.96547,
    1.74628,
    3.23096,
    3.31857,
    4.74732,
    6.43345,
    4.45794,
    7.43515,
    7.80184,
    8.90712,
    6.48246,
    4.12484,
    11.41507,
    8.89917,
    8.99084,
    7.03876,
    8.2897,
    10.45475,
    10.89424,
    4.22638,
    2.77602,
    5.11331,
    5.01544,
    8.70259,
    6.00563,
    7.82922,
    1.09691,
    0.26706,
    4.97171,
    7.87949,
    8.3006,
    5.95594,
    4.28413,
    7.68817,
