{
  "model": "google/gemma-3-27b-it",
  "distribution": "ChiSquare(df={df})",
  "mode": "batch_generation",
  "generation_time": 242.1852903366089,
  "statistics": {
    "requested_samples": 1000,
    "total_samples": 629,
    "deviation_pct": -37.1,
    "unique_values": 143,
    "unique_rate": 22.73449920508744,
    "mean": 6.530724529411765,
    "std": 3.6600092050324857,
    "min": 0.234567,
    "max": 13.789012,
    "ks_statistic": 0.2114808344621283,
    "ks_pvalue": 3.6667367435935405e-25
  },
  "samples": [
    1.157907,
    6.345821,
    2.478935,
    9.236054,
    0.876543,
    5.123487,
    11.07892,
    3.567123,
    7.890123,
    1.234567,
    4.689012,
    10.234567,
    2.890123,
    6.789012,
    8.123456,
    0.56789,
    3.901234,
    12.456789,
    5.789012,
    9.012345,
    1.901234,
    7.012345,
    4.234567,
    11.56789,
    2.123456,
    6.012345,
    8.789012,
    0.345678,
    5.345678,
    13.123456,
    4.890123,
    10.890123,
    2.56789,
    7.56789,
    3.890123,
    12.123456,
    5.123456,
    9.890123,
    1.678901,
    6.456789,
    4.56789,
    11.890123,
    3.234567,
    8.234567,
    0.901234,
    5.56789,
    13.456789,
    5.234567,
    10.56789,
    2.234567,
    7.234567,
    4.012345,
    11.901234,
    5.901234,
    9.56789,
    1.456789,
    6.890123,
    3.678901,
    12.789012,
    4.901234,
    10.123456,
    2.901234,
    7.901234,
    3.123456,
    11.345678,
    4.345678,
    8.56789,
    0.789012,
    5.890123,
    12.012345,
    4.678901,
    9.678901,
    2.345678,
    6.345678,
    4.456789,
    10.678901,
    3.789012,
    8.789012,
    0.234567,
    6.012345,
    13.789012,
    5.456789,
    10.345678,
    2.012345,
    7.012345,
    3.456789,
    11.678901,
    5.56789,
    9.345678,
    1.890123,
    6.678901,
    4.123456,
    12.345678,
    3.56789,
    8.345678,
    0.678901,
    5.789012,
    12.901234,
    4.890123,
    10.901234,
    2.678901,
    7.678901,
    3.901234,
    11.123456,
    6.345678,
    9.012345,
    1.234567,
    6.901234,
    3.234567,
    12.56789,
    5.456789,
    10.789012,
    2.456789,
    7.456789,
    4.56789,
    11.345678,
    5.678901,
    8.901234,
    1.012345,
    6.123456,
    3.890123,
    12.890123,
    4.678901,
    9.890123,
    2.789012,
    7.789012,
    3.012345,
    11.901234,
    4.123456,
    8.456789,
    0.456789,
    5.901234,
    13.345678,
    5.012345,
    10.012345,
    2.234567,
    7.234567,
    3.678901,
    11.890123,
    6.123456,
    9.789012,
    1.56789,
    7.012345,
    4.345678,
    12.123456,
    3.345678,
    8.678901,
    0.890123,
    5.678901,
    12.678901,
    5.234567,
    10.234567,
    2.345678,
    7.345678,
    4.012345,
    11.56789,
    6.012345,
    9.123456,
    1.123456,
    6.789012,
    3.123456,
    12.890123,
    4.789012,
    9.56789,
    2.56789,
    7.56789,
    3.234567,
    11.789012,
    5.345678,
    8.56789,
    0.901234,
    5.456789,
    13.012345,
    4.901234,
    10.678901,
    2.123456,
    7.123456,
    3.890123,
    11.234567,
    6.678901,
    9.234567,
    1.789012,
    6.456789,
    4.456789,
    12.012345,
    3.012345,
    8.012345,
    0.56789,
    5.56789,
    13.678901,
    5.123456,
    10.123456,
    2.012345,
    7.123456,
    3.56789,
    11.456789,
    5.901234,
    9.123456,
    1.456789,
    6.678901,
    4.234567,
    12.456789,
    3.456789,
    8.234567,
    0.789012,
    5.890123,
    12.345678,
    4.789012,
    10.789012,
    2.56789,
    7.678901,
    3.789012,
    11.789012,
    6.234567,
    9.012345,
    1.345678,
    6.345678,
    3.345678,
    12.234567,
    5.012345,
    10.234567,
    2.234567,
    7.345678,
    4.123456,
    11.678901,
    5.789012,
    8.901234,
    1.123456,
    6.123456,
    3.789012,
    12.56789,
    4.56789,
    9.789012,
    2.456789,
    7.456789,
    2.901234,
    11.345678,
    4.901234,
    8.345678,
    0.678901,
    5.678901,
    13.123456,
    5.123456,
    10.890123,
    2.123456,
    7.012345,
    3.901234,
    11.901234,
    6.456789,
    9.345678,
    1.678901,
    6.56789,
    4.012345,
    12.678901,
    3.234567,
    8.234567,
    0.345678,
    5.345678,
    13.456789,
    5.345678,
    10.456789,
    2.456789,
    7.456789,
    4.234567,
    10.345678,
    5.56789,
    9.123456,
    1.123456,
    6.234567,
    3.678901,
    12.678901,
    4.890123,
    9.890123,
    2.678901,
    7.890123,
    3.123456,
    11.789012,
    5.234567,
    8.678901,
    0.901234,
    5.456789,
    12.901234,
    4.901234,
    10.56789,
    2.345678,
    7.234567,
    3.890123,
    11.234567,
    6.012345,
    9.234567,
    1.56789,
    6.678901,
    4.345678,
    11.901234,
    3.56789,
    8.012345,
    0.456789,
    5.56789,
    13.234567,
    5.012345,
    10.345678,
    2.012345,
    7.123456,
    3.456789,
    11.56789,
    6.123456,
    9.345678,
    1.890123,
    6.345678,
    4.123456,
    12.345678,
    3.345678,
    8.345678,
    0.890123,
    5.56789,
    12.890123,
    4.890123,
    10.890123,
    2.234567,
    7.234567,
    3.901234,
    11.678901,
    6.234567,
    9.012345,
    1.234567,
    6.901234,
    3.123456,
    12.456789,
    5.345678,
    8.901234,
    0.56789,
    5.456789,
    13.123456,
    4.901234,
    10.123456,
    2.456789,
    7.012345,
    3.456789,
    11.56789,
    5.901234,
    8.56789,
    0.345678,
    6.456789,
    13.56789,
    5.234567,
    10.345678,
    1.901234,
    7.345678,
    3.678901,
    11.890123,
    5.890123,
    9.56789,
    1.012345,
    6.789012,
    3.890123,
    12.123456,
    4.56789,
    9.345678,
    2.789012,
    7.56789,
    3.012345,
    11.678901,
    4.789012,
    8.456789,
    0.678901,
    5.56789,
    13.345678,
    4.789012,
    10.890123,
    2.123456,
    7.456789,
    3.56789,
    11.345678,
    6.012345,
    8.901234,
    1.456789,
    6.234567,
    4.012345,
    12.012345,
    3.234567,
    8.012345,
    0.234567,
    5.456789,
    12.56789,
    4.789012,
    10.678901,
    2.789012,
    7.678901,
    3.789012,
    11.56789,
    5.678901,
    8.789012,
    0.890123,
    5.789012,
    13.789012,
    4.901234,
    10.456789,
    2.123456,
    7.234567,
    3.901234,
    11.901234,
    5.890123,
    9.234567,
    1.678901,
    6.456789,
    4.234567,
    12.234567,
    3.345678,
    8.56789,
    0.56789,
    5.345678,
    13.234567,
    5.012345,
    10.56789,
    2.56789,
    7.123456,
    3.678901,
    11.789012,
    6.345678,
    9.123456,
    1.345678,
    6.012345,
    3.56789,
    12.345678,
    4.901234,
    9.456789,
    2.890123,
    7.345678,
    3.123456,
    11.456789,
    5.456789,
    8.234567,
    0.789012,
    5.789012,
    12.789012,
    4.56789,
    10.56789,
    2.678901,
    7.678901,
    3.456789,
    11.234567,
    6.123456,
    8.890123,
    1.012345,
    6.456789,
    3.890123,
    12.678901,
    5.123456,
    9.678901,
    2.234567,
    7.345678,
    3.234567,
    11.345678,
    5.789012,
    8.56789,
    1.123456,
    6.345678,
    3.345678,
    12.012345,
    4.901234,
    8.901234,
    2.456789,
    7.123456,
    3.012345,
    11.123456,
    4.56789,
    8.123456,
    0.56789,
    5.234567,
    13.234567,
    5.123456,
    10.234567,
    2.234567,
    7.012345,
    3.789012,
    11.678901,
    5.901234,
    9.123456,
    1.789012,
    6.678901,
    4.345678,
    11.890123,
    3.456789,
    8.678901,
    0.901234,
    5.56789,
    12.890123,
    4.678901,
    10.345678,
    2.890123,
    7.456789,
    3.123456,
    11.56789,
    5.345678,
    8.345678,
    1.012345,
    6.123456,
    4.123456,
    12.234567,
    3.234567,
    8.123456,
    0.456789,
    5.789012,
    13.012345,
    5.234567,
    10.456789,
    2.012345,
    7.123456,
    3.890123,
    11.901234,
    6.234567,
    8.901234,
    1.56789,
    6.56789,
    4.234567,
    12.456789,
    3.56789,
    8.012345,
    0.789012,
    5.345678,
    13.345678,
    5.012345,
    10.678901,
    2.456789,
    7.234567,
    3.678901,
    11.901234,
    6.012345,
    8.789012,
    0.901234,
