{
  "model": "gpt-4o",
  "distribution": "ChiSquare(df={df})",
  "mode": "batch_generation",
  "generation_time": 33.525707721710205,
  "statistics": {
    "requested_samples": 1000,
    "total_samples": 909,
    "deviation_pct": -9.1,
    "unique_values": 853,
    "unique_rate": 93.83938393839384,
    "mean": 5.839640264026403,
    "std": 2.7560830528952347,
    "min": 0.611,
    "max": 16.373,
    "ks_statistic": 0.17296531200523252,
    "ks_pvalue": 2.991407330761586e-24
  },
  "samples": [
    2.776,
    3.284,
    4.988,
    10.071,
    5.24,
    6.378,
    4.36,
    5.52,
    3.276,
    0.953,
    1.289,
    9.817,
    1.139,
    2.758,
    3.333,
    6.044,
    3.281,
    5.464,
    6.6,
    5.627,
    3.431,
    5.052,
    3.651,
    3.86,
    6.46,
    5.273,
    3.135,
    7.705,
    8.406,
    1.158,
    8.532,
    2.736,
    8.358,
    4.652,
    8.029,
    4.091,
    5.171,
    8.609,
    6.303,
    8.486,
    2.243,
    5.603,
    1.795,
    6.93,
    4.676,
    3.362,
    12.335,
    10.719,
    4.264,
    5.353,
    1.957,
    8.076,
    6.312,
    1.692,
    7.211,
    7.017,
    4.653,
    5.867,
    4.888,
    5.721,
    9.288,
    4.168,
    2.543,
    7.859,
    2.537,
    11.496,
    4.341,
    7.081,
    3.87,
    6.945,
    2.706,
    3.072,
    4.249,
    4.333,
    14.114,
    4.017,
    3.06,
    12.282,
    3.197,
    8.914,
    5.298,
    4.91,
    5.264,
    4.677,
    4.895,
    7.831,
    2.204,
    5.656,
    6.194,
    6.449,
    4.162,
    10.15,
    1.786,
    5.486,
    7.669,
    5.2,
    3.251,
    3.873,
    6.095,
    3.892,
    8.546,
    13.494,
    6.789,
    5.43,
    3.021,
    3.748,
    7.139,
    9.733,
    5.934,
    3.431,
    4.223,
    7.652,
    7.678,
    2.508,
    4.849,
    5.255,
    10.522,
    5.891,
    1.14,
    12.239,
    9.477,
    13.542,
    4.128,
    2.118,
    2.984,
    4.202,
    14.284,
    2.585,
    4.886,
    3.768,
    5.052,
    10.899,
    3.761,
    9.526,
    2.951,
    5.346,
    3.637,
    4.847,
    4.295,
    5.628,
    5.541,
    4.069,
    6.422,
    3.322,
    4.023,
    7.606,
    2.528,
    6.897,
    4.539,
    4.441,
    3.908,
    14.764,
    3.634,
    10.139,
    2.009,
    7.408,
    9.68,
    6.181,
    2.279,
    11.361,
    12.35,
    3.111,
    8.215,
    9.708,
    1.96,
    5.985,
    11.518,
    3.149,
    3.023,
    7.54,
    6.652,
    5.789,
    2.801,
    5.863,
    8.909,
    9.407,
    4.52,
    5.537,
    2.718,
    7.345,
    2.454,
    7.549,
    7.679,
    6.603,
    6.987,
    4.121,
    7.409,
    5.821,
    2.179,
    3.295,
    4.155,
    3.408,
    6.272,
    2.292,
    3.451,
    3.308,
    8.828,
    2.824,
    5.288,
    10.245,
    1.663,
    7.845,
    4.321,
    5.72,
    3.168,
    1.099,
    5.983,
    9.761,
    4.613,
    5.318,
    6.442,
    3.66,
    3.552,
    7.361,
    6.088,
    7.019,
    5.212,
    3.148,
    7.779,
    4.679,
    9.145,
    5.124,
    9.52,
    5.422,
    13.583,
    3.807,
    4.666,
    1.957,
    5.959,
    6.737,
    7.601,
    10.633,
    6.604,
    6.361,
    6.062,
    7.648,
    10.565,
    6.965,
    5.986,
    14.473,
    8.487,
    9.475,
    9.945,
    5.277,
    10.202,
    7.176,
    2.648,
    8.006,
    5.794,
    4.452,
    7.381,
    2.07,
    10.592,
    14.621,
    4.191,
    3.807,
    2.986,
    2.7,
    2.174,
    8.957,
    3.683,
    5.879,
    3.729,
    5.964,
    9.375,
    7.629,
    4.949,
    3.552,
    5.805,
    9.15,
    10.941,
    8.672,
    3.939,
    8.098,
    8.193,
    2.07,
    4.011,
    4.107,
    3.789,
    3.697,
    8.788,
    11.134,
    6.647,
    3.853,
    0.667,
    2.433,
    4.155,
    2.406,
    11.155,
    3.276,
    7.56,
    3.154,
    4.103,
    6.109,
    11.502,
    7.527,
    7.287,
    7.214,
    3.495,
    4.488,
    3.044,
    3.375,
    8.046,
    6.216,
    1.695,
    2.307,
    5.698,
    3.427,
    4.484,
    4.854,
    3.209,
    5.591,
    6.167,
    1.391,
    2.688,
    7.052,
    8.555,
    11.761,
    5.203,
    3.873,
    3.358,
    5.972,
    3.263,
    1.877,
    2.546,
    8.841,
    2.597,
    3.846,
    5.966,
    2.051,
    8.725,
    5.962,
    8.089,
    7.272,
    8.109,
    4.273,
    3.839,
    2.188,
    3.901,
    7.012,
    6.821,
    3.453,
    4.495,
    7.969,
    7.684,
    4.048,
    5.923,
    5.988,
    3.083,
    7.846,
    7.059,
    3.784,
    2.707,
    5.142,
    5.038,
    8.71,
    5.499,
    3.646,
    6.542,
    2.82,
    6.68,
    4.233,
    5.307,
    7.166,
    4.004,
    8.377,
    6.532,
    1.989,
    2.32,
    3.96,
    6.895,
    10.192,
    3.43,
    5.751,
    1.481,
    3.418,
    4.887,
    4.518,
    6.96,
    4.108,
    4.725,
    6.859,
    9.77,
    3.273,
    4.882,
    1.984,
    7.252,
    2.376,
    1.839,
    4.045,
    6.293,
    10.176,
    6.258,
    3.67,
    9.136,
    7.003,
    15.087,
    7.257,
    8.471,
    2.754,
    6.18,
    2.007,
    6.905,
    5.661,
    7.341,
    5.874,
    5.252,
    4.329,
    4.303,
    6.609,
    6.138,
    6.454,
    3.209,
    2.683,
    11.862,
    9.859,
    11.215,
    9.36,
    4.627,
    6.237,
    5.9,
    5.236,
    6.973,
    4.924,
    6.154,
    3.898,
    5.443,
    8.717,
    5.625,
    5.494,
    5.618,
    4.855,
    5.16,
    9.758,
    10.139,
    4.858,
    9.967,
    4.891,
    3.753,
    3.098,
    2.257,
    4.572,
    7.778,
    2.155,
    1.743,
    6.267,
    11.793,
    11.656,
    13.287,
    5.453,
    4.274,
    3.307,
    3.21,
    7.662,
    5.437,
    3.844,
    1.749,
    3.616,
    5.937,
    10.689,
    3.837,
    8.443,
    4.215,
    7.286,
    4.823,
    3.327,
    8.445,
    11.836,
    6.392,
    10.141,
    2.632,
    6.506,
    0.611,
    11.48,
    3.153,
    4.46,
    4.812,
    5.394,
    12.248,
    5.096,
    6.154,
    4.637,
    4.882,
    9.137,
    5.926,
    10.846,
    9.618,
    5.685,
    8.915,
    3.272,
    7.901,
    7.572,
    8.15,
    7.204,
    2.59,
    3.596,
    10.196,
    2.873,
    5.337,
    8.673,
    2.945,
    4.368,
    4.63,
    2.225,
    5.13,
    2.282,
    2.793,
    2.829,
    6.797,
    3.735,
    4.666,
    6.06,
    4.162,
    4.571,
    2.516,
    5.55,
    7.079,
    9.754,
    5.505,
    2.39,
    2.601,
    7.999,
    1.055,
    8.48,
    7.794,
    8.451,
    3.969,
    3.258,
    5.152,
    6.587,
    3.064,
    3.676,
    5.712,
    8.046,
    10.827,
    10.723,
    5.655,
    5.177,
    3.312,
    3.098,
    10.601,
    9.621,
    5.994,
    6.949,
    5.87,
    2.649,
    2.651,
    4.982,
    4.386,
    2.531,
    10.612,
    5.92,
    2.145,
    15.578,
    5.895,
    9.078,
    6.508,
    4.841,
    5.184,
    2.414,
    3.421,
    4.892,
    6.187,
    4.623,
    10.327,
    9.709,
    8.883,
    2.306,
    4.388,
    3.825,
    12.059,
    7.379,
    5.431,
    8.324,
    5.39,
    5.003,
    4.419,
    4.712,
    6.554,
    5.888,
    4.8,
    2.049,
    5.859,
    4.004,
    3.717,
    7.797,
    9.801,
    1.12,
    3.678,
    5.516,
    4.26,
    2.617,
    4.537,
    7.048,
    6.869,
    6.542,
    4.478,
    10.695,
    3.18,
    4.902,
    6.55,
    6.134,
    6.618,
    7.494,
    7.948,
    7.503,
    7.308,
    4.627,
    6.783,
    4.537,
    5.874,
    7.388,
    4.789,
    10.029,
    3.374,
    4.168,
    5.268,
    6.716,
    4.635,
    1.303,
    6.51,
    2.801,
    6.029,
    2.952,
    8.814,
    5.255,
    4.301,
    3.288,
    6.679,
    3.796,
    8.783,
    4.208,
    11.915,
    7.064,
    3.577,
    2.325,
    2.164,
    7.95,
    11.688,
    6.716,
    7.745,
    8.799,
    4.904,
    3.683,
    7.967,
    3.982,
    5.128,
    3.628,
    7.582,
    7.655,
    4.738,
    2.32,
    2.838,
    4.911,
    2.59,
    5.97,
    10.514,
    10.092,
    2.98,
    9.484,
    7.345,
    3.272,
    1.68,
    4.204,
    8.782,
    10.341,
    8.139,
    8.637,
    4.616,
    4.4,
    3.2,
    4.314,
    3.269,
    6.615,
    3.369,
    9.167,
    6.318,
    6.456,
    8.231,
    3.632,
    3.733,
    7.013,
    5.665,
