{
  "model": "meta-llama/Llama-4-Scout-17B-16E-Instruct",
  "distribution": "ChiSquare(df={df})",
  "mode": "batch_generation",
  "generation_time": 25.056811332702637,
  "statistics": {
    "requested_samples": 1000,
    "total_samples": 210,
    "deviation_pct": -78.9,
    "unique_values": 49,
    "unique_rate": 23.22274881516588,
    "mean": 4.891390476190476,
    "std": 2.8742728620685236,
    "min": 0.123,
    "max": 9.876,
    "ks_statistic": 0.10847369556782649,
    "ks_pvalue": 0.012872268961092254
  },
  "samples": [
    2.345,
    3.456,
    1.234,
    6.789,
    4.321,
    0.987,
    5.654,
    2.109,
    8.765,
    3.21,
    0.456,
    6.543,
    1.098,
    4.567,
    9.012,
    7.654,
    3.21,
    1.765,
    5.432,
    0.123,
    6.789,
    8.901,
    4.321,
    2.654,
    3.987,
    1.543,
    0.765,
    5.109,
    9.876,
    7.432,
    1.234,
    6.543,
    8.765,
    3.456,
    0.987,
    4.21,
    5.678,
    2.321,
    9.012,
    6.109,
    7.543,
    1.876,
    3.654,
    0.456,
    8.901,
    5.432,
    4.765,
    2.109,
    6.787,
    9.654,
    3.21,
    1.098,
    7.543,
    0.765,
    5.678,
    4.321,
    9.012,
    8.765,
    2.543,
    6.432,
    0.987,
    1.765,
    3.456,
    7.109,
    6.543,
    5.21,
    8.901,
    4.098,
    2.765,
    9.876,
    5.654,
    3.987,
    1.432,
    0.654,
    6.789,
    7.654,
    8.432,
    4.109,
    3.21,
    9.543,
    2.109,
    6.543,
    1.765,
    5.432,
    0.987,
    8.765,
    3.456,
    9.012,
    7.109,
    4.321,
    6.787,
    0.456,
    5.678,
    2.321,
    1.098,
    9.876,
    8.901,
    3.654,
    7.543,
    2.765,
    4.21,
    9.012,
    6.543,
    0.765,
    5.432,
    1.234,
    8.765,
    4.098,
    3.987,
    2.109,
    7.654,
    6.109,
    9.543,
    0.987,
    1.765,
    5.678,
    3.21,
    8.432,
    2.543,
    4.765,
    9.876,
    7.109,
    6.543,
    0.456,
    3.654,
    1.098,
    5.432,
    9.012,
    8.765,
    4.321,
    2.109,
    6.787,
    3.456,
    7.654,
    1.234,
    0.987,
    5.678,
    4.21,
    9.876,
    8.901,
    6.109,
    3.21,
    2.765,
    1.543,
    7.432,
    0.765,
    4.098,
    5.432,
    9.012,
    6.543,
    8.765,
    3.987,
    1.765,
    2.321,
    0.123,
    6.789,
    5.654,
    4.321,
    9.012,
    7.109,
    3.456,
    0.987,
    8.901,
    2.109,
    6.543,
    1.234,
    5.678,
    4.765,
    3.21,
    9.543,
    0.456,
    7.654,
    2.765,
    1.098,
    6.109,
    8.765,
    5.432,
    4.098,
    3.654,
    2.543,
    9.876,
    1.765,
    0.654,
    8.432,
    6.787,
    7.109,
    5.678,
    3.21,
    9.012,
    4.321,
    6.543,
    0.987,
    2.109,
    1.543,
    8.901,
    4.765,
    7.654,
    3.456,
    6.109,
    5.432,
    8.765,
    9.012,
    2.321,
    0.765,
    1.234,
    4.098,
    6.543,
    3.654,
    7.109,
    9.876
  ],
  "timestamp": "2025-11-23 13:52:14"
}