{
  "model": "mistralai/Mistral-Small-3.2-24B-Instruct-2506",
  "distribution": "ChiSquare(df={df})",
  "mode": "batch_generation",
  "generation_time": 95.32445287704468,
  "statistics": {
    "requested_samples": 1000,
    "total_samples": 611,
    "deviation_pct": -38.800000000000004,
    "unique_values": 36,
    "unique_rate": 5.88235294117647,
    "mean": 0.5174549918166939,
    "std": 0.30539922494902966,
    "min": 0.014,
    "max": 5.0,
    "ks_statistic": 0.9596895304856405,
    "ks_pvalue": 0.0
  },
  "samples": [
    5.0,
    0.217,
    0.014,
    0.543,
    0.387,
    0.762,
    0.452,
    0.91,
    0.623,
    0.345,
    1.102,
    0.887,
    0.234,
    0.654,
    0.89,
    0.123,
    0.789,
    0.432,
    0.998,
    0.567,
    0.333,
    0.645,
    0.121,
    0.456,
    0.787,
    0.343,
    0.655,
    0.987,
    0.211,
    0.3,
    0.87,
    0.456,
    0.765,
    0.234,
    0.543,
    0.987,
    0.345,
    0.654,
    0.233,
    0.89,
    0.567,
    0.123,
    0.456,
    0.789,
    0.345,
    0.678,
    0.234,
    0.901,
    0.567,
    0.234,
    0.789,
    0.456,
    0.123,
    0.654,
    0.345,
    0.789,
    0.234,
    0.567,
    0.89,
    0.345,
    0.654,
    0.234,
    0.789,
    0.456,
    0.123,
    0.654,
    0.345,
    0.789,
    0.234,
    0.567,
    0.89,
    0.345,
    0.654,
    0.234,
    0.789,
    0.456,
    0.123,
    0.654,
    0.345,
    0.789,
    0.234,
    0.567,
    0.89,
    0.345,
    0.654,
    0.234,
    0.789,
    0.456,
    0.123,
    0.654,
    0.345,
    0.789,
    0.234,
    0.567,
    0.89,
    0.345,
    0.654,
    0.234,
    0.789,
    0.456,
    0.123,
    0.654,
    0.345,
    0.789,
    0.234,
    0.567,
    0.89,
    0.345,
    0.654,
    0.234,
    0.789,
    0.456,
    0.123,
    0.654,
    0.345,
    0.789,
    0.234,
    0.567,
    0.89,
    0.345,
    0.654,
    0.234,
    0.789,
    0.456,
    0.123,
    0.654,
    0.345,
    0.789,
    0.234,
    0.567,
    0.89,
    0.345,
    0.654,
    0.234,
    0.789,
    0.456,
    0.123,
    0.654,
    0.345,
    0.789,
    0.234,
    0.567,
    0.89,
    0.345,
    0.654,
    0.234,
    0.789,
    0.456,
    0.123,
    0.654,
    0.345,
    0.789,
    0.234,
    0.567,
    0.89,
    0.345,
    0.654,
    0.234,
    0.789,
    0.456,
    0.123,
    0.654,
    0.345,
    0.789,
    0.234,
    0.567,
    0.89,
    0.345,
    0.654,
    0.234,
    0.789,
    0.456,
    0.123,
    0.654,
    0.345,
    0.789,
    0.234,
    0.567,
    0.89,
    0.345,
    0.654,
    0.234,
    0.789,
    0.456,
    0.123,
    0.654,
    0.345,
    0.789,
    0.234,
    0.567,
    0.89,
    0.345,
    0.654,
    0.234,
    0.789,
    0.456,
    0.123,
    0.654,
    0.345,
    0.789,
    0.234,
    0.567,
    0.89,
    0.345,
    0.654,
    0.234,
    0.789,
    0.456,
    0.123,
    0.654,
    0.345,
    0.789,
    0.234,
    0.567,
    0.89,
    0.345,
    0.654,
    0.234,
    0.789,
    0.456,
    0.123,
    0.654,
    0.345,
    0.789,
    0.234,
    0.567,
    0.89,
    0.345,
    0.654,
    0.234,
    0.789,
    0.456,
    0.123,
    0.654,
    0.345,
    0.789,
    0.234,
    0.567,
    0.89,
    0.345,
    0.654,
    0.234,
    0.789,
    0.456,
    0.123,
    0.654,
    0.345,
    0.789,
    0.234,
    0.567,
    0.89,
    0.345,
    0.654,
    0.234,
    0.789,
    0.456,
    0.123,
    0.654,
    0.345,
    0.789,
    0.234,
    0.567,
    0.89,
    0.345,
    0.654,
    0.234,
    0.789,
    0.456,
    0.123,
    0.654,
    0.345,
    0.789,
    0.234,
    0.567,
    0.89,
    0.345,
    0.654,
    0.234,
    0.789,
    0.456,
    0.123,
    0.654,
    0.345,
    0.789,
    0.234,
    0.567,
    0.89,
    0.345,
    0.654,
    0.234,
    0.789,
    0.456,
    0.123,
    0.654,
    0.345,
    0.789,
    0.234,
    0.567,
    0.89,
    0.345,
    0.654,
    0.234,
    0.789,
    0.456,
    0.123,
    0.654,
    0.345,
    0.789,
    0.234,
    0.567,
    0.89,
    0.345,
    0.654,
    0.234,
    0.789,
    0.456,
    0.123,
    0.654,
    0.345,
    0.789,
    0.234,
    0.567,
    0.89,
    0.345,
    0.654,
    0.234,
    0.789,
    0.456,
    0.123,
    0.654,
    0.345,
    0.789,
    0.234,
    0.567,
    0.89,
    0.345,
    0.654,
    0.234,
    0.789,
    0.456,
    0.123,
    0.654,
    0.345,
    0.789,
    0.234,
    0.567,
    0.89,
    0.345,
    0.654,
    0.234,
    0.789,
    0.456,
    0.123,
    0.654,
    0.345,
    0.789,
    0.234,
    0.567,
    0.89,
    0.345,
    0.654,
    0.234,
    0.789,
    0.456,
    0.123,
    0.654,
    0.345,
    0.789,
    0.234,
    0.567,
    0.89,
    0.345,
    0.654,
    0.234,
    0.789,
    0.456,
    0.123,
    0.654,
    0.345,
    0.789,
    0.234,
    0.567,
    0.89,
    0.345,
    0.654,
    0.234,
    0.789,
    0.456,
    0.123,
    0.654,
    0.345,
    0.789,
    0.234,
    0.567,
    0.89,
    0.345,
    0.654,
    0.234,
    0.789,
    0.456,
    0.123,
    0.654,
    0.345,
    0.789,
    0.234,
    0.567,
    0.89,
    0.345,
    0.654,
    0.234,
    0.789,
    0.456,
    0.123,
    0.654,
    0.345,
    0.789,
    0.234,
    0.567,
    0.89,
    0.345,
    0.654,
    0.234,
    0.789,
    0.456,
    0.123,
    0.654,
    0.345,
    0.789,
    0.234,
    0.567,
    0.89,
    0.345,
    0.654,
    0.234,
    0.789,
    0.456,
    0.123,
    0.654,
    0.345,
    0.789,
    0.234,
    0.567,
    0.89,
    0.345,
    0.654,
    0.234,
    0.789,
    0.456,
    0.123,
    0.654,
    0.345,
    0.789,
    0.234,
    0.567,
    0.89,
    0.345,
    0.654,
    0.234,
    0.789,
    0.456,
    0.123,
    0.654,
    0.345,
    0.789,
    0.234,
    0.567,
    0.89,
    0.345,
    0.654,
    0.234,
    0.789,
    0.456,
    0.123,
    0.654,
    0.345,
    0.789,
    0.234,
    0.567,
    0.89,
    0.345,
    0.654,
    0.234,
    0.789,
    0.456,
    0.123,
    0.654,
    0.345,
    0.789,
    0.234,
    0.567,
    0.89,
    0.345,
    0.654,
    0.234,
    0.789,
    0.456,
    0.123,
    0.654,
    0.345,
    0.789,
    0.234,
    0.567,
    0.89,
    0.345,
    0.654,
    0.234,
    0.789,
    0.456,
    0.123,
    0.654,
    0.345,
    0.789,
    0.234,
    0.567,
    0.89,
    0.345,
    0.654,
    0.234,
    0.789,
    0.456,
    0.123,
    0.654,
    0.345,
    0.789,
    0.234,
    0.567,
    0.89,
    0.345,
    0.654,
    0.234,
    0.789,
    0.456,
    0.123,
    0.654,
    0.345,
    0.789,
    0.234,
    0.567,
    0.89,
    0.345,
    0.654,
    0.234,
    0.789,
    0.456,
    0.123,
    0.654,
    0.345,
    0.789,
    0.234,
    0.567,
    0.89,
    0.345,
    0.654,
    0.234,
    0.789,
    0.456,
    0.123,
    0.654,
    0.345,
    0.789,
    0.234,
    0.567,
    0.89,
    0.345,
    0.654,
    0.234,
    0.789,
    0.456,
    0.123,
    0.654,
    0.345,
    0.789,
    0.234,
    0.567,
    0.89,
    0.345,
    0.654,
    0.234,
    0.789,
    0.456,
    0.123,
    0.654,
    0.345,
    0.789,
    0.234,
    0.567,
    0.89,
    0.345,
    0.654,
    0.234,
    0.789,
    0.456,
    0.123,
    0.654,
    0.345,
    0.789,
    0.234,
    0.567,
    0.89,
    0.345,
    0.654,
    0.234,
    0.789,
    0.456,
    0.123,
    0.654,
    0.345,
    0.789,
    0.234,
    0.567,
    0.89
  ],
  "timestamp": "2025-11-23 13:59:28"
}