{
  "model": "moonshotai/Kimi-K2-Instruct-0905",
  "distribution": "ChiSquare(df={df})",
  "mode": "batch_generation",
  "generation_time": 39.581828355789185,
  "statistics": {
    "requested_samples": 1000,
    "total_samples": 377,
    "deviation_pct": -62.3,
    "unique_values": 100,
    "unique_rate": 26.525198938992045,
    "mean": 3.2621591511936336,
    "std": 1.7254378587450687,
    "min": 0.123,
    "max": 7.123,
    "ks_statistic": 0.2580216912978581,
    "ks_pvalue": 1.2676985874811032e-22
  },
  "samples": [
    0.218,
    4.816,
    2.399,
    1.781,
    3.065,
    6.234,
    5.447,
    0.874,
    3.992,
    7.123,
    0.556,
    2.113,
    4.009,
    1.342,
    3.876,
    5.211,
    2.998,
    0.123,
    4.567,
    1.889,
    3.234,
    6.789,
    2.345,
    1.012,
    4.123,
    5.678,
    3.456,
    2.111,
    0.789,
    4.321,
    1.555,
    3.789,
    5.012,
    2.667,
    4.89,
    1.234,
    3.567,
    6.123,
    2.789,
    0.345,
    4.456,
    1.678,
    3.012,
    5.345,
    2.123,
    4.567,
    1.89,
    3.234,
    6.012,
    2.456,
    0.567,
    4.789,
    1.234,
    3.456,
    5.123,
    2.678,
    4.012,
    1.345,
    3.789,
    6.234,
    2.111,
    0.432,
    4.567,
    1.876,
    3.21,
    5.432,
    2.654,
    4.123,
    1.098,
    3.765,
    6.543,
    2.321,
    0.654,
    4.321,
    1.432,
    3.567,
    5.234,
    2.876,
    4.123,
    1.567,
    3.21,
    6.789,
    2.345,
    0.789,
    4.012,
    1.654,
    3.432,
    5.123,
    2.789,
    4.567,
    1.234,
    3.876,
    6.123,
    2.111,
    0.543,
    4.765,
    1.321,
    3.456,
    5.678,
    2.234,
    4.567,
    1.789,
    3.012,
    6.345,
    2.567,
    0.321,
    4.876,
    1.432,
    3.765,
    5.012,
    2.654,
    4.321,
    1.098,
    3.543,
    6.234,
    2.789,
    0.432,
    4.123,
    1.876,
    3.567,
    5.234,
    2.321,
    4.89,
    1.567,
    3.012,
    6.789,
    2.654,
    0.123,
    4.567,
    1.789,
    3.234,
    5.432,
    2.876,
    4.123,
    1.345,
    3.678,
    6.012,
    2.543,
    0.765,
    4.321,
    1.234,
    3.567,
    5.89,
    2.123,
    4.432,
    1.654,
    3.21,
    6.789,
    2.567,
    0.321,
    4.876,
    1.432,
    3.123,
    5.234,
    2.789,
    4.567,
    1.876,
    3.345,
    6.123,
    2.111,
    0.543,
    4.765,
    1.321,
    3.012,
    5.678,
    2.234,
    4.89,
    1.567,
    3.432,
    6.234,
    2.876,
    0.654,
    4.123,
    1.789,
    3.567,
    5.012,
    2.321,
    4.234,
    1.098,
    3.765,
    6.543,
    2.432,
    0.789,
    4.567,
    1.234,
    3.321,
    5.123,
    2.654,
    4.876,
    1.567,
    3.21,
    6.789,
    2.345,
    0.432,
    4.123,
    1.876,
    3.567,
    5.234,
    2.789,
    4.321,
    1.234,
    3.012,
    6.678,
    2.543,
    0.876,
    4.234,
    1.432,
    3.765,
    5.123,
    2.111,
    4.567,
    1.654,
    3.345,
    6.012,
    2.876,
    0.321,
    4.543,
    1.789,
    3.234,
    5.432,
    2.567,
    4.123,
    1.098,
    3.678,
    6.234,
    2.432,
    0.765,
    4.321,
    1.567,
    3.123,
    5.89,
    2.234,
    4.567,
    1.876,
    3.012,
    6.345,
    2.789,
    0.543,
    4.765,
    1.321,
    3.456,
    5.234,
    2.654,
    4.012,
    1.567,
    3.789,
    6.123,
    2.321,
    0.654,
    4.432,
    1.234,
    3.567,
    5.012,
    2.876,
    4.123,
    1.432,
    3.21,
    6.789,
    2.543,
    0.321,
    4.876,
    1.765,
    3.123,
    5.234,
    2.567,
    4.321,
    1.098,
    3.654,
    6.012,
    2.789,
    0.432,
    4.567,
    1.234,
    3.321,
    5.123,
    2.876,
    4.234,
    1.567,
    3.012,
    6.543,
    2.111,
    0.765,
    4.123,
    1.654,
    3.456,
    5.678,
    2.345,
    4.567,
    1.876,
    3.234,
    6.123,
    2.543,
    0.321,
    4.765,
    1.432,
    3.567,
    5.012,
    2.789,
    4.123,
    1.234,
    3.876,
    6.234,
    2.654,
    0.543,
    4.321,
    1.789,
    3.123,
    5.432,
    2.567,
    4.89,
    1.098,
    3.345,
    6.678,
    2.432,
    0.876,
    4.123,
    1.567,
    3.765,
    5.234,
    2.321,
    4.567,
    1.654,
    3.012,
    6.123,
    2.876,
    0.234,
    4.543,
    1.321,
    3.456,
    5.789,
    2.111,
    4.123,
    1.567,
    3.21,
    6.432,
    2.765,
    0.543,
    4.876,
    1.234,
    3.567,
    5.123,
    2.654,
    4.321,
    1.876,
    3.012,
    6.234,
    2.567,
    0.789,
    4.123,
    1.432,
    3.345,
    5.567,
    2.876,
    4.012,
    1.098,
    3.765,
    6.123,
    2.321,
    0.654,
    4.432,
    1.567,
    3.234,
    5.89,
    2.543,
    4.567,
    1.789,
    3.123,
    6.012,
    2.654,
    0.321,
    4.765,
    1.432,
    3.567,
    5.234,
    2.111,
    4.321,
    1.876
  ],
  "timestamp": "2025-11-23 14:00:10"
}