{
  "model": "openai/gpt-oss-120b",
  "distribution": "ChiSquare(df={df})",
  "mode": "batch_generation",
  "generation_time": 141.27005410194397,
  "statistics": {
    "requested_samples": 1000,
    "total_samples": 1000,
    "deviation_pct": 0.0,
    "unique_values": 858,
    "unique_rate": 85.8,
    "mean": 4.593715,
    "std": 2.5775250546177397,
    "min": 0.382,
    "max": 12.356,
    "ks_statistic": 0.0842704201124942,
    "ks_pvalue": 1.2586243061865414e-06
  },
  "samples": [
    4.572,
    6.018,
    2.341,
    9.215,
    3.812,
    5.607,
    1.983,
    8.434,
    7.251,
    4.019,
    0.947,
    12.356,
    3.145,
    5.889,
    2.761,
    6.974,
    10.212,
    1.254,
    4.689,
    3.332,
    7.805,
    0.623,
    9.472,
    5.119,
    2.055,
    8.921,
    3.687,
    6.403,
    4.257,
    1.739,
    7.11,
    2.884,
    5.942,
    9.033,
    3.211,
    0.382,
    6.587,
    4.9,
    2.176,
    8.045,
    5.332,
    1.517,
    7.639,
    3.905,
    6.128,
    2.94,
    9.716,
    4.571,
    0.827,
    5.443,
    3.298,
    7.274,
    2.531,
    6.851,
    9.189,
    1.064,
    4.3,
    8.212,
    2.719,
    5.814,
    3.021,
    7.938,
    1.483,
    6.259,
    4.892,
    2.11,
    9.456,
    5.007,
    0.954,
    7.321,
    3.676,
    6.413,
    2.845,
    8.537,
    4.204,
    1.732,
    9.041,
    3.958,
    5.639,
    2.189,
    6.713,
    4.456,
    0.681,
    7.822,
    3.354,
    5.178,
    2.498,
    8.903,
    4.613,
    1.219,
    6.33,
    3.759,
    9.305,
    2.644,
    5.411,
    1.903,
    7.112,
    3.13,
    6.477,
    2.931,
    8.22,
    4.039,
    1.567,
    7.689,
    3.842,
    5.904,
    2.271,
    9.513,
    4.758,
    0.945,
    6.328,
    3.115,
    7.402,
    2.674,
    5.221,
    1.83,
    8.957,
    4.311,
    0.512,
    6.741,
    3.958,
    7.119,
    2.438,
    5.667,
    1.289,
    9.184,
    4.532,
    0.706,
    6.013,
    3.421,
    7.846,
    2.095,
    5.389,
    1.564,
    8.473,
    4.2,
    0.839,
    6.592,
    3.257,
    7.331,
    2.761,
    5.904,
    1.125,
    9.023,
    4.617,
    0.943,
    6.21,
    3.802,
    7.149,
    2.384,
    5.731,
    1.568,
    8.294,
    4.115,
    0.682,
    6.847,
    3.591,
    7.402,
    2.059,
    5.341,
    1.453,
    9.667,
    4.389,
    0.731,
    6.104,
    3.923,
    7.058,
    2.714,
    5.219,
    1.979,
    8.538,
    4.026,
    0.814,
    6.311,
    3.47,
    7.626,
    2.332,
    5.876,
    1.383,
    9.21,
    4.552,
    0.945,
    6.702,
    3.158,
    7.064,
    2.588,
    5.633,
    1.724,
    8.107,
    4.319,
    0.587,
    6.459,
    3.721,
    7.223,
    2.14,
    5.907,
    1.319,
    9.487,
    4.696,
    0.856,
    6.138,
    3.845,
    7.529,
    2.702,
    5.412,
    1.842,
    8.395,
    4.108,
    0.671,
    6.857,
    3.294,
    7.082,
    2.479,
    5.618,
    1.264,
    9.341,
    4.568,
    0.938,
    6.423,
    3.701,
    7.147,
    2.592,
    5.833,
    1.457,
    8.674,
    4.212,
    0.742,
    6.157,
    3.859,
    7.318,
    2.367,
    5.294,
    1.805,
    9.029,
    4.37,
    0.672,
    6.994,
    3.598,
    7.042,
    2.816,
    5.721,
    1.376,
    8.256,
    4.099,
    0.911,
    6.312,
    3.129,
    7.587,
    2.024,
    5.847,
    1.632,
    9.184,
    4.541,
    0.785,
    6.051,
    3.964,
    7.215,
    2.458,
    5.132,
    1.904,
    8.789,
    4.382,
    0.658,
    6.723,
    3.286,
    7.034,
    2.679,
    5.415,
    1.512,
    9.603,
    4.229,
    0.937,
    6.145,
    3.578,
    7.421,
    2.189,
    5.784,
    1.267,
    8.932,
    4.511,
    0.842,
    6.398,
    3.22,
    7.159,
    2.756,
    5.349,
    1.874,
    9.271,
    4.664,
    0.653,
    6.212,
    3.941,
    7.047,
    2.338,
    5.981,
    1.507,
    8.415,
    4.197,
    0.937,
    6.589,
    3.754,
    7.312,
    2.613,
    5.437,
    1.834,
    9.102,
    4.29,
    0.721,
    6.378,
    3.119,
    7.629,
    2.174,
    5.688,
    1.453,
    8.547,
    4.038,
    0.995,
    6.822,
    3.402,
    7.113,
    2.731,
    5.271,
    1.892,
    9.384,
    4.516,
    0.658,
    6.147,
    3.896,
    7.258,
    2.004,
    5.941,
    1.319,
    8.173,
    4.291,
    0.734,
    6.509,
    3.172,
    7.642,
    2.587,
    5.403,
    1.654,
    9.025,
    4.701,
    0.822,
    6.254,
    3.579,
    7.108,
    2.317,
    5.816,
    1.431,
    8.699,
    4.129,
    0.961,
    6.842,
    3.248,
    7.453,
    2.845,
    5.219,
    1.783,
    9.367,
    4.382,
    0.706,
    6.119,
    3.912,
    7.035,
    2.529,
    5.674,
    1.298,
    8.415,
    4.057,
    0.845,
    6.371,
    3.146,
    7.82,
    2.193,
    5.938,
    1.657,
    9.124,
    4.289,
    0.938,
    6.492,
    3.785,
    7.263,
    2.437,
    5.102,
    1.842,
    8.647,
    4.169,
    0.692,
    6.208,
    3.954,
    7.509,
    2.714,
    5.376,
    1.539,
    9.211,
    4.603,
    0.825,
    6.734,
    3.287,
    7.132,
    2.045,
    5.819,
    1.671,
    8.365,
    4.498,
    0.912,
    6.143,
    3.672,
    7.298,
    2.389,
    5.247,
    1.953,
    9.084,
    4.152,
    0.764,
    6.589,
    3.821,
    7.614,
    2.572,
    5.331,
    1.457,
    8.932,
    4.279,
    0.987,
    6.212,
    3.456,
    7.048,
    2.803,
    5.69,
    1.736,
    9.417,
    4.361,
    0.653,
    6.983,
    3.229,
    7.375,
    2.158,
    5.842,
    1.284,
    8.54,
    4.715,
    0.938,
    6.407,
    3.617,
    7.21,
    2.493,
    5.268,
    1.923,
    9.056,
    4.182,
    0.724,
    6.132,
    3.954,
    7.489,
    2.625,
    5.713,
    1.381,
    8.253,
    4.098,
    0.857,
    6.728,
    3.284,
    7.132,
    2.917,
    5.349,
    1.642,
    9.317,
    4.591,
    0.792,
    6.143,
    3.867,
    7.025,
    2.174,
    5.981,
    1.709,
    8.642,
    4.311,
    0.945,
    6.389,
    3.512,
    7.287,
    2.648,
    5.432,
    1.254,
    9.21,
    4.176,
    0.823,
    6.751,
    3.194,
    7.618,
    2.511,
    5.759,
    1.987,
    8.435,
    4.302,
    0.758,
    6.192,
    3.846,
    7.054,
    2.376,
    5.684,
    1.432,
    9.347,
    4.258,
    0.891,
    6.112,
    3.579,
    7.263,
    2.147,
    5.791,
    1.658,
    8.527,
    4.139,
    0.734,
    6.842,
    3.313,
    7.408,
    2.693,
    5.442,
    1.981,
    9.005,
    4.621,
    0.652,
    6.247,
    3.728,
    7.124,
    2.041,
    5.673,
    1.275,
    8.364,
    4.487,
    0.917,
    6.391,
    3.146,
    7.532,
    2.833,
    5.219,
    1.694,
    9.281,
    4.356,
    0.788,
    6.12,
    3.659,
    7.045,
    2.196,
    5.876,
    1.535,
    8.712,
    4.102,
    0.953,
    6.699,
    3.281,
    7.317,
    2.459,
    5.341,
    1.821,
    9.164,
    4.415,
    0.679,
    6.532,
    3.924,
    7.208,
    2.713,
    5.985,
    1.394,
    8.245,
    4.231,
    0.842,
    6.38,
    3.567,
    7.082,
    2.048,
    5.463,
    1.952,
    9.631,
    4.518,
    0.733,
    6.267,
    3.814,
    7.159,
    2.385,
    5.792,
    1.727,
    8.497,
    4.134,
    0.956,
    6.842,
    3.139,
    7.423,
    2.671,
    5.214,
    1.468,
    9.083,
    4.287,
    0.814,
    6.149,
    3.752,
    7.036,
    2.942,
    5.618,
    1.389,
    8.941,
    4.366,
    0.923,
    6.328,
    3.497,
    7.182,
    2.157,
    5.742,
    1.867,
    9.014,
    4.149,
    0.672,
    6.745,
    3.826,
    7.301,
    2.534,
    5.319,
    1.532,
    8.497,
    4.271,
    0.789,
    6.158,
    3.942,
    7.053,
    2.207,
    5.981,
    1.744,
    9.357,
    4.603,
    0.847,
    6.29,
    3.687,
    7.401,
    2.499,
    5.643,
    1.382,
    8.273,
    4.119,
    0.945,
    6.817,
    3.254,
    7.165,
    2.781,
    5.298,
    1.659,
    9.214,
    4.355,
    0.732,
    6.112,
    3.895,
    7.328,
    2.111,
    5.774,
    1.499,
    8.632,
    4.281,
    0.876,
    6.459,
    3.216,
    7.029,
    2.647,
    5.381,
    1.825,
    9.058,
    4.172,
    0.819,
    6.374,
    3.942,
    7.214,
    2.305,
    5.939,
    1.607,
    8.48,
    4.102,
    0.954,
    6.791,
    3.358,
    7.532,
    2.178,
    5.716,
    1.394,
    9.327,
    4.258,
