{
  "model": "gpt-4o",
  "distribution": "Gaussian(mean=0, std=1)",
  "mode": "batch_generation",
  "generation_time": 47.44052982330322,
  "statistics": {
    "requested_samples": 1000,
    "total_samples": 855,
    "deviation_pct": -14.499999999999998,
    "unique_values": 739,
    "unique_rate": 86.4327485380117,
    "mean": 0.04931695906432748,
    "std": 0.8801598089830367,
    "min": -3.118,
    "max": 3.126,
    "ks_statistic": 0.06791642747565341,
    "ks_pvalue": 0.0007131230164283738
  },
  "samples": [
    0.469,
    -1.875,
    -0.964,
    -0.751,
    1.293,
    -0.438,
    0.019,
    0.653,
    1.045,
    -0.039,
    0.269,
    -0.564,
    0.592,
    1.641,
    0.26,
    0.168,
    -0.003,
    0.747,
    1.203,
    0.754,
    -1.418,
    -0.461,
    0.421,
    -0.978,
    -0.113,
    -1.159,
    -1.031,
    -1.98,
    -0.425,
    -0.813,
    0.008,
    -0.412,
    -0.282,
    -0.615,
    -0.147,
    0.956,
    0.349,
    1.546,
    -0.47,
    1.366,
    -1.301,
    0.712,
    0.224,
    -0.668,
    0.231,
    -0.878,
    0.313,
    -0.488,
    0.267,
    0.93,
    -0.534,
    -0.21,
    -0.598,
    0.446,
    -0.352,
    1.041,
    0.13,
    0.913,
    -0.245,
    0.105,
    -0.929,
    -0.515,
    -0.079,
    -0.446,
    -0.945,
    -0.005,
    0.194,
    0.278,
    0.717,
    -0.063,
    0.334,
    0.95,
    -1.141,
    -1.331,
    0.671,
    -1.021,
    1.021,
    -0.333,
    0.391,
    -0.424,
    -1.774,
    -0.286,
    -0.994,
    -0.949,
    -0.724,
    -0.193,
    -0.376,
    -0.77,
    0.109,
    0.71,
    -0.205,
    -0.267,
    -0.447,
    -0.243,
    1.199,
    -0.994,
    0.785,
    0.077,
    -0.76,
    0.656,
    -0.143,
    0.086,
    -1.044,
    -2.516,
    -1.308,
    0.354,
    -0.763,
    -0.635,
    0.948,
    0.83,
    0.699,
    0.982,
    0.636,
    0.834,
    1.112,
    -1.047,
    -0.325,
    -0.556,
    1.612,
    1.115,
    -0.165,
    0.698,
    0.225,
    -0.491,
    0.119,
    -0.355,
    -0.57,
    -0.143,
    -0.66,
    -0.216,
    -0.496,
    0.789,
    -0.031,
    -0.81,
    1.683,
    0.293,
    -1.27,
    -0.112,
    0.319,
    1.504,
    0.41,
    0.504,
    -0.535,
    1.28,
    -0.453,
    1.756,
    -0.48,
    0.015,
    1.924,
    -0.073,
    -1.108,
    -0.364,
    0.381,
    -0.663,
    0.258,
    -0.245,
    -1.853,
    0.759,
    -0.191,
    0.099,
    -0.54,
    -0.605,
    1.611,
    -0.641,
    0.626,
    0.293,
    -0.573,
    -0.191,
    -0.264,
    -2.122,
    1.137,
    -0.364,
    0.114,
    0.851,
    0.721,
    -0.434,
    -0.618,
    -0.863,
    0.367,
    -0.383,
    -1.314,
    1.594,
    -1.017,
    0.177,
    0.487,
    0.868,
    0.128,
    -0.483,
    0.632,
    1.179,
    -0.206,
    0.437,
    -0.021,
    0.476,
    0.239,
    -0.974,
    0.281,
    0.06,
    0.274,
    -1.309,
    0.264,
    0.975,
    -2.045,
    0.799,
    1.306,
    -0.432,
    1.494,
    -1.581,
    -0.081,
    -0.461,
    -0.996,
    1.039,
    -1.78,
    -0.525,
    2.309,
    0.656,
    -1.096,
    -0.321,
    0.569,
    -0.413,
    -0.244,
    0.612,
    -0.174,
    0.573,
    -0.789,
    -0.557,
    0.12,
    1.319,
    0.196,
    -0.115,
    0.958,
    -0.107,
    -0.166,
    0.24,
    -0.039,
    0.067,
    -0.215,
    0.458,
    2.063,
    -0.113,
    -0.388,
    -0.168,
    1.433,
    0.578,
    1.774,
    -0.338,
    -0.818,
    -0.153,
    0.373,
    0.786,
    1.001,
    -0.608,
    0.585,
    1.267,
    -2.825,
    -1.663,
    1.094,
    0.339,
    -0.125,
    0.496,
    -0.195,
    1.437,
    -0.483,
    -0.351,
    -0.651,
    1.81,
    -0.61,
    -1.038,
    1.149,
    0.963,
    -0.383,
    0.849,
    -0.434,
    1.42,
    -0.115,
    -0.021,
    -0.018,
    1.128,
    0.648,
    0.583,
    1.269,
    -0.552,
    -0.073,
    0.924,
    -0.316,
    -1.216,
    1.035,
    -0.781,
    0.008,
    0.082,
    0.358,
    0.021,
    -1.612,
    1.312,
    1.105,
    -0.969,
    -2.269,
    -0.476,
    0.16,
    1.005,
    2.237,
    0.186,
    0.926,
    -0.182,
    -0.209,
    0.657,
    0.806,
    -0.624,
    0.314,
    0.987,
    1.853,
    -0.905,
    -0.071,
    1.086,
    0.783,
    -0.584,
    0.336,
    -0.848,
    -0.347,
    0.063,
    2.574,
    -0.138,
    -0.158,
    0.08,
    0.839,
    0.025,
    0.15,
    0.518,
    2.009,
    -0.943,
    0.235,
    -0.481,
    -0.312,
    -1.01,
    0.046,
    -0.622,
    0.431,
    0.246,
    -1.326,
    0.225,
    0.804,
    0.376,
    0.524,
    -0.628,
    -1.967,
    -0.579,
    0.858,
    -0.939,
    0.743,
    -0.384,
    0.352,
    -0.219,
    0.7,
    -0.369,
    0.691,
    -0.985,
    -0.024,
    -1.092,
    0.446,
    0.767,
    0.165,
    -0.72,
    -0.272,
    0.022,
    1.214,
    -1.327,
    -0.674,
    -0.284,
    0.108,
    0.705,
    -1.13,
    -0.283,
    -0.149,
    -0.813,
    -0.559,
    0.628,
    1.725,
    0.886,
    0.178,
    0.451,
    -0.377,
    0.742,
    -0.661,
    -0.808,
    2.187,
    -0.1,
    -1.456,
    0.527,
    -1.275,
    0.028,
    -0.412,
    2.269,
    -0.677,
    0.766,
    1.121,
    -0.043,
    0.409,
    0.22,
    0.416,
    -0.223,
    -0.504,
    0.13,
    2.188,
    -0.01,
    1.072,
    0.37,
    0.816,
    0.997,
    -0.454,
    -1.244,
    1.066,
    -0.033,
    -0.327,
    0.919,
    0.706,
    0.336,
    -0.819,
    0.283,
    -0.831,
    0.798,
    0.184,
    -0.564,
    -2.324,
    0.587,
    1.658,
    -0.732,
    0.859,
    -1.251,
    -0.07,
    -1.386,
    1.043,
    1.16,
    -0.134,
    0.383,
    -0.742,
    -0.453,
    0.417,
    0.124,
    -0.912,
    -0.203,
    2.06,
    0.206,
    0.355,
    -2.44,
    -0.134,
    -1.027,
    0.311,
    0.418,
    -1.328,
    2.025,
    -0.133,
    0.328,
    0.534,
    0.874,
    -0.864,
    0.583,
    -0.931,
    0.336,
    0.793,
    0.715,
    -0.828,
    -1.582,
    0.264,
    0.641,
    0.499,
    0.185,
    1.011,
    -0.75,
    0.727,
    0.555,
    -0.368,
    -1.44,
    -1.042,
    0.512,
    0.143,
    -1.083,
    0.765,
    1.872,
    0.03,
    -0.343,
    1.292,
    -0.391,
    0.303,
    0.105,
    -0.525,
    0.446,
    -2.111,
    -0.618,
    -0.315,
    -0.018,
    1.009,
    0.196,
    0.903,
    0.302,
    0.682,
    -0.22,
    0.171,
    0.846,
    0.795,
    -0.473,
    0.854,
    -0.112,
    -0.272,
    0.854,
    0.249,
    0.05,
    -1.244,
    1.404,
    -0.499,
    -1.94,
    1.124,
    2.269,
    -0.823,
    -0.307,
    1.055,
    0.063,
    0.008,
    -0.328,
    -0.809,
    -0.327,
    1.051,
    0.399,
    -1.264,
    0.209,
    3.126,
    -0.292,
    0.902,
    1.598,
    0.047,
    0.087,
    1.898,
    0.656,
    -0.044,
    -0.021,
    -0.798,
    -0.648,
    0.778,
    -0.692,
    0.49,
    0.721,
    0.898,
    -0.684,
    -0.665,
    0.583,
    -1.391,
    -0.147,
    0.457,
    0.051,
    0.789,
    0.75,
    0.142,
    -0.49,
    -0.334,
    1.722,
    -0.414,
    -0.524,
    0.445,
    0.803,
    0.066,
    0.485,
    1.194,
    0.782,
    1.243,
    0.122,
    0.966,
    -0.769,
    0.526,
    -0.101,
    0.528,
    -0.501,
    0.234,
    0.149,
    0.41,
    0.19,
    -0.272,
    0.482,
    1.172,
    0.807,
    0.511,
    0.206,
    -0.422,
    -0.897,
    0.573,
    -1.119,
    0.661,
    0.008,
    -0.285,
    -0.931,
    0.226,
    1.964,
    2.879,
    -1.853,
    0.057,
    -0.475,
    -0.599,
    -0.579,
    0.833,
    0.503,
    0.26,
    1.679,
    -1.185,
    -1.315,
    -0.235,
    -0.637,
    0.715,
    0.46,
    0.786,
    -0.217,
    1.878,
    -0.088,
    0.81,
    1.592,
    -0.899,
    -0.256,
    1.011,
    0.923,
    -0.118,
    -0.44,
    -0.293,
    0.096,
    0.532,
    -0.415,
    1.266,
    -0.636,
    -0.013,
    -1.688,
    -0.054,
    -1.059,
    -1.743,
    -0.058,
    0.271,
    1.722,
    0.105,
    0.351,
    -0.936,
    -0.35,
    -0.428,
    -0.422,
    0.374,
    0.314,
    0.312,
    0.194,
    -0.023,
    0.472,
    -0.147,
    -0.544,
    0.361,
    0.51,
    -0.187,
    0.226,
    0.364,
    -0.047,
    1.833,
    0.279,
    0.023,
    -0.61,
    -0.113,
