{
  "model": "openai/gpt-oss-120b",
  "distribution": "Gaussian(mean=0, std=1)",
  "mode": "batch_generation",
  "generation_time": 186.73723649978638,
  "statistics": {
    "requested_samples": 1000,
    "total_samples": 461,
    "deviation_pct": -53.900000000000006,
    "unique_values": 220,
    "unique_rate": 47.722342733188725,
    "mean": 0.01127982646420827,
    "std": 0.6640091423257242,
    "min": -1.88,
    "max": 2.01,
    "ks_statistic": 0.11987230896853156,
    "ks_pvalue": 3.138188542635055e-06
  },
  "samples": [
    -0.23,
    0.87,
    -1.45,
    0.31,
    -0.98,
    1.12,
    -0.56,
    0.04,
    1.78,
    -0.32,
    0.65,
    -1.09,
    0.22,
    -0.71,
    1.33,
    -0.04,
    0.99,
    -0.85,
    0.17,
    -0.12,
    1.56,
    -1.24,
    0.48,
    -0.66,
    2.01,
    -0.39,
    0.77,
    -1.63,
    0.55,
    -0.91,
    1.07,
    -0.28,
    0.34,
    -1.88,
    0.09,
    -0.73,
    1.44,
    -0.02,
    0.63,
    -1.12,
    0.27,
    -0.49,
    1.89,
    -0.57,
    0.11,
    -0.94,
    0.86,
    -0.33,
    0.02,
    -1.31,
    0.94,
    -0.68,
    0.38,
    -0.07,
    1.19,
    -0.25,
    0.71,
    -0.99,
    0.45,
    -0.14,
    1.02,
    -0.81,
    0.19,
    -0.56,
    0.84,
    -1.22,
    0.03,
    -0.37,
    0.6,
    -0.78,
    1.27,
    -0.05,
    0.9,
    -1.05,
    0.31,
    -0.62,
    0.48,
    -1.37,
    0.21,
    -0.84,
    0.69,
    -0.13,
    1.35,
    -0.47,
    0.58,
    -0.92,
    0.15,
    -0.26,
    1.08,
    -0.71,
    0.33,
    -0.44,
    0.97,
    -0.03,
    0.56,
    -1.14,
    0.27,
    -0.59,
    0.82,
    -0.9,
    0.12,
    -0.85,
    1.41,
    -0.27,
    0.69,
    -1.03,
    0.24,
    -0.58,
    1.09,
    -0.31,
    0.53,
    -0.77,
    1.26,
    -0.42,
    0.15,
    -0.66,
    0.98,
    -0.09,
    0.37,
    -1.2,
    0.44,
    -0.53,
    1.07,
    -0.18,
    0.62,
    -0.81,
    0.29,
    -0.95,
    1.33,
    -0.07,
    0.71,
    -0.64,
    0.08,
    -1.11,
    0.55,
    -0.2,
    0.84,
    -0.36,
    0.13,
    -0.58,
    1.05,
    -0.24,
    0.67,
    -0.79,
    0.31,
    -0.92,
    1.18,
    -0.05,
    0.49,
    -0.61,
    0.22,
    -1.03,
    0.76,
    -0.33,
    0.9,
    -0.12,
    0.38,
    -0.71,
    1.0,
    -0.44,
    0.57,
    -0.28,
    0.11,
    -0.96,
    0.63,
    -0.17,
    0.85,
    -0.53,
    0.2,
    -0.84,
    1.29,
    -0.09,
    0.41,
    -0.67,
    0.03,
    -1.02,
    0.74,
    -0.31,
    0.58,
    -0.46,
    0.17,
    -0.89,
    1.12,
    -0.22,
    0.65,
    -0.54,
    0.08,
    -1.15,
    0.39,
    -0.71,
    0.94,
    -0.03,
    0.47,
    -0.6,
    0.25,
    -0.88,
    1.04,
    -0.17,
    0.52,
    -0.34,
    0.58,
    -1.07,
    0.22,
    -0.45,
    0.93,
    -0.18,
    0.31,
    -0.79,
    1.14,
    -0.06,
    0.49,
    -0.52,
    0.07,
    -1.2,
    0.84,
    -0.33,
    0.12,
    -0.68,
    0.95,
    -0.24,
    0.36,
    -0.91,
    1.03,
    -0.05,
    0.58,
    -0.72,
    0.19,
    -0.87,
    0.63,
    -0.14,
    0.8,
    -0.39,
    0.27,
    -0.66,
    1.1,
    -0.02,
    0.44,
    -0.55,
    0.13,
    -0.99,
    0.71,
    -0.28,
    0.56,
    -0.81,
    0.02,
    -0.74,
    0.87,
    -0.11,
    0.34,
    -0.93,
    0.47,
    -0.3,
    0.68,
    -0.56,
    0.09,
    -0.88,
    0.53,
    -0.23,
    0.76,
    -0.41,
    0.15,
    -0.97,
    0.62,
    -0.35,
    0.04,
    -0.82,
    0.99,
    -0.07,
    0.38,
    -0.69,
    0.25,
    -0.54,
    0.88,
    -0.12,
    0.46,
    -0.43,
    0.11,
    -0.95,
    0.7,
    -0.19,
    0.33,
    -0.78,
    0.57,
    -0.03,
    0.9,
    -0.64,
    0.2,
    -0.86,
    0.42,
    -0.31,
    0.05,
    -0.73,
    0.81,
    -0.1,
    0.27,
    -0.59,
    0.61,
    -0.26,
    0.73,
    -0.84,
    -0.15,
    0.68,
    -0.92,
    0.03,
    -0.47,
    1.12,
    -0.28,
    0.55,
    -0.79,
    0.21,
    -0.63,
    0.94,
    -0.04,
    0.37,
    -0.86,
    0.12,
    -0.51,
    0.78,
    -0.19,
    0.44,
    -0.7,
    0.06,
    -0.33,
    0.85,
    -0.22,
    0.59,
    -0.48,
    0.31,
    -0.95,
    0.07,
    -0.4,
    0.72,
    -0.11,
    0.53,
    -0.61,
    0.18,
    -0.84,
    0.25,
    -0.57,
    0.9,
    -0.02,
    0.41,
    -0.74,
    0.13,
    -0.36,
    0.97,
    -0.09,
    0.62,
    -0.27,
    0.48,
    -0.58,
    0.15,
    -0.8,
    0.34,
    -0.13,
    0.7,
    -0.05,
    0.88,
    -0.31,
    0.2,
    -0.66,
    0.99,
    -0.12,
    0.45,
    -0.39,
    0.02,
    -0.73,
    0.57,
    -0.21,
    0.82,
    -0.14,
    0.39,
    -0.5,
    0.11,
    -0.68,
    0.76,
    -0.03,
    0.23,
    -0.91,
    0.54,
    -0.24,
    0.36,
    -0.79,
    0.08,
    -0.45,
    0.83,
    -0.06,
    0.27,
    -0.62,
    0.95,
    -0.18,
    0.4,
    -0.53,
    0.19,
    -0.77,
    0.04,
    -0.88,
    0.71,
    -0.25,
    0.32,
    -0.09,
    0.57,
    -0.83,
    0.02,
    -0.36,
    1.05,
    -0.27,
    0.48,
    -0.71,
    0.19,
    -0.58,
    0.93,
    -0.01,
    0.41,
    -0.66,
    0.1,
    -0.52,
    0.8,
    -0.14,
    0.35,
    -0.78,
    0.06,
    -0.44,
    0.79,
    -0.03,
    0.52,
    -0.69,
    0.23,
    -0.85,
    0.04,
    -0.31,
    0.68,
    -0.12,
    0.47,
    -0.6,
    0.14,
    -0.73,
    0.82,
    -0.05,
    0.38,
    -0.9,
    0.11,
    -0.27,
    0.74,
    -0.08,
    0.33,
    -0.61,
    0.2,
    -0.46,
    0.95,
    -0.02,
    0.59,
    -0.34,
    0.07,
    -0.77,
    0.86,
    -0.09,
    0.3,
    -0.65,
    0.13,
    -0.4
  ],
  "timestamp": "2025-12-08 11:09:34"
}