{
  "model": "GPT-4o",
  "api": "OpenAI",
  "language": "English",
  "temperature": 1.0,
  "total_questions": 1000,
  "successfully_parsed": 1000,
  "parse_rate": 1.0,
  "elapsed_time_seconds": 88.887001,
  "distribution": {
    "A": 126,
    "C": 351,
    "B": 468,
    "D": 55
  },
  "percentages": {
    "A": 12.6,
    "B": 46.800000000000004,
    "C": 35.099999999999994,
    "D": 5.5
  },
  "timestamp": "2025-12-29T07:29:45.178644"
}