{
  "model": "deepseek-ai/DeepSeek-V3.2-Exp",
  "distribution": "Laplace(loc={loc}, scale={scale})",
  "mode": "independent_requests",
  "requested_samples": 1000,
  "generation_time": 654.3941473960876,
  "statistics": {
    "total_samples": 997,
    "failed_requests": 3,
    "unique_values": 975,
    "unique_rate": 97.79338014042126,
    "mean": 6.9370190728818955,
    "std": 201.09029017859214,
    "min": -4.241899,
    "max": 6295.0,
    "ks_statistic": 0.46280534689789016,
    "ks_pvalue": 5.01830219444601e-196
  },
  "samples": [
    -1.63592,
    -0.847649520137659,
    -0.84729836,
    -0.89816305,
    -1.209969,
    -1.8209005373741045,
    -1.284126,
    -1.201725939176,
    0.824371,
    -0.463098,
    -0.7583,
    -0.567,
    -0.783610586955,
    -2.3110234757,
    -1.444728,
    -0.7490177855,
    -0.230761,
    -0.4460738737480021,
    2.4379815,
    -0.6215,
    -1.412357,
    -0.181,
    -0.1516312347,
    -0.8372,
    -2.114572,
    -0.8496393927890703,
    -1.127943,
    -0.6418438355,
    -1.148287759163,
    5.28174,
    -0.31,
    -1.373572,
    -0.74312,
    -0.1872637539,
    -0.856431,
    1.214,
    -1.592342,
    -0.505505,
    -0.69425079,
    -1.174356,
    -0.191540482,
    -1.036299,
    -0.8907518588406225,
    -1.6420826343024937,
    -0.216716634,
    -1.1586089418,
    -0.5396,
    -2.071508,
    -0.79395278,
    -2.3083,
    -0.734045,
    -0.045329833275,
    -2.563782,
    -0.8374,
    -1.895367,
    -0.586956,
    0.0,
    -0.66252,
    -1.614,
    -0.751,
    -0.3658,
    -1.3991374,
    -0.657841,
    0.0,
    -0.232947,
    -0.9274,
    -0.9314,
    -1.378438461,
    -0.5706,
    -0.17763,
    -0.4523,
    -1.6401807959026145,
    -2.134717,
    -0.6928,
    -0.7902,
    -0.075539,
    -2.347792,
    -0.376837,
    6.286273,
    -0.6094,
    -1.205,
    -0.784973422,
    -0.47352,
    -0.78367219424,
    -0.174533,
    2.17349,
    -0.497438,
    -0.541,
    -1.248365,
    -1.23792,
    -0.632368381611,
    -0.2522637129,
    0.9574,
    -0.56984125582,
    -2.262516,
    -1.851,
    -0.7703,
    -0.343665,
    -0.865,
    -1.177,
    -0.92781,
    0.0,
    -0.643758,
    -1.1864907,
    -0.538,
    -0.28649,
    -2.7793,
    -0.987654321,
    -0.8016,
    0.0,
    -0.8734,
    -0.8477009,
    -1.634,
    -1.202659,
    -0.573215,
    -0.737,
    -0.39533,
    -1.0643,
    1.671,
    -0.5098,
    -0.758484,
    -1.0873,
    -0.454935,
    -2.5723,
    -0.762,
    -1.467735,
    -0.783,
    -1.897,
    -0.2178,
    -0.1783,
    -0.9382,
    -0.17,
    -1.467,
    -1.1192934908372105,
    -2.375193,
    -0.297516472629384,
    -1.2147,
    -0.5836280428505954,
    -0.6725946417,
    -1.9574,
    -0.216772,
    -0.951782981,
    -0.923,
    -2.3772,
    -1.645415309779,
    -0.2708,
    -1.3709707435600276,
    -1.37745,
    -1.878264,
    -0.266856,
    -1.412683571,
    -0.7345,
    -3.084,
    0.453562782483,
    -0.138487,
    -1.013840231851,
    -0.2457,
    -0.42649931298898136,
    -0.1357,
    -0.67880115,
    -1.115,
    -0.691,
    -0.178960812,
    -0.761062,
    -0.376,
    -0.648567,
    -1.073239046,
    -1.581206915,
    -0.367712,
    -0.4381,
    -0.672364,
    -3.67363749,
    -0.5473968354,
    -3.135887472,
    -0.807,
    -0.732845,
    -0.865759,
    -0.7806,
    -1.747524,
    8.07375237074218,
    -0.41437,
    -0.438927,
    -1.898,
    -2.283,
    -1.513479,
    -1.9655697156099756,
    -0.87246,
    -0.74767,
    -0.6389421645657316,
    -0.937915,
    -1.0723,
    -3.159860704,
    -0.456,
    -0.576571748,
    -0.33261,
    -0.5626,
    -1.260386,
    -1.508,
    -0.5413,
    -2.293,
    -0.8506,
    -0.21763,
    -0.8662,
    -0.753942,
    -0.7644,
    -0.6667,
    0.8124,
    -0.663832,
    -3.860597507967,
    -0.983175,
    -0.637426487,
    -0.732381,
    -2.418817,
    -1.0722,
    -0.037628,
    -1.612247851388422,
    -0.82824,
    -0.545321,
    -0.3732,
    -0.4598246385,
    8.941,
    -0.318986,
    -0.586518,
    -0.6931,
    -0.608165,
    -0.163394,
    -0.7059,
    -0.8369085860121218,
    -1.264089245666,
    -0.758723,
    -1.231,
    -0.1405,
    -0.2745,
    -0.3323589,
    -1.2649,
    -1.238545,
    -0.9426917089438778,
    -0.723,
    -0.517248,
    -0.752316,
    -0.987731,
    -0.7521,
    4.331192021,
    -1.299,
    -0.835621,
    -1.72686,
    -2.1588638,
    -1.271183,
    -0.443986,
    -0.4207,
    -0.26794,
    -0.47,
    -0.5947,
    -0.37,
    -1.695464,
    -0.53847,
    -0.936586,
    -0.552,
    -0.43152,
    -0.483474,
    -1.767406,
    -2.1043,
    -0.17105,
    0.421462,
    -2.88536,
    -0.921845,
    -1.6659,
    -2.7615,
    -2.2096,
    -0.9435105249169637,
    -1.658379,
    -0.7996,
    -1.65279872,
    -1.375886938,
    -2.0040978,
    -1.183854178,
    -1.05102,
    0.836542,
    -1.372969385,
    -0.886057,
    -2.776766027038633,
    -0.572651,
    -0.289796,
    -1.801849,
    -0.530873,
    -1.10466,
    -0.27396448,
    -0.653,
    0.8795,
    -0.658310577,
    -0.2187,
    -2.035113369447255,
    -0.13142543,
    -0.44861559,
    -1.07259818,
    -0.28066073275438574,
    -0.9354717964543371,
    -1.5794304,
    -1.139827,
    -0.395261,
    -0.964363,
    -1.264788,
    -4.241899,
    -2.453474,
    -1.0570262,
    -0.12577688184795985,
    -0.8407,
    -0.354597,
    -2.1456,
    -0.1832,
    0.0,
    -1.2643,
    1.1690154,
    -2.284,
    -1.327438,
    -1.1653855617174473,
    0.0,
    -1.518294,
    -0.6921,
    0.757,
    -0.831874,
    -3.794802154989236,
    -0.3012,
    -0.573,
    -0.5334954,
    -1.93479,
    -2.692,
    -0.0491,
    -1.732,
    -0.8861881850550075,
    -0.835731329,
    -3.9816,
    -0.9578,
    -1.233659,
    -0.226,
    -1.6472,
    -1.436,
    -0.861463674787,
    -1.237491236,
    -0.4807460991,
    -1.755477,
    -0.63188,
    -0.334832,
    -1.0376,
    -0.8238,
    -1.926103528,
    -0.845,
    1.037,
    -0.742,
    -0.590428,
    -0.538061078436556,
    -2.4006,
    -1.213475,
    -0.645,
    -0.309837,
    -0.927682,
    -0.5736428947,
    -0.912342514,
    -0.326,
    -2.2783,
    -0.557,
    -4.05,
    2.661258936,
    -0.7713,
    -1.884,
    -1.5137,
    -0.69,
    -1.247,
    -0.767978,
    0.49128437655787444,
    -0.35771,
    -0.957429,
    -1.518103,
    -0.2842103814,
    -1.82784,
    -0.874321,
    -1.237496,
    9.045857,
    0.357791,
    -0.56490518,
    -0.379,
    1.3176,
    -1.006954,
    -0.321,
    -0.3572,
    -0.4279508346114628,
    0.6476,
    -0.283921,
    -0.5374,
    -1.936084,
    -1.356238,
    -0.3175,
    -0.858017,
    -2.338471,
    -0.682362,
    -1.132,
    -1.264374,
    4.1043,
    -0.8379,
    -0.8781,
    -1.324683,
    -0.4173,
    -0.1695,
    -1.081346,
    -0.57804938,
    -0.675730409,
    -2.109893,
    0.0,
    -0.282328,
    -1.29743805977561,
    -0.93742,
    -0.485261,
    -1.34272196,
    -0.783,
    -1.204714,
    -0.6129,
    -0.756,
    3.485931,
    -1.8334,
    -0.61248,
    -1.217683,
    4.65,
    -1.730844,
    -1.63,
    1.23415,
    -0.639381,
    -0.693262839,
    -0.336289,
    -0.6102,
    -2.923,
    -0.642524354593,
    -0.95,
    -0.421935,
    0.688498,
    -0.226,
    -1.052754,
    -1.167243610874255,
    -1.8046599399800114,
    -0.82674875,
    -0.8834,
    5.692509,
    -1.6447,
    3.916278321,
    -0.17521,
    4.175582,
    -1.9643631832530546,
    -0.8853,
    -0.795455,
    -1.564071,
    -1.5955712689898167,
    -1.753,
    -0.7593,
    -2.036012057392273,
    -0.2564,
    2.8653,
    -0.2573,
    -1.9326592058104763,
    -0.461464,
    -1.172853,
    -0.5473,
    -0.73898,
    -0.548633,
    2.414,
    -0.6247,
    -0.311459,
    -1.844368,
    -0.653170418,
    -0.63876,
    -1.26133,
    -2.736,
    -1.750246538,
    -2.9977384562,
    -0.162495774,
    -0.693,
    -1.883099375,
    -0.946937,
    -0.6439,
    0.331539,
    -2.0982,
    -0.5823,
    -0.6795,
    -0.592434853,
    -0.237716,
    3.189249,
    -0.55682,
    -1.0916,
    0.8734,
    -1.0628,
    -1.119265705574235,
    -0.652374,
