{
  "model": "google/gemma-3-27b-it",
  "distribution": "Laplace(loc={loc}, scale={scale})",
  "mode": "independent_requests",
  "requested_samples": 1000,
  "generation_time": 697.1184141635895,
  "statistics": {
    "total_samples": 1000,
    "failed_requests": 0,
    "unique_values": 671,
    "unique_rate": 67.10000000000001,
    "mean": 0.17949837976912453,
    "std": 0.5659789072783857,
    "min": -1.3782876,
    "max": 1.2876,
    "ks_statistic": 0.36454061132947224,
    "ks_pvalue": 1.3082430605753754e-119
  },
  "samples": [
    0.234892,
    -0.872345,
    0.2837,
    0.234893,
    0.2589803,
    0.234898,
    0.234891,
    0.7845923654876346,
    0.872356,
    0.8167997772717435,
    0.234892,
    0.3492857139612774,
    -0.482926,
    0.87654321,
    0.234567,
    0.234876,
    -0.4817537917969358,
    0.832987,
    0.8276683847280487,
    0.234897,
    0.837297,
    -0.873294,
    0.38275,
    -0.48561974798,
    0.852371984,
    -0.85738,
    0.234897,
    0.87654321,
    0.8375,
    0.348927,
    0.28768207245,
    -0.87235,
    0.23456789,
    0.812973,
    -0.428795,
    0.348274,
    0.238972,
    0.289531,
    -0.485949268,
    0.23456789,
    0.234567,
    0.82717829728,
    0.234892,
    -0.83927,
    0.234892,
    0.234892,
    0.348927,
    -0.48638733503481074,
    0.234567,
    0.87654321,
    0.2581989777204977,
    0.38271638,
    0.234892,
    0.817399,
    -0.87654321,
    0.482837,
    0.2876821079,
    1.2876,
    -0.7283698436977994,
    -0.481758,
    0.8293747692732576,
    0.28767,
    0.8173939475830094,
    0.482375949,
    0.28971377,
    0.235789,
    0.25687013947,
    0.81727571295,
    0.487975,
    -0.852764238,
    0.893700736,
    0.285479,
    0.789234567,
    -0.4828611946603446,
    0.234893,
    -0.87235,
    0.823678,
    0.234892,
    0.234893,
    0.234567,
    0.237892,
    0.829875,
    0.234875,
    -0.4826149494578927,
    0.718281828459045,
    0.2581988897471611,
    0.287682,
    -0.4817575938147494,
    0.8297987110564651,
    0.82987,
    -0.872345,
    0.234987,
    0.839274,
    0.874231,
    0.8172365935,
    0.348273959,
    0.287679,
    -0.48283137,
    0.34829,
    0.8197420531842116,
    -0.481751,
    -0.872356,
    0.8391716349733362,
    -0.895723,
    0.234893,
    0.28769412,
    0.6823749275,
    0.2876828,
    -0.872356,
    0.234893,
    -0.872305,
    0.234876,
    -0.87231,
    -0.892378,
    0.2875,
    0.28768210119,
    -0.482831,
    0.78239473,
    0.4829366539,
    0.3489276152,
    0.234567,
    0.817392,
    0.789234,
    0.23456789,
    0.28768210603,
    -0.873542,
    0.28767,
    0.823058,
    -0.48283137323,
    0.234892,
    0.23456789,
    0.23579476743481748,
    0.827491,
    0.2876821937472657,
    0.234567,
    0.298763,
    -0.4812837739368655,
    0.857329,
    0.234875,
    -0.872233,
    0.285173,
    0.234567,
    0.234567,
    0.234876,
    0.23456789,
    0.821728,
    -0.825719,
    0.234567,
    -0.872933,
    0.237886,
    -0.48177918576,
    0.837291,
    0.2876821,
    0.8237492,
    0.817392,
    0.234892,
    0.48293739,
    0.82743829,
    0.839279,
    0.8128734673,
    0.23489347263,
    0.2876820947959916,
    -0.893478,
    0.817233,
    0.234567,
    -0.87235,
    0.234567,
    0.256897,
    0.234778,
    0.287645,
    0.48293746,
    0.481918,
    0.829768,
    0.234567,
    -0.4867399,
    0.287682,
    -0.827945,
    -0.87342927863,
    0.234892,
    -0.478299399,
    0.234567,
    0.823476,
    -0.8527527834967887,
    -0.48287345,
    0.482936575,
    -0.481577,
    0.234567,
    -0.873572,
    -0.3871,
    0.789234,
    0.28768213,
    0.832968,
    0.234893,
    0.4281817289,
    -0.8932179127494563,
    -0.48169936,
    0.2857142857142857,
    0.2876820961275506,
    0.87654321,
    0.23456,
    0.8237498624873957,
    0.239847,
    0.827496,
    0.253897,
    0.234892,
    0.832917,
    0.2837,
    -0.8172371962,
    0.8528793229976167,
    0.287482,
    -0.847285,
    0.23498276345,
    0.87654321,
    0.348927363578,
    -0.8293740487038854,
    0.234897,
    0.234567,
    0.23456789,
    0.2876820961355567,
    0.34829,
    -0.872365,
    0.8276390138493877,
    0.234876,
    0.348765,
    0.234567,
    -0.483847,
    0.285739,
    0.283629,
    0.839274,
    -0.7824849984485468,
    -0.835973,
    0.234876,
    0.28763952567,
    0.23579476743481748,
    0.234892,
    -0.872153,
    0.3827491827469375,
    0.234892,
    0.832797,
    0.234893,
    0.234567,
    -0.8239816356404771,
    0.8235762916,
    0.234876,
    0.234892,
    -0.87235,
    0.873295746,
    -0.872356,
    0.837291,
    -0.798234,
    0.234876,
    0.8938790797184972,
    0.234876,
    0.234876,
    0.897522,
    -0.827693,
    0.829873,
    0.87654321,
    -0.378281457,
    -0.481872,
    0.8527991565191992,
    -0.837492,
    0.827998,
    0.8528796811210687,
    0.827892,
    -0.872345,
    0.234876,
    0.8297194538953546,
    0.428173836157964,
    -0.482792,
    0.357288,
    0.34827468186,
    0.837292,
    0.234758,
    0.812356789,
    -0.87235,
    0.485972,
    0.482739,
    0.235792,
    0.8147239125,
    0.8672198560086366,
    0.449877,
    -0.482738,
    0.23489283746,
    -0.87235,
    0.234897,
    0.812783677,
    -1.23456789,
    0.285179,
    0.28765,
    0.234892,
    0.235789,
    -0.48175275,
    -0.829786,
    0.3481927628,
    0.872153,
    0.28376,
    -0.789123456789,
    0.285669,
    -0.4783290294689643,
    -0.4781935738,
    0.812357,
    0.47829384726,
    0.348729,
    -0.482579,
    0.28764483,
    0.87654321,
    0.287675,
    0.87235,
    0.234876,
    0.68374915,
    0.358287,
    0.287682178955879,
    0.23456789,
    0.2857142857142857,
    0.234892,
    0.234567,
    0.7892345,
    0.827831,
    0.78154327639,
    0.234876,
    0.357892,
    0.481628,
    0.278482,
    0.789234,
    0.234892,
    0.234892,
    0.234567,
    0.287682154,
    0.287672395,
    0.3482917746798856,
    0.234567,
    0.871259,
    -0.857992546,
    0.348279,
    0.2357,
    -0.827944,
    0.8271787473447574,
    0.819232,
    0.798436,
    0.832907,
    0.285471,
    -0.872156,
    0.234892,
    0.8217833112146887,
    0.235798,
    -0.872345,
    0.28317758569,
    0.872311,
    0.8472839573271292,
    0.87654321,
    0.28377,
    0.8217089114772049,
    -0.872356,
    0.287675,
    0.234567,
    0.78923456,
    0.8372918685553946,
    0.2876821,
    0.2581988897471611,
    -0.8297828677783522,
    0.78954321,
    -0.4817437273317748,
    -0.827917,
    0.2857142857142857,
    0.234893,
    0.2587931365352997,
    0.234567,
    0.348892,
    0.234567,
    -0.872345,
    0.23456789,
    -0.478245,
    -0.872356,
    -0.876543,
    0.2953,
    0.8271839342765354,
    0.2876821678085183,
    -0.4782830229,
    0.23456789,
    0.8125776078874596,
    -0.481868,
    0.234879,
    0.87654321,
    0.817398,
    0.827177,
    -0.83729,
    0.34879223857,
    0.872356,
    0.827893,
    0.872135,
    0.876219,
    0.234567,
    0.845621,
    0.34829,
    0.235789,
    0.34817396045,
    -0.872345,
    0.821758,
    0.348672,
    0.234892,
    0.348291,
    -0.83729,
    -1.3782876,
    0.234892,
    0.234789,
    0.482739,
    0.872391741,
    0.29876,
    0.28763695387,
    0.234897,
    0.235789,
    0.38271911461,
    0.82798,
    0.234567,
    -0.817572,
    -0.872356,
    0.234879,
    -0.872345,
    -0.847392,
    0.2876821,
    0.23456789,
    0.234893,
    0.819735,
    0.872183,
    -0.8722813232653563,
    -0.87235,
    0.428167,
    0.583949785577408,
    0.28768217357,
    0.8279815390884913,
    0.23487,
    0.2837,
    0.4578932611,
    0.235798,
    -0.87358,
    0.3827189426034488,
    -0.487532,
    0.235789,
    0.823679,
    -0.481757,
    0.827599834,
    0.8172399961974177,
    -0.832917,
    0.2876821720246398,
    0.2876625,
    0.237884,
    0.234892,
    0.234892,
    -0.4817781771749744,
    -0.486993923,
    0.492378,
    0.87654321,
    0.832761,
    0.23456789,
    0.245739,
    0.3871,
    0.827981,
