{
  "model": "openai/gpt-oss-120b",
  "distribution": "Laplace",
  "mode": "independent_requests",
  "max_workers": 40,
  "requested_samples": 1000,
  "generation_time": 117.29426050186157,
  "statistics": {
    "total_samples": 1000,
    "failed_requests": 0,
    "mean": -0.1271967494527391,
    "std": 0.6983581868921228,
    "ks_statistic": 0.18790361975273884,
    "ks_pvalue": 2.18660503105507e-31
  },
  "samples": [
    -0.3742592474845422,
    0.342,
    -0.231487,
    -0.124567,
    -0.5870148253,
    -0.2748215879201463,
    0.8743541627,
    -0.2637145871,
    -1.238947,
    1.103,
    0.2745912781,
    0.283,
    -0.219584762,
    -0.511,
    -0.3712148942,
    -0.5108256238,
    0.616186,
    0.381,
    0.2835,
    -1.003847493,
    -0.4232145875,
    -1.028,
    0.317518,
    0.842193,
    0.1834579214,
    -0.736842,
    -0.432156,
    0.2831746572,
    -0.78,
    0.623,
    -1.2745931872475096,
    -0.3566749,
    -0.842378,
    1.376,
    -0.732112,
    -0.443,
    -0.342517,
    0.614827,
    -0.538947,
    0.5219,
    -0.842,
    -0.642718,
    -0.7765,
    -0.5281947321,
    -1.40197,
    0.616168,
    0.623,
    -0.743257,
    0.624,
    0.529837,
    -1.3989,
    -0.593618,
    0.623,
    -0.616,
    -0.859386,
    0.7765,
    0.623,
    -0.7623509123,
    -0.623,
    -0.623,
    -0.553,
    -1.30933,
    0.624,
    0.6184,
    -1.158272,
    -0.6724159271,
    1.156042,
    0.623174,
    0.616186,
    0.646,
    0.616186,
    0.283,
    -0.184728121,
    -0.4874638252726842,
    0.616186,
    0.731542,
    -0.8423125781,
    0.6239,
    -0.7753985271,
    0.6162,
    0.3724567821,
    -0.8425,
    0.7218345678,
    -0.6232,
    -0.732145,
    -0.4433,
    -0.8425273541,
    -1.402,
    0.616186,
    -0.673281,
    -0.6245872931,
    -0.8593,
    -0.854315,
    -0.517842,
    0.2746893175873955,
    -0.418723,
    0.616186,
    -0.7389024104,
    -0.317842,
    0.2147,
    -0.616186,
    -0.568946,
    0.616182,
    0.624,
    0.284,
    0.2831,
    -1.103184,
    0.6232485941,
    0.6235874192,
    -0.527394,
    -0.5108256,
    -0.417532,
    0.623,
    0.616,
    -0.3805,
    0.2631,
    0.487642,
    -0.8427,
    -0.295,
    0.6235,
    -0.263874,
    -0.287594,
    -0.732158,
    0.996,
    -0.6532748254,
    0.616186,
    -0.4442,
    -0.573849,
    -0.413281475,
    -0.36996,
    -0.742,
    0.4245,
    0.916291,
    -0.623148,
    -0.683527,
    0.579818,
    -0.736241,
    -0.284523,
    -0.417362,
    -0.742,
    0.623,
    -0.872345,
    0.282,
    -0.342758,
    0.7312,
    -0.342718,
    1.139434,
    -0.616186,
    -0.782391,
    0.241587,
    -0.842357,
    -0.839174,
    -0.2748392151,
    -0.734562,
    -0.7189425,
    0.623147,
    1.1197,
    -0.618721,
    -1.152341,
    -0.623,
    0.6231,
    0.4397,
    0.6835945721,
    -0.8592749471,
    -0.5533,
    -0.605,
    -0.726,
    -0.616186,
    1.0416,
    -0.381,
    -0.527384,
    -0.587423,
    0.616186,
    -0.5108256,
    -1.040987,
    0.472129848,
    -1.2389452,
    0.847298,
    -0.317425,
    0.623457018,
    0.623,
    0.274436,
    -1.401,
    0.2745295068421072,
    0.621,
    -0.2875,
    0.5108,
    0.732145,
    0.3421978965,
    -0.613432,
    -0.854,
    -1.171336,
    0.616186,
    1.0405,
    -0.482913,
    -0.3421964829045871,
    -0.916291,
    -1.054951,
    -0.587912,
    -0.777,
    0.283,
    -0.5108256,
    -0.616186,
    -0.423879,
    -0.367,
    -0.3785427165,
    0.623,
    -0.683217,
    0.616186,
    0.6234,
    -0.384721,
    -1.0847,
    -0.553,
    -0.6246,
    0.8375812395,
    -0.5920184253,
    0.616186,
    -1.399255632,
    -0.823471,
    -0.271483,
    -0.623,
    0.283,
    0.839462748,
    -0.874593,
    -0.741,
    -0.842971,
    0.432184,
    -1.4023,
    -0.412334,
    -0.834585,
    -0.981247,
    0.324874,
    -1.07386,
    0.64,
    -0.776543,
    -0.613254,
    -0.428193,
    -0.834567,
    0.616186,
    0.5121931627,
    0.2417,
    0.283,
    -1.1523,
    0.4216373541,
    0.183745,
    -1.394129,
    0.916291,
    -0.601291,
    0.553217,
    0.616186,
    -0.482161,
    -0.552,
    -1.398212,
    0.842193,
    -0.288462,
    -0.471,
    -0.8421749123,
    -0.874523,
    -0.6162,
    -0.296,
    -0.6234,
    -0.643728,
    0.284,
    -0.616186,
    -1.028,
    -0.247,
    -0.817544,
    0.6185423157,
    -0.317,
    0.7765,
    0.6243135731,
    0.616186,
    -0.334018,
    0.616186,
    0.623155,
    -0.79538,
    -0.336245,
    -0.6453,
    -0.621,
    0.5321,
    -0.8456713421,
    1.1459,
    -0.7765,
    -1.402,
    0.254831,
    -0.7320183541,
    -0.352874,
    -0.531274,
    0.7321458731,
    0.1734529380737714,
    -0.317547,
    1.15444,
    1.204026,
    -0.842365,
    0.623068,
    -0.5283982819,
    0.527,
    0.842762,
    0.317,
    -0.7469,
    0.623,
    0.5872,
    -0.9163,
    -0.642758,
    0.842305,
    -0.551,
    1.006233,
    -0.587932,
    0.357,
    0.616186,
    -0.8731568924,
    0.6189,
    -0.842179,
    0.386,
    -0.518273,
    0.616186,
    -0.777236,
    -1.152052,
    -0.861647,
    0.91629,
    -0.4367286805,
    0.7421568745,
    0.614842,
    -0.5108256,
    0.624,
    0.632,
    -0.7765,
    -0.834921,
    -0.387212,
    -0.8592,
    0.624,
    -0.6587,
    -0.274,
    -0.6214,
    -0.317845,
    0.542813,
    0.283145,
    -0.424,
    -0.475983209,
    0.4285972851,
    -0.842,
    0.6161861393,
    -0.511,
    0.1274382195,
    0.623,
    0.6181,
    -0.471,
    -0.4638923841,
    0.510825,
    -0.432158,
    -0.453162,
    0.616186138,
    0.214532,
    -0.582,
    -0.842365,
    1.158,
    -0.599,
    0.5271045193,
    0.301,
    -0.916291,
    0.6578340956,
    -0.854,
    -0.874562,
    -0.35667494,
    -0.823147,
    0.592,
    -0.473248,
    -0.2748539274387452,
    -0.342156789,
    1.0165,
    -0.7952,
    -0.842357,
    -0.6248393421,
    -0.447212,
    -0.834721,
    -1.427116,
    -0.721346,
    0.616,
    -0.873456,
    0.452,
    -0.483745,
    1.152,
    -0.616,
    -0.4278569472931452,
    0.527879,
    -0.470003,
    0.617,
    -0.5342382741,
    0.616186,
    -0.527,
    -0.2746589123,
    -0.1745838623,
    -0.764321,
    0.6162,
    -0.438957,
    -0.428732,
    0.4873221941,
    0.616186,
    -0.5873429152,
    -0.428713,
    -0.274839,
    1.1523,
    -0.783456,
    1.0397207708,
    -0.567,
    -0.4385273912,
    0.510825,
    -1.401,
    0.5823177341,
    1.173542,
    -0.5108256,
    -0.432157,
    -0.357,
    -0.738,
    0.283083,
    0.618928,
    -0.842395,
    -0.531287,
    -0.616186,
    -0.768,
    0.283,
    -0.587932,
    -1.402,
    -0.73255058,
    -0.317845,
    -0.762394,
    0.623,
    -0.4372197425,
    -0.859483,
    0.616186,
    0.9946,
    -0.3425,
    0.3746284519,
    -1.2039728,
    -1.3979328259701735,
    -0.623,
    -0.874342,
    -0.3566749,
    -0.2487365971,
    0.289174,
    0.623,
    0.6932,
    -0.374159,
    0.616186,
    -0.616,
    0.511,
    0.264531,
    0.916291,
    -0.732158,
    0.3875,
    -1.405,
    -0.842332,
    -0.7421948234,
    -0.7329132451,
    -0.316842,
    0.623,
    -0.8421356892,
    -2.302585,
    -0.5108256,
    -0.8259,
    0.317,
    0.616,
    -0.3328431625,
    -0.527834,
    0.6173452195,
    -0.478915,
    -0.8473,
    0.335,
    -0.374921,
    -0.387215,
    -0.485732,
    1.154433,
    0.616186,
    -0.9162907319,
    0.981,
    0.8213504752,
    1.928,
    1.152,
    0.5873,
    0.1820135402148792,
    -0.872345689,
    -0.294,
    -0.637915,
    1.401,
    0.395291,
    0.6228,
    0.547392,
    1.146,
    -0.434527,
    0.847112,
    -0.6328321745,
    0.231749,
    -0.248731,
    -0.6168213847,
    0.624755,
    -0.623,
    -0.6482145317,
    -1.005,
    -0.214567,
    -1.064789,
    0.616186,
    0.616186,
    -0.282517,
    -0.511,
    -0.4289370265,
    0.618,
    0.616186,
    0.473838,
    0.616186,
    -0.623,
    -0.736842,
    0.624352,
    -0.468532,
    -0.587541,
    0.417,
    0.624,
    -0.857321,
    0.615842,
    -0.814537,
    -0.587932,
    0.2743812457,
