{
  "model": "meta-llama/Llama-4-Scout-17B-16E-Instruct",
  "distribution": "Laplace(loc={loc}, scale={scale})",
  "mode": "independent_requests",
  "requested_samples": 1000,
  "generation_time": 344.2655863761902,
  "statistics": {
    "total_samples": 1000,
    "failed_requests": 0,
    "unique_values": 44,
    "unique_rate": 4.3999999999999995,
    "mean": -0.4879242742706645,
    "std": 0.24903945116289397,
    "min": -0.646935,
    "max": -0.095213,
    "ks_statistic": 0.5454103706698024,
    "ks_pvalue": 1.896076565756105e-279
  },
  "samples": [
    -0.0974,
    -0.0973,
    -0.646932,
    -0.646703,
    -0.646466,
    -0.097932,
    -0.646932,
    -0.646932,
    -0.0974,
    -0.646667,
    -0.646676,
    -0.0976,
    -0.646,
    -0.646317,
    -0.646655,
    -0.0974,
    -0.646702,
    -0.646703,
    -0.646,
    -0.646703,
    -0.646932,
    -0.646932,
    -0.646317,
    -0.646703,
    -0.646667,
    -0.646655,
    -0.646631372,
    -0.0974,
    -0.646703,
    -0.646667,
    -0.646932,
    -0.646321,
    -0.646703,
    -0.646932,
    -0.646703,
    -0.646321,
    -0.0974,
    -0.646,
    -0.0974,
    -0.646702,
    -0.646,
    -0.646317,
    -0.0977,
    -0.646932,
    -0.646631,
    -0.0976,
    -0.0974,
    -0.646703,
    -0.646703,
    -0.646321,
    -0.646655,
    -0.646321,
    -0.646703,
    -0.646623,
    -0.646703,
    -0.646668,
    -0.646932,
    -0.0974,
    -0.646695,
    -0.0973,
    -0.646703,
    -0.646932,
    -0.646791,
    -0.0973,
    -0.646932,
    -0.646703,
    -0.0978,
    -0.646703,
    -0.646934,
    -0.646932,
    -0.646321,
    -0.646643,
    -0.646703,
    -0.646312,
    -0.646668,
    -0.646703,
    -0.0974,
    -0.646643,
    -0.646639,
    -0.646934,
    -0.0976,
    -0.646932,
    -0.646668,
    -0.646703,
    -0.646703,
    -0.646623,
    -0.0974,
    -0.646676,
    -0.646932,
    -0.646321,
    -0.0974,
    -0.0974,
    -0.646317,
    -0.0976,
    -0.646623,
    -0.646703,
    -0.646667,
    -0.646932,
    -0.646623,
    -0.646639318,
    -0.646643,
    -0.646623,
    -0.0974,
    -0.646312,
    -0.646703,
    -0.646,
    -0.646631,
    -0.646703,
    -0.0977,
    -0.0976,
    -0.646669,
    -0.646703,
    -0.646631,
    -0.0977,
    -0.646703,
    -0.0976,
    -0.646631,
    -0.646321,
    -0.646932,
    -0.095431791,
    -0.646932,
    -0.0974,
    -0.646321,
    -0.646932,
    -0.0976,
    -0.646667,
    -0.646321,
    -0.646703,
    -0.646703,
    -0.0974,
    -0.646703,
    -0.646317,
    -0.0979,
    -0.646,
    -0.646932,
    -0.646623,
    -0.646,
    -0.646466,
    -0.646935,
    -0.646667,
    -0.646932,
    -0.0974,
    -0.646643,
    -0.0976,
    -0.646791,
    -0.0976,
    -0.0976,
    -0.0976,
    -0.646321,
    -0.0977,
    -0.646317,
    -0.646667,
    -0.0974,
    -0.646932,
    -0.646932,
    -0.646667,
    -0.646317,
    -0.0974,
    -0.646932,
    -0.646703,
    -0.646667,
    -0.646703,
    -0.646703,
    -0.646932,
    -0.646703,
    -0.0979,
    -0.646703,
    -0.646,
    -0.646703,
    -0.646932,
    -0.097932,
    -0.646932,
    -0.646,
    -0.646667,
    -0.0975,
    -0.646317,
    -0.646932,
    -0.646703,
    -0.646703,
    -0.0976,
    -0.0974,
    -0.646703,
    -0.646932,
    -0.646703,
    -0.646932,
    -0.0976,
    -0.646667,
    -0.646703,
    -0.0974,
    -0.646317,
    -0.646703,
    -0.646321,
    -0.646667,
    -0.646703,
    -0.646631,
    -0.646703,
    -0.0973,
    -0.646321,
    -0.646667,
    -0.646631021,
    -0.646466,
    -0.646703,
    -0.646321,
    -0.646676,
    -0.646643,
    -0.646668,
    -0.646667,
    -0.0977,
    -0.646703,
    -0.646791,
    -0.646668,
    -0.646667,
    -0.646932,
    -0.646932,
    -0.0973,
    -0.646703,
    -0.646321,
    -0.646667,
    -0.646466,
    -0.0979,
    -0.646631,
    -0.0976,
    -0.646,
    -0.646932,
    -0.0974,
    -0.646,
    -0.646695,
    -0.646623,
    -0.0977,
    -0.646667,
    -0.646317,
    -0.0974,
    -0.0975,
    -0.646317,
    -0.646703,
    -0.646932,
    -0.646667,
    -0.0976,
    -0.0976,
    -0.646932,
    -0.646643,
    -0.0976,
    -0.646321,
    -0.646667,
    -0.0976,
    -0.0976,
    -0.0977,
    -0.0974,
    -0.0975,
    -0.646703,
    -0.646639,
    -0.0974,
    -0.646932,
    -0.646668,
    -0.0977,
    -0.646703,
    -0.0978,
    -0.0977,
    -0.646643,
    -0.0974,
    -0.646,
    -0.646623,
    -0.095431,
    -0.646932,
    -0.0973,
    -0.646643,
    -0.646321,
    -0.095213,
    -0.0979,
    -0.646703,
    -0.646703,
    -0.646703,
    -0.0974,
    -0.646932,
    -0.646668,
    -0.646623,
    -0.646703,
    -0.646667,
    -0.646932,
    -0.646655,
    -0.0978,
    -0.646643,
    -0.646703,
    -0.646932,
    -0.646667,
    -0.0975,
    -0.646932,
    -0.646631,
    -0.0974,
    -0.646667,
    -0.646631,
    -0.097932,
    -0.0974,
    -0.646321,
    -0.646317,
    -0.646667,
    -0.646317,
    -0.646655,
    -0.646932,
    -0.0974,
    -0.095431,
    -0.646703,
    -0.646321,
    -0.646321,
    -0.646932,
    -0.097932,
    -0.646703,
    -0.646932,
    -0.646703,
    -0.0974,
    -0.646643,
    -0.646655,
    -0.646703,
    -0.646703,
    -0.0974,
    -0.646932,
    -0.0974,
    -0.646623,
    -0.0977,
    -0.646932,
    -0.0973,
    -0.646703,
    -0.646643,
    -0.646932,
    -0.646321,
    -0.0974,
    -0.0979,
    -0.646703,
    -0.646703,
    -0.646932,
    -0.646932,
    -0.646668,
    -0.646317,
    -0.0974,
    -0.646667,
    -0.0976,
    -0.646643,
    -0.646623,
    -0.0974,
    -0.646932,
    -0.646703,
    -0.646932,
    -0.0976,
    -0.646703,
    -0.0974,
    -0.646932,
    -0.646932,
    -0.646643,
    -0.0976,
    -0.646932,
    -0.0978,
    -0.0979,
    -0.097932,
    -0.0974,
    -0.646791,
    -0.0977,
    -0.0973,
    -0.0976,
    -0.646667,
    -0.646667,
    -0.646667,
    -0.646,
    -0.646668,
    -0.0974,
    -0.646317,
    -0.0973,
    -0.646703,
    -0.646643,
    -0.646643,
    -0.646703,
    -0.646932,
    -0.0974,
    -0.646643,
    -0.097932,
    -0.0974,
    -0.646643,
    -0.646703,
    -0.0976,
    -0.0974,
    -0.646321,
    -0.646932,
    -0.646932,
    -0.646703,
    -0.097932,
    -0.646676,
    -0.646667,
    -0.646668,
    -0.646,
    -0.646,
    -0.097932,
    -0.0974,
    -0.646668,
    -0.0974,
    -0.0976,
    -0.646,
    -0.0973,
    -0.646932,
    -0.646668,
    -0.646667,
    -0.0975,
    -0.0974,
    -0.0974,
    -0.646703,
    -0.646317,
    -0.646703,
    -0.646702,
    -0.646932,
    -0.646667,
    -0.0974,
    -0.646932,
    -0.0977,
    -0.0974,
    -0.646935,
    -0.646703,
    -0.0975,
    -0.0976,
    -0.0977,
    -0.646932,
    -0.646321,
    -0.646623,
    -0.646321,
    -0.646623,
    -0.646317,
    -0.0974,
    -0.646667,
    -0.646321,
    -0.646932,
    -0.646932,
    -0.646317,
    -0.646791,
    -0.646932,
    -0.646668,
    -0.646703,
    -0.0976,
    -0.0974,
    -0.0974,
    -0.646791,
    -0.0974,
    -0.0976,
    -0.095313,
    -0.646,
    -0.646695,
    -0.646,
    -0.646667,
    -0.646643,
    -0.646667,
    -0.646703,
    -0.646703,
    -0.646655,
    -0.0976,
    -0.646702,
    -0.646317,
    -0.0973,
    -0.646,
    -0.646932,
    -0.646321,
    -0.646932,
    -0.646932,
    -0.646695,
    -0.646643,
    -0.0976,
    -0.646932,
    -0.0975,
    -0.0979,
    -0.0976,
    -0.646668,
    -0.0974,
    -0.0973,
    -0.09793214249791556,
    -0.0976,
    -0.646668,
    -0.646,
    -0.646667,
    -0.646321,
    -0.646321,
    -0.646667,
    -0.0976,
    -0.646321,
    -0.646932,
    -0.0976,
    -0.0973,
    -0.646623,
    -0.646932,
    -0.0976,
    -0.0976,
    -0.646643,
    -0.0976,
    -0.646643,
    -0.646932,
    -0.646,
    -0.646321,
    -0.097932,
    -0.646,
    -0.646623,
    -0.0976,
    -0.646321,
    -0.646,
    -0.0977,
    -0.646321,
    -0.646932,
    -0.0974,
    -0.646317,
    -0.0979,
    -0.646317,
    -0.646703,
    -0.646932,
    -0.646932,
    -0.646932,
    -0.0976,
    -0.646317,
    -0.646668,
    -0.646,
    -0.646667,
    -0.0973,
    -0.646932,
    -0.646703,
    -0.646676,
