{
  "model": "meta-llama/Llama-3.3-70B-Instruct-Turbo",
  "distribution": "Laplace(loc={loc}, scale={scale})",
  "mode": "independent_requests",
  "requested_samples": 1000,
  "generation_time": 831.0896100997925,
  "statistics": {
    "total_samples": 1000,
    "failed_requests": 0,
    "unique_values": 272,
    "unique_rate": 27.200000000000003,
    "mean": -0.5849131767580004,
    "std": 0.06019592392961356,
    "min": -0.837902658,
    "max": 0.2378,
    "ks_statistic": 0.686261163741215,
    "ks_pvalue": 0.0
  },
  "samples": [
    -0.634041,
    -0.483021397044,
    -0.634587,
    -0.5623,
    -0.5623,
    -0.5628,
    -0.5623,
    -0.482112369,
    -0.63487765,
    -0.634196,
    -0.4831718191,
    -0.5623,
    -0.6343,
    -0.634521549011,
    -0.57134764,
    -0.581893732,
    -0.8370655,
    -0.5488,
    -0.5623,
    -0.5623,
    -0.5623,
    -0.5623,
    -0.5623,
    -0.5847,
    -0.5628,
    -0.5623,
    -0.634521,
    -0.5623,
    -0.547213,
    -0.5623,
    -0.6347927,
    -0.5623,
    -0.5623,
    -0.5623,
    -0.5623,
    -0.634041,
    -0.6345,
    -0.6341,
    -0.5623,
    -0.6345,
    -0.6343,
    -0.5623,
    -0.5626,
    -0.5623,
    -0.5623,
    -0.583062,
    -0.837902658,
    -0.5623,
    -0.634392,
    -0.6341,
    -0.6342,
    -0.634759,
    -0.5623,
    -0.63423746,
    -0.5623,
    -0.5623,
    -0.5623,
    -0.5623,
    -0.8377746774700296,
    -0.5623,
    -0.5623,
    -0.5623,
    -0.63487718,
    -0.5647,
    -0.83755767647554,
    -0.5623,
    -0.5623,
    -0.6341,
    -0.5623,
    -0.634392,
    -0.5623,
    -0.5623,
    -0.5623,
    -0.5623,
    -0.634587347,
    -0.634237,
    -0.5623,
    -0.5623,
    -0.5623,
    -0.5623,
    -0.634589474,
    -0.634289,
    -0.6341,
    -0.5623,
    -0.6345877592,
    -0.634287,
    -0.5623,
    -0.5623,
    -0.5623,
    -0.5623,
    0.2378,
    -0.6344,
    -0.634792,
    -0.5623,
    -0.634196,
    -0.5623,
    -0.4830732259892236,
    -0.6349,
    -0.5623,
    -0.5623,
    -0.5623,
    -0.634076,
    -0.634759285,
    -0.63408237412191,
    -0.6343,
    -0.634073,
    -0.5623,
    -0.63475993852796,
    -0.4830214,
    -0.5623,
    -0.5628,
    -0.6345,
    -0.6342,
    -0.5623,
    -0.5482,
    -0.6341,
    -0.5623,
    -0.5628,
    -0.6349,
    -0.5623,
    -0.5623,
    -0.5623,
    -0.5623,
    -0.5678,
    -0.5623,
    -0.5488,
    -0.6343,
    -0.5623,
    -0.634589781,
    -0.5623,
    -0.5623,
    -0.5628,
    -0.5623,
    -0.6348,
    -0.6347,
    -0.634392,
    -0.5623,
    -0.5623,
    -0.63475615706142,
    -0.6341,
    -0.5623,
    -0.5658,
    -0.5623,
    -0.5623,
    -0.5654,
    -0.5623,
    -0.6343928368,
    -0.5627684150567585,
    -0.5628,
    -0.5623,
    -0.4838926286,
    -0.5623,
    -0.6343,
    -0.634236,
    -0.5623,
    -0.5623,
    -0.5623,
    -0.583653,
    -0.5727,
    -0.6349,
    -0.5623,
    -0.5488,
    -0.6349,
    -0.5623,
    -0.5848,
    -0.5623,
    -0.5624,
    -0.5623,
    -0.4830564595,
    -0.5623,
    -0.5623,
    -0.634759,
    -0.5623,
    -0.5625,
    -0.5623,
    -0.63475636,
    -0.4831055584354804,
    -0.5623,
    -0.4837034690548939,
    -0.5623,
    -0.634237,
    -0.48307185726596,
    -0.6341,
    -0.814099,
    -0.5623,
    -0.5623,
    -0.634939,
    -0.6348,
    -0.5623,
    -0.5623,
    -0.634082799,
    -0.5623,
    -0.5623,
    -0.634079,
    -0.5623,
    -0.634392,
    -0.5625,
    -0.6341,
    -0.5624,
    -0.5623,
    -0.634081,
    -0.5488,
    -0.5623,
    -0.5623,
    -0.5627,
    -0.538547,
    -0.6348,
    -0.6341,
    -0.634436,
    -0.837772945,
    -0.5623,
    -0.5623,
    -0.634236,
    -0.6341,
    -0.5623,
    -0.5623,
    -0.6344,
    -0.5623,
    -0.5623,
    -0.6340829380753669,
    -0.6347,
    -0.634939,
    -0.5623,
    -0.5623,
    -0.5623,
    -0.6341,
    -0.5488,
    -0.5623,
    -0.5623,
    -0.5623,
    -0.5623,
    -0.5840160847698717,
    -0.6343925107675974,
    -0.5624,
    -0.483105858,
    -0.6348,
    -0.5623,
    -0.5643,
    -0.583798922,
    -0.634115546,
    -0.5623,
    -0.5623,
    -0.5623,
    -0.5623,
    -0.6341,
    -0.5623,
    -0.6342966,
    -0.5623,
    -0.63412946,
    -0.634808941,
    -0.5623,
    -0.6347,
    -0.5623,
    -0.5623,
    -0.634759,
    -0.5623,
    -0.5626,
    -0.634927,
    -0.5652,
    -0.5623,
    -0.4830396585543747,
    -0.634236,
    -0.8370264545639154,
    -0.4830414,
    -0.5623,
    -0.5623,
    -0.5712893752374822,
    -0.5626,
    -0.6341,
    -0.6349,
    -0.5488,
    -0.6345260784769655,
    -0.5623,
    -0.6432,
    -0.5628,
    -0.5623,
    -0.5654,
    -0.5623,
    -0.5623,
    -0.6341,
    -0.5624,
    -0.634196,
    -0.6349,
    -0.5623,
    -0.6345,
    -0.5623,
    -0.5623,
    -0.634081,
    -0.5849,
    -0.5623,
    -0.5623,
    -0.5623,
    -0.634392643,
    -0.5623,
    -0.5623,
    -0.5623,
    -0.483071455,
    -0.5623,
    -0.5623,
    -0.5623,
    -0.6343,
    -0.5623,
    -0.5623,
    -0.5628,
    -0.5623,
    -0.5623,
    -0.5623,
    -0.5623,
    -0.5623,
    -0.5623,
    -0.6341,
    -0.63413269,
    -0.564179,
    -0.5623,
    -0.557095556,
    -0.5623,
    -0.5623,
    -0.5623,
    -0.5623,
    -0.6341,
    -0.6341,
    -0.5623,
    -0.6349,
    -0.5623,
    -0.6349,
    -0.5623,
    -0.5488,
    -0.5623,
    -0.634589547,
    -0.634392398,
    -0.6343,
    -0.5623,
    -0.5572,
    -0.5488,
    -0.5488,
    -0.6345877239479477,
    -0.634523,
    -0.6341,
    -0.483094887,
    -0.6341,
    -0.6343928573475421,
    -0.634197,
    -0.6348,
    -0.6342,
    -0.634392,
    -0.6348,
    -0.63487745,
    -0.6341,
    -0.6347,
    -0.5849,
    -0.634079,
    -0.5623,
    -0.5623,
    -0.5628,
    -0.5623,
    -0.5623,
    -0.5623,
    -0.483041519,
    -0.5623,
    -0.5629,
    -0.6349,
    -0.63487717,
    -0.6341,
    -0.5623,
    -0.5623,
    -0.634589347,
    -0.634587179,
    -0.634192,
    -0.5623,
    -0.584018473,
    -0.5623,
    -0.4830619,
    -0.6344,
    -0.5646,
    -0.5623,
    -0.634,
    -0.5623,
    -0.5623,
    -0.634787977,
    -0.5623,
    -0.6341,
    -0.634759,
    -0.634196,
    -0.634792078547,
    -0.634061,
    -0.5624,
    -0.5623,
    -0.5623,
    -0.8356548,
    -0.5623,
    -0.5623,
    -0.6342,
    -0.5623,
    -0.6341,
    -0.483091887,
    -0.5623,
    -0.6345,
    -0.634392,
    -0.634792688,
    -0.5623,
    -0.4830419,
    -0.6342,
    -0.5623,
    -0.5623,
    -0.5849,
    -0.5623,
    -0.5623,
    -0.451536556,
    -0.5623,
    -0.5623,
    -0.5623,
    -0.5623,
    -0.634587593942,
    -0.634587,
    -0.6347922585429784,
    -0.545563556,
    -0.5623,
    -0.634589781,
    -0.63488778,
    -0.634076431,
    -0.5623,
    -0.5623,
    -0.5623,
    -0.5623,
    -0.5623,
    -0.5623,
    -0.6348,
    -0.634196,
    -0.5623,
    -0.6349,
    -0.5623,
    -0.5623,
    -0.6349,
    -0.5623,
    -0.6343928404,
    -0.5623,
    -0.584027,
    -0.5628,
    -0.5623,
    -0.5488,
    -0.6342,
    -0.634589781,
    -0.6341,
    -0.5623,
    -0.6349,
    -0.5623,
    -0.5483,
    -0.5623,
    -0.5623,
    -0.5623,
    -0.5623,
    -0.634287,
    -0.5623,
    -0.5623,
    -0.5623,
    -0.5623,
    -0.5623,
    -0.6343,
    -0.5623,
    -0.634589471,
    -0.634947674,
    -0.6341,
    -0.5623,
    -0.5623,
    -0.5488,
    -0.5623,
    -0.6342,
    -0.5623,
    -0.5623,
    -0.634237,
    -0.5623,
    -0.5623,
    -0.542547843,
    -0.482112369,
    -0.5819819,
    -0.634237854,
    -0.634521,
    -0.5623,
    -0.5623,
    -0.5654,
    -0.5623,
    -0.6341,
    -0.5623229860672355,
    -0.634392947,
    -0.5623,
    -0.6341,
    -0.6349,
    -0.5623,
    -0.634196,
    -0.5623,
    -0.4830719165415587,
    -0.5623,
    -0.6347599689949455,
    -0.5623,
    -0.5628,
    -0.5830125870619653,
    -0.5623,
    -0.5623,
    -0.5623,
    -0.6343920858969241,
    -0.5623,
    -0.5624,
    -0.5623,
    -0.5623,
    -0.5623,
    -0.48307106,
    -0.634589547,
    -0.5623,
    -0.6348,
    -0.6342,
    -0.48305507953200744,
    -0.4830739774944497,
    -0.5623,
    -0.586062,
    -0.634052,
