{
  "model": "mistralai/Mistral-Small-3.2-24B-Instruct-2506",
  "distribution": "Laplace(loc={loc}, scale={scale})",
  "mode": "independent_requests",
  "requested_samples": 1000,
  "generation_time": 555.8903241157532,
  "statistics": {
    "total_samples": 1000,
    "failed_requests": 0,
    "unique_values": 758,
    "unique_rate": 75.8,
    "mean": -0.5008159675120375,
    "std": 0.7496634552410321,
    "min": -4.659812345,
    "max": 5.23456789,
    "ks_statistic": 0.43795475277652895,
    "ks_pvalue": 4.632564555375039e-175
  },
  "samples": [
    -1.23456789,
    -0.34589321,
    0.4236439203,
    -0.12456789,
    -0.7135,
    -1.8492356789,
    -0.783452,
    -0.378442,
    -0.37629,
    -0.7823,
    -0.380123,
    -0.4732581291234567,
    -0.123456789,
    -0.3216249347412666,
    -0.342167,
    -0.1234567890123456,
    -1.734523,
    -0.34567,
    -0.892456712,
    -0.7412389,
    -0.23456789,
    -0.2345678912345678,
    -0.452,
    -0.0837215364,
    -2.351,
    -0.456327,
    -0.123456789,
    -0.2345678912345678,
    -0.123456789,
    -0.3456789,
    -0.423719234,
    -0.742315,
    -2.4536,
    -0.374216,
    -0.345,
    -1.23456789,
    -1.23456789,
    -0.45678,
    -0.123456789,
    1.76329,
    -1.24689,
    -0.123456789,
    -0.784623,
    -0.2314,
    -0.257834,
    -0.721345,
    -0.23456789,
    0.346573,
    -1.4789237,
    0.73245,
    -3.2147896,
    -0.3678924571429109,
    -0.352712,
    -1.3748293,
    -0.347218,
    -0.2341234,
    -1.3728456,
    -0.32176521,
    -0.374123,
    -0.237419,
    -2.134567,
    -0.4567213325,
    -1.23456789,
    0.4524,
    -1.73428,
    -0.234512,
    -0.374214,
    -0.231456789,
    -0.23456,
    -3.217846908272871,
    0.437,
    -0.347219,
    -0.683712,
    -0.4372,
    -1.23456789,
    -0.732518342,
    -0.23456789,
    -0.453219,
    -1.23456789,
    -0.3567829112,
    -1.470237195,
    -0.345621,
    -2.178923,
    0.8992345,
    -0.123456789123,
    -1.234567890123456,
    -1.78945678,
    1.78452321,
    -0.73245,
    -1.23456789,
    -0.3472,
    -0.25678,
    -0.345672,
    -0.4215689,
    -1.234567891234568,
    -0.743258193,
    -0.4728,
    -0.873462,
    -1.48672,
    -0.523,
    -0.2753386,
    -0.423824751,
    -0.3781503,
    -0.423875629,
    -0.12345678912,
    0.2345,
    -0.472983,
    -0.34567129,
    -0.432178,
    -0.2317,
    -0.124138,
    -0.3429812345,
    -1.234567890123456,
    -0.67232193845,
    -0.3715,
    -0.12345,
    -0.42312,
    -0.3567,
    -0.49221567,
    -0.123456789,
    -0.756,
    -0.123456789,
    -0.8723456789,
    -0.23457,
    -0.123456789012345,
    -1.8723,
    -1.2345,
    -1.24567,
    -0.721345,
    0.4236487219,
    -1.287321965,
    -1.23456789,
    0.3421998432,
    -0.23455,
    -0.45623,
    -0.7814,
    -1.47892345678,
    0.235198,
    2.456712839,
    -0.6783,
    -0.4123987321,
    -1.23456789,
    0.7186722741314975,
    -0.72134786621,
    -0.7164,
    -0.415,
    -0.3423840923,
    0.2385,
    -0.265812345678,
    0.236815,
    -0.345678,
    0.123456,
    0.123456789,
    0.234567,
    -1.23456789,
    -0.341,
    -0.426314789,
    -0.3456789,
    -0.783542,
    -0.71321,
    -0.214789,
    -1.2378,
    -1.23456789,
    -0.1349,
    -0.3417852323,
    -1.2345,
    -0.714932115,
    -0.12345,
    1.374520844,
    -0.87641239,
    -0.123456789,
    -1.343256789,
    -0.21478364209,
    -0.7236,
    -0.24239,
    0.4837,
    -1.123456789,
    0.378123,
    -0.12456723,
    -0.456721,
    -0.3721458,
    -0.2351,
    -1.4836522,
    -2.48841,
    0.2874658932,
    -0.23412,
    -0.2341287641,
    -0.3462,
    -0.423589723,
    -0.345,
    -0.482356726234188,
    -0.123456789,
    -0.312,
    -0.47321,
    -0.3729238,
    -0.456231,
    -0.234567,
    0.411,
    -0.374216,
    -0.45623,
    -0.12345678912345678,
    -0.4218,
    -1.276543,
    -0.37254986,
    0.378926,
    -0.723456789,
    -1.23456789,
    -0.742391,
    -1.278652,
    -0.72134,
    -1.23456789,
    -0.453298765432,
    -2.48,
    -0.4723,
    -0.782345678,
    -0.873245,
    0.3249,
    -0.372512,
    -0.87123,
    -0.741582301,
    -0.3412,
    2.364780173,
    -1.23456789,
    -2.17146,
    -0.123456789,
    -1.287457993,
    -0.476212487,
    -2.5678,
    -0.823456789,
    -0.735123,
    -0.7823,
    -0.125689,
    -0.7321783,
    -0.423,
    -1.23456789,
    -0.3546,
    -0.7342,
    -0.4258729312145871,
    -0.123456789,
    -0.456721,
    -0.45672,
    -1.342839271,
    0.236458,
    -0.3421,
    0.23416,
    -0.123456789,
    -0.3521458972,
    -0.3452,
    -0.376421,
    -1.3456,
    -2.146783,
    -1.3579,
    -0.6749201528257314,
    -1.23456789,
    -0.3721487625152,
    -0.34158,
    -0.73214,
    -0.3258198321,
    -0.372146857,
    -0.2345678912,
    -0.34721825,
    0.672902923,
    -1.23456789,
    -0.374621854812343,
    -0.37621,
    -0.378240243903722,
    0.3612247,
    -0.373219,
    -0.372456,
    5.23456789,
    1.23456789,
    -1.73456,
    0.2419737678,
    -1.7681234,
    -0.372814672,
    -0.564384312987654,
    -0.241,
    0.7612,
    -0.287650418096745,
    0.236,
    0.37291,
    -2.143678,
    -1.27346,
    -0.3456789102,
    -0.456213,
    -0.431902,
    -0.453687,
    -0.7342891924673473,
    -0.453219,
    -0.12456,
    -0.456798234123,
    -2.1435,
    -0.781213,
    -1.356234,
    -0.4521679,
    -0.4267853196771774,
    -1.234567890123456,
    -0.4562,
    -0.3721892841234567,
    -0.347215238215671,
    -0.43712,
    -0.123456789,
    -1.235,
    -0.427382,
    -0.2345789,
    -0.342981,
    -0.437231,
    -0.12345678912345678,
    -0.47298765123,
    -0.378243,
    -1.23456789,
    -0.173648246,
    -0.7185,
    -0.3724,
    0.345123,
    -1.236789,
    -0.72361,
    -0.3412,
    -0.123456789,
    -0.4876,
    -0.123456789,
    -0.3834234,
    0.456123,
    0.123456789,
    -0.732456893,
    -0.235478,
    -0.1342325678,
    0.412315,
    -0.123456,
    -1.23456789,
    -0.371294,
    -0.123456789,
    -0.3726,
    -1.732,
    -0.123456789,
    -0.12345,
    -0.37217,
    -0.718345,
    -0.3467821234,
    0.732,
    -0.456821,
    -0.4372123456789,
    -1.2458,
    -0.23456789,
    -0.345,
    -0.71234568,
    -0.3487,
    -0.732,
    -0.123456789,
    -2.143,
    -0.342876129120452,
    0.3591,
    -0.123456789,
    -0.4321293817,
    -0.123456789,
    -0.732,
    -0.4321,
    -0.4274231876234129,
    -0.234567891234,
    -0.7324912,
    1.36499,
    -0.123456789,
    -0.3472,
    -0.321983,
    1.32456789,
    -2.145897,
    -1.329874523,
    0.253,
    2.71828,
    -0.4236,
    -0.123456789,
    -0.34123,
    -0.8123,
    -0.432689,
    -0.37215324678,
    -0.345621,
    -0.482753,
    -0.346219,
    -3.141592653589793,
    -0.37824571,
    0.123456789,
    -0.5673422,
    -0.3418923,
    -0.732,
    0.3409,
    -0.8762456,
    -0.345,
    -1.23456789,
    -0.3456328123,
    0.7263,
    1.238476,
    -0.4276,
    -0.412387621932,
    -0.764521,
    -0.374123149,
    -1.23456789,
    -0.475203,
    -2.17,
    -0.4123,
    -0.3456789,
    -0.432765132,
    0.456372,
    -1.342193725245293,
    0.0967811997120606,
    0.4527,
    -1.036249358216261,
    -0.472,
    -0.123456789,
    -0.123456789,
    -0.2318942,
    -1.23456789,
    -0.473215,
    -0.345678,
    -0.123456789,
    0.37219454,
    -0.723142,
    0.256819,
    -0.832143733949214,
    -0.124589,
    -0.7215437892,
    -0.3721489271342465,
    3.45,
    -0.478231,
    -0.7234567891234567,
    1.23456789,
    -0.145236,
    -0.462357,
    -2.117869345,
    -0.23456789,
    -0.473219,
    -0.2341567,
    -0.479203,
    -0.47231,
    -0.8234,
    -0.032451,
    -0.472819,
    -2.134567,
    0.3456789,
    -0.78234956739,
    0.41239,
    -0.291547385972,
    -0.54321,
    -0.235417,
    -1.476287,
    -1.23456789,
    -1.432707,
    0.460504421,
    -1.23456789,
    -0.34567,
    -4.659812345,
    -0.3456789,
    0.2341293812,
    -0.31452,
    -0.27312,
    -2.41367845321,
    -0.723456,
    -0.123456789,
    -0.78123456,
    -0.23456789,
    -2.183456789,
