{
  "model": "moonshotai/Kimi-K2-Instruct-0905",
  "distribution": "Laplace(loc={loc}, scale={scale})",
  "mode": "independent_requests",
  "requested_samples": 1000,
  "generation_time": 716.3168385028839,
  "statistics": {
    "total_samples": 1000,
    "failed_requests": 0,
    "unique_values": 553,
    "unique_rate": 55.300000000000004,
    "mean": -0.19822842731780457,
    "std": 0.8935582180668804,
    "min": -3.672,
    "max": 2.837165,
    "ks_statistic": 0.25959733587112527,
    "ks_pvalue": 6.212219408178672e-60
  },
  "samples": [
    0.847362915,
    -0.847291,
    -0.847,
    -0.874,
    1.847392,
    1.486239,
    0.4782,
    -0.487126349,
    -0.473819,
    -0.472918,
    -0.847362915,
    -0.374,
    -1.273,
    -0.743891,
    -0.243817,
    -0.427819,
    -0.427138,
    0.847,
    1.072391,
    -0.847263915,
    -0.847239165,
    -0.847329165,
    0.453281,
    -0.729164,
    0.847362915,
    -0.847392915,
    -0.3847,
    -0.847392,
    0.371,
    1.4267,
    -1.472836,
    -0.327,
    -0.472139,
    -0.8472,
    -0.73918,
    -0.739182,
    -1.3852,
    0.847126352,
    0.847362915,
    -0.452831,
    -0.427,
    -0.184,
    -0.421739,
    -0.847291,
    -0.847923,
    -0.847263981,
    0.4216,
    1.847392,
    -1.427,
    -0.847,
    -1.847269,
    0.472163,
    1.372946,
    -0.847632915,
    -0.847362915,
    0.472916,
    0.843,
    -1.037,
    0.426,
    -0.456783192,
    -0.372,
    -0.847296,
    0.847391,
    -0.423167,
    -0.426,
    -1.248,
    -0.452190687834907,
    1.924703,
    0.847216,
    -0.426,
    -0.374,
    -0.847392,
    1.372,
    -0.847392015,
    -0.847392,
    -0.847,
    -0.847263,
    -0.374,
    -1.476,
    0.847,
    -0.3821,
    -1.847392905,
    -0.847329156,
    -0.847293,
    -0.8473,
    0.174,
    -0.423619817,
    -0.472916,
    -0.427391,
    -0.847,
    -0.847391,
    -0.4718,
    -1.742,
    -0.847,
    -0.84736,
    -0.847319,
    -0.847362915,
    0.742163,
    -0.847231905,
    -0.372618491,
    -0.4217,
    -0.84730916524,
    -0.847261093,
    0.428,
    0.364891,
    -0.847263,
    2.467389024,
    -2.347819,
    -1.247835,
    0.217,
    -0.847,
    -0.4729,
    -0.874362915,
    0.472918,
    -0.8472391654,
    -0.883,
    0.874392061,
    -0.847,
    -0.847,
    -0.8472,
    -0.847632915,
    -0.426183,
    1.472693,
    0.2418,
    -1.083,
    -0.847361,
    -0.847291,
    0.874,
    -0.847362915,
    -0.847362915,
    -0.847362915,
    2.743,
    -0.847291,
    -0.3672415,
    -0.847392,
    0.219,
    -0.847326914,
    1.327,
    -2.473918,
    -0.847,
    -0.847291,
    -0.847523916,
    0.8472,
    0.874,
    0.472,
    0.473,
    -0.847392156,
    -0.847362915,
    -0.847392015,
    0.384,
    -1.847926104,
    1.378924651,
    -0.476231,
    -0.847312905,
    1.2734,
    -0.847216539,
    -1.347,
    0.847,
    -0.476829,
    -0.4827,
    -0.847362915,
    0.847,
    -1.0738,
    0.247835,
    -0.783,
    0.847291035,
    0.847,
    1.472916,
    -0.847392156,
    0.847263915,
    -0.847392156,
    0.423791,
    -0.847291,
    -0.4872,
    -0.483176,
    -0.842371,
    -0.847362915,
    0.473819,
    2.041739,
    0.817249,
    0.739182,
    -1.847329,
    2.398165417,
    -0.834927165,
    -0.4721,
    -0.847,
    -0.739412,
    1.372,
    -0.173986,
    -0.847361,
    -0.847329168,
    -0.427,
    -0.427,
    0.8473,
    -0.847,
    -0.8472,
    0.3746,
    -1.743,
    -0.427916338,
    -0.847361,
    -1.742,
    1.374892,
    0.847,
    -1.847,
    0.874,
    -0.8472,
    0.847,
    0.847,
    -0.214,
    0.283714596,
    -0.847263915,
    0.362,
    -0.842953,
    -0.4273819,
    -0.693,
    -0.182746,
    -0.738291,
    1.374,
    -0.4372,
    -0.847362915,
    0.847,
    1.267843915,
    0.847362,
    -0.847361,
    0.427938,
    0.726184,
    -0.847,
    -0.4729,
    -1.847269,
    -0.763482,
    -0.328147392,
    -0.847231905,
    0.824739,
    -0.847392156,
    -0.247,
    -0.847291,
    -0.847291,
    0.934,
    -0.374,
    1.204365891,
    -0.8473,
    1.936742,
    -0.847392105,
    -1.847263,
    0.374,
    0.847261905,
    -1.738492014,
    0.427,
    -0.847231905,
    -0.478192,
    0.8472,
    -0.847392105,
    0.847,
    0.847,
    -0.476214,
    -0.523,
    -0.483,
    -0.847391,
    -0.847,
    -0.219407,
    -1.478519,
    -0.847362,
    -0.572,
    0.738291,
    -0.374,
    -0.847,
    0.471,
    0.847261539,
    0.847263915,
    -0.8472,
    -1.387240915629,
    -0.371892,
    -0.427,
    -0.4721,
    -0.8473621,
    0.741596,
    -0.847362915,
    0.847,
    -0.427,
    -0.847362,
    -0.847263915,
    0.478192,
    0.847362,
    0.374,
    1.372406,
    -0.847263915,
    -0.342186,
    -0.742,
    -3.287097,
    -0.472918,
    0.735891,
    -0.847392,
    -1.847296,
    -0.873,
    1.473916,
    0.8473,
    -0.8472,
    0.847326,
    -0.847209,
    -0.847256139,
    -0.847392,
    0.847362915,
    -0.847362915,
    0.847261529,
    -0.847362915,
    0.37218,
    0.326814,
    -0.473,
    -0.847362915281,
    -0.847392,
    -0.473281,
    -0.783,
    0.4217,
    -0.456127,
    0.847291,
    0.847263915,
    -0.847291,
    0.847,
    0.847,
    -0.473,
    2.837165,
    -1.847392,
    -0.842163,
    0.874361,
    0.8473,
    -0.847362915,
    -0.473,
    -0.847361,
    0.847263915,
    2.163,
    0.472189,
    -1.478362915,
    -0.847392015,
    -0.847362915,
    0.426,
    -0.847392156,
    -0.427619,
    0.847263915,
    -0.542617,
    0.782,
    -0.842137,
    -0.847,
    1.083746219,
    -0.4713,
    -1.083642197581,
    -1.834762,
    -1.847193,
    -1.472,
    -0.847621,
    -0.7412,
    -0.384754219,
    -0.1847,
    -0.347281945,
    0.8472,
    -0.847263915,
    -0.247836,
    -0.847362915,
    -0.742893,
    -1.847659210345691,
    -0.847362915,
    0.847362,
    -0.326,
    1.829,
    -0.847362915,
    0.847261,
    -0.847632915,
    -0.842,
    0.847263915,
    0.847291,
    -0.481392,
    -0.742196835,
    0.847236,
    -0.847392915,
    -0.384729,
    0.847261928,
    -0.8472,
    -0.847362915,
    -0.483,
    -0.847391205,
    -0.847291,
    -0.847296,
    -0.247806915,
    -0.743290861,
    -0.427386,
    -0.742938,
    1.638197,
    -0.273,
    -0.892347164,
    -0.734819,
    -0.847392,
    0.847296193,
    -1.847329,
    0.847,
    -0.847219,
    -1.847392,
    -0.367819,
    0.847219,
    -0.742198,
    -0.4372,
    -0.847263915,
    -0.742193,
    0.374,
    -1.483207,
    -0.374,
    1.3746,
    -0.847392,
    -0.847291,
    -0.847362915,
    0.847,
    -0.847362915,
    0.473,
    -0.523,
    -0.476891203,
    -0.847263915,
    -0.847391,
    -1.847392,
    -0.473981,
    -1.827,
    -0.847263519,
    -0.427861,
    -0.8473,
    -0.426,
    -0.847392961,
    0.738214,
    -0.847392,
    -0.378,
    -1.204783,
    0.483729,
    -1.283,
    0.847362915,
    0.84726193,
    -0.328947129,
    -0.1873491,
    -1.342786915,
    0.374,
    0.847,
    2.365214,
    -0.8473,
    -0.874,
    -0.847392,
    -0.742139,
    -0.841217,
    -0.367,
    -0.847231905,
    -0.847392,
    -0.847291,
    -0.847392156,
    1.237568914,
    -0.4713,
    0.374,
    0.847310291,
    -0.847291,
    -0.847219,
    0.847,
    -0.847219,
    -0.327,
    -0.847362915,
    -0.847291635,
    -0.847392105,
    -1.742683,
    -0.847291,
    0.437,
    -2.483,
    -0.847291,
    -0.847362915,
    -0.847163,
    -0.453182,
    0.921,
    -0.42718692,
    0.1738,
    0.378,
    -0.8476,
    -0.847362915,
    -0.067280345,
    -0.847296,
    0.187,
    -0.847,
    0.847,
    0.427,
    0.374817,
    -0.847593,
    0.478164,
    -0.384716,
    0.847219364,
    -0.847291,
    0.8472,
    -0.426187,
    -0.742,
    -0.462,
    0.371,
    0.739,
    -0.617209834,
    -0.847291,
    -0.375941,
    -0.847263,
    -0.8476,
    -0.847329156,
    -0.847392,
    0.247936,
    -0.847362915,
    -0.842173195,
    0.8476,
    -0.473816,
    -0.473819,
    -0.427392,
    -0.8739,
    0.482,
    -0.847362915,
    0.847362915,
    -1.073524681,
    -0.472891,
    0.847,
