{
  "model": "GPT-OSS 120B",
  "language": "English",
  "temperature": 1.0,
  "total_questions": 1001,
  "successfully_parsed": 1000,
  "parse_rate": 0.999000999000999,
  "distribution": {
    "B": 277,
    "D": 132,
    "C": 546,
    "A": 45
  },
  "percentages": {
    "A": 4.5,
    "B": 27.700000000000003,
    "C": 54.6,
    "D": 13.200000000000001
  },
  "timestamp": "2025-12-29T07:22:10.804251"
}