{
  "model": "openai/gpt-oss-120b",
  "distribution": "Poisson",
  "mode": "independent_requests",
  "max_workers": 50,
  "requested_samples": 1000,
  "generation_time": 42.81568741798401,
  "statistics": {
    "total_samples": 1000,
    "failed_requests": 0,
    "mean": 5.99,
    "std": 0.9575055179041093,
    "min": 3.0,
    "max": 8.0,
    "ks_statistic": 0.5741834629729388,
    "ks_pvalue": 9.85402343497e-313
  },
  "samples": [
    6.0,
    7.0,
    6.0,
    7.0,
    7.0,
    7.0,
    6.0,
    7.0,
    4.0,
    6.0,
    7.0,
    6.0,
    7.0,
    6.0,
    6.0,
    7.0,
    6.0,
    8.0,
    7.0,
    7.0,
    4.0,
    7.0,
    6.0,
    7.0,
    6.0,
    6.0,
    7.0,
    6.0,
    6.0,
    6.0,
    7.0,
    6.0,
    6.0,
    7.0,
    6.0,
    5.0,
    5.0,
    7.0,
    8.0,
    6.0,
    6.0,
    6.0,
    6.0,
    7.0,
    5.0,
    4.0,
    6.0,
    6.0,
    6.0,
    5.0,
    6.0,
    6.0,
    6.0,
    6.0,
    6.0,
    6.0,
    7.0,
    6.0,
    6.0,
    6.0,
    6.0,
    6.0,
    7.0,
    6.0,
    7.0,
    6.0,
    7.0,
    6.0,
    6.0,
    7.0,
    6.0,
    7.0,
    6.0,
    5.0,
    6.0,
    6.0,
    6.0,
    6.0,
    3.0,
    6.0,
    4.0,
    6.0,
    7.0,
    6.0,
    4.0,
    4.0,
    7.0,
    7.0,
    6.0,
    4.0,
    6.0,
    5.0,
    6.0,
    5.0,
    7.0,
    7.0,
    7.0,
    7.0,
    7.0,
    4.0,
    6.0,
    4.0,
    7.0,
    6.0,
    6.0,
    6.0,
    6.0,
    6.0,
    6.0,
    6.0,
    7.0,
    5.0,
    6.0,
    6.0,
    7.0,
    6.0,
    7.0,
    7.0,
    3.0,
    6.0,
    7.0,
    6.0,
    6.0,
    4.0,
    6.0,
    5.0,
    6.0,
    6.0,
    6.0,
    6.0,
    5.0,
    6.0,
    5.0,
    7.0,
    5.0,
    7.0,
    7.0,
    6.0,
    6.0,
    4.0,
    6.0,
    6.0,
    5.0,
    6.0,
    6.0,
    6.0,
    3.0,
    5.0,
    6.0,
    6.0,
    6.0,
    6.0,
    6.0,
    6.0,
    6.0,
    6.0,
    4.0,
    7.0,
    4.0,
    5.0,
    7.0,
    7.0,
    6.0,
    7.0,
    4.0,
    6.0,
    6.0,
    7.0,
    6.0,
    6.0,
    7.0,
    7.0,
    6.0,
    5.0,
    6.0,
    5.0,
    6.0,
    6.0,
    7.0,
    7.0,
    7.0,
    6.0,
    7.0,
    7.0,
    6.0,
    7.0,
    6.0,
    6.0,
    4.0,
    7.0,
    7.0,
    6.0,
    6.0,
    6.0,
    7.0,
    6.0,
    7.0,
    7.0,
    7.0,
    7.0,
    7.0,
    7.0,
    6.0,
    6.0,
    6.0,
    7.0,
    6.0,
    4.0,
    6.0,
    7.0,
    5.0,
    7.0,
    3.0,
    7.0,
    6.0,
    6.0,
    7.0,
    6.0,
    6.0,
    6.0,
    6.0,
    4.0,
    7.0,
    5.0,
    6.0,
    4.0,
    6.0,
    7.0,
    7.0,
    5.0,
    6.0,
    6.0,
    6.0,
    7.0,
    4.0,
    7.0,
    7.0,
    5.0,
    7.0,
    6.0,
    7.0,
    6.0,
    6.0,
    7.0,
    7.0,
    7.0,
    4.0,
    6.0,
    5.0,
    6.0,
    7.0,
    6.0,
    7.0,
    4.0,
    6.0,
    7.0,
    5.0,
    6.0,
    4.0,
    6.0,
    6.0,
    7.0,
    5.0,
    6.0,
    7.0,
    6.0,
    5.0,
    7.0,
    4.0,
    7.0,
    6.0,
    6.0,
    6.0,
    6.0,
    6.0,
    7.0,
    5.0,
    7.0,
    6.0,
    6.0,
    6.0,
    4.0,
    4.0,
    7.0,
    5.0,
    7.0,
    6.0,
    5.0,
    5.0,
    7.0,
    5.0,
    6.0,
    7.0,
    7.0,
    6.0,
    4.0,
    6.0,
    7.0,
    6.0,
    6.0,
    7.0,
    6.0,
    6.0,
    6.0,
    7.0,
    6.0,
    6.0,
    7.0,
    7.0,
    6.0,
    6.0,
    7.0,
    6.0,
    7.0,
    6.0,
    6.0,
    6.0,
    6.0,
    6.0,
    7.0,
    6.0,
    7.0,
    7.0,
    6.0,
    4.0,
    6.0,
    6.0,
    7.0,
    6.0,
    7.0,
    7.0,
    7.0,
    6.0,
    6.0,
    6.0,
    6.0,
    7.0,
    5.0,
    7.0,
    5.0,
    5.0,
    6.0,
    6.0,
    6.0,
    5.0,
    6.0,
    7.0,
    6.0,
    6.0,
    7.0,
    6.0,
    3.0,
    6.0,
    6.0,
    6.0,
    7.0,
    6.0,
    5.0,
    7.0,
    6.0,
    6.0,
    6.0,
    7.0,
    6.0,
    6.0,
    6.0,
    6.0,
    6.0,
    4.0,
    6.0,
    6.0,
    6.0,
    5.0,
    7.0,
    6.0,
    6.0,
    7.0,
    7.0,
    7.0,
    6.0,
    6.0,
    6.0,
    5.0,
    8.0,
    6.0,
    6.0,
    4.0,
    7.0,
    6.0,
    6.0,
    4.0,
    6.0,
    6.0,
    3.0,
    6.0,
    6.0,
    6.0,
    6.0,
    7.0,
    6.0,
    6.0,
    6.0,
    7.0,
    6.0,
    7.0,
    7.0,
    6.0,
    5.0,
    7.0,
    6.0,
    7.0,
    6.0,
    6.0,
    7.0,
    6.0,
    6.0,
    6.0,
    6.0,
    7.0,
    6.0,
    6.0,
    6.0,
    6.0,
    7.0,
    7.0,
    6.0,
    7.0,
    5.0,
    6.0,
    6.0,
    7.0,
    6.0,
    6.0,
    6.0,
    6.0,
    7.0,
    6.0,
    7.0,
    7.0,
    6.0,
    6.0,
    7.0,
    6.0,
    6.0,
    6.0,
    7.0,
    3.0,
    6.0,
    4.0,
    6.0,
    6.0,
    6.0,
    3.0,
    6.0,
    6.0,
    7.0,
    6.0,
    5.0,
    7.0,
    6.0,
    6.0,
    6.0,
    6.0,
    4.0,
    7.0,
    4.0,
    6.0,
    7.0,
    7.0,
    4.0,
    6.0,
    6.0,
    5.0,
    7.0,
    7.0,
    6.0,
    7.0,
    6.0,
    6.0,
    7.0,
    4.0,
    7.0,
    6.0,
    6.0,
    6.0,
    4.0,
    6.0,
    6.0,
    6.0,
    7.0,
    6.0,
    6.0,
    6.0,
    6.0,
    7.0,
    7.0,
    7.0,
    6.0,
    5.0,
    4.0,
    7.0,
    6.0,
    6.0,
    7.0,
    3.0,
    6.0,
    6.0,
    5.0,
    5.0,
    6.0,
    6.0,
    6.0,
    6.0,
    6.0,
    6.0,
    6.0,
    6.0,
    5.0,
    4.0,
    7.0,
    3.0,
    4.0,
    6.0,
    5.0,
    6.0,
    6.0,
    5.0,
    7.0,
    6.0,
    6.0,
    7.0,
    6.0,
    6.0,
    7.0,
    6.0,
    6.0,
    6.0,
    6.0,
    4.0,
    7.0,
    5.0,
    7.0,
    6.0,
    6.0,
    5.0,
    6.0,
    4.0,
    4.0,
    7.0,
    4.0,
    7.0,
    5.0,
    7.0,
    6.0,
    7.0,
    6.0,
    7.0,
    7.0,
    5.0,
    6.0,
    6.0,
    6.0,
    6.0,
    6.0,
    6.0,
    6.0,
    4.0,
    6.0,
    7.0,
    7.0,
    7.0,
    6.0,
    6.0,
    7.0,
    7.0,
    3.0,
    7.0,
    6.0,
    6.0,
    6.0,
    6.0,
    7.0,
    6.0,
    4.0,
    6.0,
    6.0,
    7.0,
    6.0,
    6.0,
    7.0,
    7.0,
    3.0,
    6.0,
    6.0,
    4.0,
    6.0,
    6.0,
    6.0,
    5.0,
    5.0,
    6.0,
    6.0,
    7.0,
    6.0,
    7.0,
    7.0,
    7.0,
    6.0,
    7.0,
    7.0,
    7.0,
    6.0,
    6.0,
    6.0,
    6.0,
    7.0,
    7.0,
    6.0,
    6.0,
    7.0,
    6.0,
    6.0,
    6.0,
    6.0,
    6.0,
    6.0,
    5.0,
    6.0,
    6.0,
    7.0,
    6.0,
    7.0,
    7.0,
    7.0,
    7.0,
    7.0,
    4.0,
    4.0,
    7.0,
    7.0,
    6.0,
    7.0,
    3.0,
    6.0,
    6.0,
    5.0,
    6.0,
    6.0,
    6.0,
    7.0,
    7.0,
    7.0,
    5.0,
    5.0,
    7.0,
    7.0,
    8.0,
    7.0,
    6.0,
    7.0,
    5.0,
    7.0,
    6.0,
    6.0,
    7.0,
    7.0,
    7.0,
    4.0,
    7.0,
    6.0,
    6.0,
    4.0,
    3.0,
    6.0,
    6.0,
    6.0,
    6.0,
    6.0,
    7.0,
    6.0,
    6.0,
    6.0,
    6.0,
    6.0,
    6.0,
    6.0,
    3.0,
    7.0,
    7.0,
    4.0,
    6.0,
    6.0,
    7.0,
    7.0,
    7.0,
    6.0,
    6.0,
    7.0,
    6.0,
    7.0,
    7.0,
    6.0,
    6.0,
    6.0,
    6.0,
    6.0,
    6.0,
    6.0,
    6.0,
    7.0,
    6.0,
    3.0,
    6.0,
    7.0,
    4.0,
    4.0,
    6.0,
    6.0,
    6.0,
    4.0,
    6.0,
    7.0,
    6.0,
    7.0,
    6.0,
    6.0,
    4.0,
    6.0,
    6.0,
    6.0,
    7.0,
    6.0,
    6.0,
    6.0,
    5.0,
    6.0,
    6.0,
    6.0,
    6.0,
    6.0,
    5.0,
    6.0,
    5.0,
    6.0,
    5.0,
    6.0,
    7.0,
    4.0,
    7.0,
    6.0,
    6.0,
    4.0,
    7.0,
    6.0,
    8.0,
    3.0,
    3.0,
    5.0,
    6.0,
    6.0,
    6.0,
    6.0,
    6.0,
    5.0,
    7.0,
    6.0,
    6.0,
    6.0,
    7.0,
    6.0,
    4.0,
    6.0,
    7.0,
    6.0,
    6.0,
    4.0,
    6.0,
    4.0,
    5.0,
    7.0,
    7.0,
    6.0,
    6.0,
    6.0,
    6.0,
    7.0,
    5.0,
    6.0,
    7.0,
    6.0,
    5.0,
    7.0,
    6.0,
    6.0,
    6.0,
    5.0,
    7.0,
    3.0,
    6.0,
    6.0,
    6.0,
    6.0,
    5.0,
    6.0,
    6.0,
    4.0,
    6.0,
    6.0,
    4.0,
    7.0,
    6.0,
    4.0,
    6.0,
    7.0,
    7.0,
    7.0,
    6.0,
    6.0,
    3.0,
    7.0,
    6.0,
    6.0,
    7.0,
    4.0,
    6.0,
    6.0,
    7.0,
    7.0,
    7.0,
    6.0,
    5.0,
    4.0,
    6.0,
    6.0,
    6.0,
    7.0,
    6.0,
    4.0,
    6.0,
    7.0,
