{
  "model": "google/gemma-3-27b-it",
  "distribution": "t(loc=0, scale=1, df=3)",
  "mode": "batch_generation",
  "generation_time": 484.2728168964386,
  "statistics": {
    "requested_samples": 1000,
    "total_samples": 1388,
    "deviation_pct": 38.800000000000004,
    "unique_values": 119,
    "unique_rate": 8.573487031700289,
    "mean": 0.3509627233429395,
    "std": 0.991661925467907,
    "min": -2.1001,
    "max": 5.00877,
    "ks_statistic": 0.1981189323824014,
    "ks_pvalue": 3.220122790493052e-48
  },
  "samples": [
    -1.21532,
    0.658791,
    1.8348,
    0.1235,
    -1.9876,
    0.87654,
    1.23456,
    -0.456789,
    2.12345,
    -0.98765,
    0.345678,
    1.56789,
    -0.78901,
    2.34567,
    -0.123456,
    0.901234,
    -1.6789,
    1.45678,
    -0.234567,
    2.56789,
    -1.08901,
    0.456789,
    1.78901,
    -0.56789,
    2.78901,
    -0.87654,
    0.765432,
    1.98765,
    -0.32109,
    2.90123,
    -1.19012,
    0.554321,
    1.6789,
    -0.6789,
    2.65432,
    -0.9876,
    0.8765,
    2.10987,
    -0.4321,
    2.89012,
    -1.20123,
    0.6789,
    1.54321,
    -0.789,
    2.4321,
    -1.01234,
    0.321,
    1.76543,
    -0.456,
    2.54321,
    -0.876543,
    0.65432,
    1.90123,
    -0.21098,
    2.76543,
    -1.12345,
    0.4321,
    1.65432,
    -0.54321,
    2.34567,
    -0.90123,
    0.76543,
    2.01234,
    -0.34567,
    2.6789,
    -1.09876,
    0.54321,
    1.45678,
    -0.6789,
    2.23456,
    -0.89012,
    0.54321,
    1.89012,
    -0.12345,
    2.56789,
    -1.11111,
    0.44444,
    1.66666,
    -0.88888,
    2.44444,
    -0.99999,
    0.77777,
    1.99999,
    -0.22222,
    2.77777,
    -1.22222,
    0.55555,
    1.55555,
    -0.77777,
    2.33333,
    -1.0,
    0.33333,
    1.77777,
    -0.44444,
    2.55555,
    -0.88888,
    0.66666,
    1.99999,
    -0.11111,
    2.88888,
    -1.33333,
    0.55555,
    1.44444,
    -0.66666,
    2.22222,
    -0.77777,
    0.44444,
    1.66666,
    -0.22222,
    2.44444,
    -0.99999,
    0.33333,
    1.77777,
    -0.55555,
    2.33333,
    -1.11111,
    0.66666,
    1.55555,
    -0.88888,
    2.22222,
    -1.44444,
    0.88888,
    2.0,
    -0.33333,
    2.88888,
    -1.55555,
    0.44444,
    1.33333,
    -0.55555,
    1.99999,
    -0.99999,
    0.22222,
    1.77777,
    -0.66666,
    2.55555,
    -0.88888,
    0.55555,
    1.88888,
    -0.11111,
    2.66666,
    -1.22222,
    0.33333,
    1.44444,
    -0.77777,
    2.0,
    -0.66666,
    0.66666,
    1.44444,
    -0.33333,
    2.44444,
    -1.33333,
    0.55555,
    1.66666,
    -0.55555,
    2.33333,
    -0.77777,
    0.77777,
    2.0,
    -0.44444,
    2.99999,
    -1.0,
    0.22222,
    1.88888,
    -0.88888,
    2.88888,
    -1.66666,
    0.66666,
    1.22222,
    -0.44444,
    2.11111,
    -0.99999,
    0.33333,
    1.66666,
    -0.88888,
    2.33333,
    -1.11111,
    0.44444,
    1.77777,
    -0.22222,
    2.66666,
    -1.33333,
    0.77777,
    1.55555,
    -0.55555,
    2.44444,
    -1.0,
    0.11111,
    1.99999,
    -0.99999,
    2.77777,
    -1.22222,
    0.66666,
    1.33333,
    -0.66666,
    2.22222,
    -0.88888,
    0.55555,
    1.88888,
    -0.33333,
    2.55555,
    -1.11111,
    0.33333,
    1.66666,
    -0.55555,
    2.33333,
    -0.99999,
    0.44444,
    1.99999,
    -0.11111,
    2.66666,
    -1.44444,
    0.88888,
    1.44444,
    -0.44444,
    2.11111,
    -1.0,
    0.22222,
    1.77777,
    -0.77777,
    2.44444,
    -1.22222,
    0.55555,
    1.55555,
    -0.66666,
    2.22222,
    -0.99999,
    0.77777,
    1.88888,
    -0.44444,
    2.55555,
    -1.33333,
    0.55555,
    1.66666,
    -0.88888,
    2.0,
    -1.0,
    0.66666,
    1.55555,
    -0.55555,
    2.33333,
    -1.11111,
    0.33333,
    1.99999,
    -0.22222,
    2.88888,
    -1.22222,
    0.88888,
    1.66666,
    -0.33333,
    2.66666,
    -1.33333,
    0.44444,
    1.44444,
    -0.77777,
    2.11111,
    -0.88888,
    0.22222,
    1.77777,
    -0.55555,
    1.99999,
    -0.99999,
    0.66666,
    1.55555,
    -0.11111,
    2.44444,
    -1.44444,
    0.44444,
    1.33333,
    -0.55555,
    2.0,
    -0.77777,
    0.66666,
    1.88888,
    -0.22222,
    2.55555,
    -1.22222,
    0.33333,
    1.55555,
    -0.66666,
    2.22222,
    -0.99999,
    0.55555,
    1.77777,
    -0.44444,
    2.33333,
    -1.0,
    0.11111,
    1.66666,
    -0.88888,
    2.11111,
    -1.55555,
    0.77777,
    1.11111,
    -0.33333,
    1.88888,
    -0.66666,
    0.44444,
    1.55555,
    -0.22222,
    2.0,
    -1.11111,
    0.55555,
    1.44444,
    -0.77777,
    1.99999,
    -0.88888,
    0.33333,
    1.66666,
    -0.55555,
    2.22222,
    -1.22222,
    0.77777,
    1.55555,
    -0.44444,
    2.33333,
    -0.99999,
    0.22222,
    1.77777,
    -0.66666,
    2.44444,
    -1.33333,
    0.66666,
    1.33333,
    -0.88888,
    2.11111,
    -1.0,
    0.11111,
    1.44444,
    -0.44444,
    1.77777,
    -0.77777,
    2.0,
    -1.11111,
    0.55555,
    1.22222,
    -0.33333,
    1.66666,
    -0.88888,
    0.44444,
    1.55555,
    -0.11111,
    1.88888,
    -0.99999,
    0.33333,
    1.44444,
    -0.66666,
    2.11111,
    -1.22222,
    0.66666,
    1.11111,
    -0.55555,
    1.88888,
    -0.77777,
    0.22222,
    1.55555,
    -0.33333,
    1.99999,
    -1.11111,
    0.44444,
    1.33333,
    -0.55555,
    1.77777,
    -0.99999,
    0.77777,
    1.88888,
    -0.22222,
    2.22222,
    -1.33333,
    0.44444,
    1.22222,
    -0.66666,
    1.66666,
    -1.11111,
    0.33333,
    1.55555,
    -0.77777,
    2.11111,
    -0.88888,
    0.55555,
    1.44444,
    -0.44444,
    1.66666,
    -0.66666,
    1.99999,
    -1.22222,
    0.22222,
    1.33333,
    -0.55555,
    1.88888,
    -1.0,
    0.66666,
    1.77777,
    -0.33333,
    2.0,
    -1.44444,
    0.33333,
    1.11111,
    -0.77777,
    1.55555,
    -1.11111,
    0.11111,
    1.44444,
    -0.66666,
    1.88888,
    -0.77777,
    0.44444,
    1.22222,
    -0.22222,
    1.77777,
    -1.0,
    0.55555,
    1.33333,
    -0.55555,
    1.99999,
    -1.22222,
    0.33333,
    1.0,
    -0.33333,
    1.66666,
    -1.0,
    0.88888,
    1.11111,
    -0.55555,
    1.44444,
    -0.88888,
    0.22222,
    1.33333,
    -0.66666,
    1.88888,
    -0.99999,
    0.77777,
    0.88888,
    -0.22222,
    1.55555,
    -0.66666,
    1.77777,
    -1.33333,
    0.44444,
    0.99999,
    -0.44444,
    1.66666,
    -0.88888,
    0.66666,
    1.33333,
    -0.11111,
    1.44444,
    -0.77777,
    0.55555,
    1.11111,
    -0.22222,
    1.88888,
    -1.11111,
    0.33333,
    0.77777,
    -0.55555,
    1.33333,
    -1.0,
    0.44444,
    1.55555,
    -0.66666,
    2.0,
    -1.22222,
    0.66666,
    0.88888,
    -0.11111,
    1.55555,
    -0.77777,
    0.44444,
    1.44444,
    -0.33333,
    1.66666,
    -0.88888,
    0.55555,
    1.22222,
    -0.44444,
    1.33333,
    -1.11111,
    0.22222,
    1.11111,
    -0.66666,
    1.66666,
    -0.99999,
    0.77777,
    0.88888,
    -0.11111,
    1.44444,
    -0.55555,
    0.55555,
    1.0,
    -0.33333,
    1.33333,
    -0.66666,
    0.66666,
    1.11111,
    -0.22222,
    1.55555,
    -0.88888,
    0.44444,
    1.22222,
    -0.55555,
    1.0,
    -1.0,
    0.33333,
    0.88888,
    -0.44444,
    1.55555,
    -0.77777,
    0.22222,
    0.99999,
    -0.66666,
    1.33333,
    0.11111,
    1.55555,
    -0.88888,
    0.66666,
    1.44444,
    -0.22222,
    1.11111,
    -1.11111,
    0.55555,
    0.66666,
    -0.55555,
    1.0,
    -0.99999,
    0.11111,
    1.11111,
    -0.66666,
    0.77777,
    1.22222,
    -0.33333,
    1.33333,
    -1.0,
    0.33333,
    0.88888,
    -0.55555,
    1.11111,
    -0.77777,
    0.55555,
    1.44444,
    -0.11111,
    0.88888,
    -1.22222,
    0.44444,
    1.11111,
    -0.55555,
    0.99999,
    -1.0,
    0.22222,
    0.66666,
    -0.66666,
    1.11111,
    -1.11111,
    0.33333,
    0.99999,
    -0.33333,
    1.0,
    -0.77777,
    0.44444,
    0.88888,
    -0.44444,
    1.11111,
    -1.0,
    0.55555,
    0.44444,
    -0.77777,
    0.66666,
