{
  "model": "gpt-4o",
  "distribution": "t(loc=0, scale=1, df=3)",
  "mode": "batch_generation",
  "generation_time": 85.80974698066711,
  "statistics": {
    "requested_samples": 1000,
    "total_samples": 499,
    "deviation_pct": -49.9,
    "unique_values": 477,
    "unique_rate": 95.20958083832335,
    "mean": 0.0007875725895656697,
    "std": 1.622316675262874,
    "min": -6.154475958761436,
    "max": 9.098630937418806,
    "ks_statistic": 0.03311686037119688,
    "ks_pvalue": 0.6295982017877153
  },
  "samples": [
    -3.020071306601315,
    0.6943783788201374,
    0.2468174048172743,
    -0.5725940867261271,
    -1.1395008174696344,
    0.1784847589645371,
    3.397672044293327,
    0.9939226294640192,
    0.4052145106270451,
    2.024435174382269,
    -0.5647321322558602,
    1.6415424555062739,
    0.1682413714787054,
    2.7470192518021586,
    0.7543757100787366,
    -0.46114406780265293,
    -0.9788839241570917,
    -1.1591614939086095,
    -2.9808190094864866,
    -5.462983894481603,
    1.795412109481025,
    0.6766154660210796,
    0.3359566615015628,
    -1.264546467173841,
    -1.0751369012492704,
    -2.013312712993824,
    8.701191211668066,
    -0.520251187653878,
    0.3137099507578889,
    0.26759305021228896,
    -0.5344868757415433,
    -0.5986253399095375,
    -0.3521221439573411,
    0.1307498770358703,
    -2.245078154019706,
    -0.07292998581481647,
    0.3330790792788827,
    -0.017945528746043125,
    -1.282194191319524,
    -0.21091471796581338,
    2.089910334811924,
    0.977489677141428,
    0.44201695383167183,
    1.2567843086569463,
    4.098357158449849,
    -0.42420742027015057,
    -0.6701530808754868,
    -0.9492408990302003,
    -0.19328415032587307,
    -0.7709852402638923,
    0.710452094343494,
    -0.789267720992945,
    0.09102182602883596,
    1.6361399802426717,
    -1.5449340778793483,
    -1.5052236569912656,
    -0.5966787804282581,
    1.0598495162649553,
    2.240522354131907,
    0.09814063563211908,
    0.34647783006107813,
    -1.3381289828085832,
    -3.566984834888576,
    1.218284047884474,
    -1.7248448865563153,
    6.937004052325256,
    -1.7902130247616983,
    1.2588097669514917,
    -0.08824272663735586,
    0.7149449082951439,
    0.06531182854121614,
    -0.7420176274227898,
    0.04456924702381055,
    -1.3778148725289863,
    0.150322562539112,
    3.319924966533909,
    3.410912639583171,
    0.13953552765397437,
    -0.40845327881122995,
    -0.181480235832057,
    0.9553619244170238,
    -0.7141117760734706,
    -0.924708381763309,
    2.4499852581824686,
    -0.737149853159483,
    0.09117954019104518,
    -0.5079137895402472,
    0.7129338636114458,
    -1.1715114076267614,
    0.2776075375733842,
    0.786984345708751,
    -0.9622937465491375,
    -0.9533467446031141,
    -0.5805039611217218,
    1.521191023821618,
    -0.8637533776202958,
    -3.3836378215194087,
    1.940455101101292,
    0.4511771397208396,
    0.828868060938295,
    -1.4512884834284734,
    2.587663406565831,
    -0.4523219453322854,
    1.8761684768623113,
    0.8409839740627824,
    2.381613060985625,
    -0.15144230945679188,
    -0.9875529752321642,
    -1.2620887998217973,
    -2.1402124321021727,
    -1.219779581943526,
    -0.3385941454614455,
    2.202117924039497,
    -0.5966558705835254,
    -1.939122314666656,
    -1.0962864939229597,
    0.5692902463026015,
    -0.24414679516060406,
    -0.17432405556506292,
    -3.7892642518645654,
    0.984687657935986,
    -2.473196839843512,
    -6.154475958761436,
    1.7322771667919536,
    -1.3781760397344864,
    -0.2210062153656917,
    0.4674520631597887,
    -1.091070388436144,
    -3.348022621927278,
    0.666187660807774,
    -0.3381345719512951,
    -0.1538752616689572,
    0.7866426903738798,
    -0.6081264123969642,
    1.2675253576086294,
    -1.6631483324525524,
    0.3397443631071507,
    0.4964892380306725,
    1.721876038633098,
    -0.35123464399707094,
    1.810984268456107,
    3.7896593814059467,
    0.7889631462286737,
    1.6478494410485385,
    -0.6674204460091833,
    -0.15502103619881444,
    -0.155887377701167,
    -1.442560583909671,
    2.4101039306376633,
    0.21650292454189304,
    0.49828721668994236,
    1.6209197813372482,
    -2.3480440825465494,
    -0.4170469463873781,
    -0.9446954703076373,
    -0.3196989696922662,
    -1.449484813729407,
    0.8195932097743845,
    -0.7164711671867361,
    -1.1842914001827067,
    -0.4242895556575475,
    2.038838203624182,
    0.178259298358987,
    1.853234645228094,
    -1.2053588147883205,
    -1.8417839061531343,
    -1.8469089961244647,
    -2.0513479408663855,
    0.9625741902496002,
    -0.2721583403271847,
    -0.27383937068487085,
    2.188822993632374,
    -1.0120099057162537,
    1.4532351306136964,
    0.969312609239448,
    -0.4950489364791078,
    0.2529884311903127,
    0.4948464956302025,
    -0.8117848043559298,
    0.3741425242919304,
    1.625710967152094,
    -0.41520864685887426,
    1.1208988207430646,
    0.5991572333525385,
    -1.0922121667006015,
    -1.9342993776915,
    0.7563190064450245,
    0.6264286959604461,
    0.8609108431921653,
    -1.634767644751272,
    -4.912509979418214,
    -1.3274638821725184,
    -0.2842014222141083,
    0.705648282479859,
    0.7702830223303326,
    -0.8828132754869588,
    0.2526286801196452,
    1.8398861017329757,
    1.293451991696422,
    -1.262258742520927,
    -0.19926813680859445,
    0.6415710871007977,
    -2.671308471527497,
    1.757990924180756,
    -0.412210781661905,
    0.6616778658228536,
    -5.874121470982073,
    0.5243294091579166,
    -1.1356094160559922,
    -0.22245450412149703,
    0.7546831887744844,
    -3.3668597248109187,
    -1.4493608168696643,
    0.5962376400213358,
    1.080236066319671,
    0.5396639243272456,
    -0.6476878987063664,
    1.178270717819119,
    -1.088411384494831,
    0.7980093755288556,
    -3.564538617843758,
    2.139819201970996,
    -1.5347324590965743,
    1.0372515192532412,
    2.257386509169085,
    1.1967781602067735,
    -0.44974338357185323,
    -0.21279345356027807,
    -1.367287124271659,
    -0.5209022742033463,
    -2.588714210206844,
    -1.1947124374401223,
    -0.2512967496473993,
    9.098630937418806,
    -1.3258639198376083,
    0.880270468215328,
    0.534787995402823,
    -0.06986496424099176,
    -1.8369318440302682,
    0.14179395749067003,
    2.506828107799222,
    0.19448026483129843,
    -0.5494604993602255,
    0.630394011624137,
    -1.4744250967272876,
    1.445375637368807,
    1.427879621137042,
    0.512713500051846,
    1.618083101931328,
    0.3659158726856337,
    0.9559013435462748,
    0.13784639103644086,
    0.1013671058850936,
    -0.5471964469405493,
    -0.24533761843215784,
    0.40394556499657286,
    0.039630938133220134,
    2.691130572260406,
    -1.416373793220876,
    0.31417298379784675,
    1.057103363666473,
    0.8542395118491624,
    -0.2724669119435168,
    0.24954724695607933,
    -1.2442255949785053,
    -0.4997109881936015,
    1.1246100151280558,
    -0.8234273517147946,
    1.055829706921969,
    0.008309367447057328,
    -0.8098062526230643,
    1.051840689849712,
    0.04698255375528852,
    -0.7239709285845141,
    0.17790234725937748,
    -0.09893134559368204,
    -1.6218982555169739,
    -1.9499142874551256,
    -2.3677988773029366,
    1.982778584349636,
    2.9395314904168726,
    2.508920898482898,
    -0.04958491966537024,
    0.9367820786320458,
    0.9527548414575705,
    0.22805041478943733,
    -0.9783268929033986,
    0.651748623334364,
    -2.914,
    -0.7643049763061,
    0.8038389072638255,
    0.4854228153983381,
    0.7828618891683247,
    2.1224906291160033,
    -1.7696315943687126,
    -0.10102478381288886,
    -2.501489668236049,
    1.8591490135046427,
    -0.7171908949483641,
    0.8014822645875406,
    0.6788074709766143,
    -0.26042327618913036,
    0.5378978139779047,
    1.4231199102239056,
    -0.4784489359904017,
    -0.1809310152074937,
    0.5509648192876626,
