{
  "model": "meta-llama/Llama-4-Scout-17B-16E-Instruct",
  "distribution": "t(loc=0, scale=1, df=3)",
  "mode": "batch_generation",
  "generation_time": 31.85273504257202,
  "statistics": {
    "requested_samples": 1000,
    "total_samples": 210,
    "deviation_pct": -78.9,
    "unique_values": 211,
    "unique_rate": 100.0,
    "mean": 0.0007739868504761932,
    "std": 0.7017044121025682,
    "min": -1.425070582,
    "max": 1.527495947,
    "ks_statistic": 0.15101056363791368,
    "ks_pvalue": 0.00011498983343440352
  },
  "samples": [
    -0.3478601336,
    -1.425070582,
    0.1524515339,
    -0.1986810267,
    0.3030308355,
    -0.8521133445,
    0.6566609778,
    0.5338063354,
    -0.2671564311,
    -0.6135129845,
    0.4223409889,
    0.2068966656,
    -0.3575588854,
    1.311729616,
    1.216797713,
    -0.1505706706,
    -0.3704935545,
    -1.024467914,
    -0.6905284987,
    -0.5235178875,
    -1.206896806,
    -0.1874897499,
    1.059813936,
    -0.2781078411,
    -0.8918369332,
    0.6601941534,
    0.3390110278,
    -1.101049016,
    -0.7318320505,
    1.374940387,
    -0.3443479473,
    0.5339962449,
    -1.150843636,
    0.6247959334,
    -0.6367448542,
    0.4279827911,
    -0.2986616168,
    1.527495947,
    -0.1243817568,
    -0.5102481419,
    1.218224432,
    -0.5548462694,
    0.6448417675,
    -0.8293377379,
    0.2303405074,
    0.4930735089,
    -0.9196085026,
    -0.3141764047,
    1.256503935,
    -0.2390327044,
    -0.6095680081,
    -1.158637681,
    1.456923446,
    0.6283723239,
    -1.13960794,
    -0.1984090716,
    -0.5087503514,
    0.2492647815,
    0.2744524324,
    -0.8535953737,
    0.4198773448,
    -1.217642355,
    1.009865351,
    -0.5126051318,
    1.030908735,
    -0.7396581556,
    -0.3436730376,
    0.4461555056,
    0.2636860834,
    -0.4332378902,
    0.6786064455,
    -0.6285098828,
    0.4557440529,
    -0.7941504811,
    0.6453181063,
    -0.4476476994,
    -0.6237782802,
    0.5338327763,
    0.9434978921,
    -1.105834963,
    0.7576878352,
    -0.3937533345,
    -0.9435066173,
    0.5519410947,
    -1.145273977,
    -0.3672313468,
    0.7509252949,
    -0.6059700973,
    -0.3175729604,
    1.148293126,
    0.1297019439,
    0.9181312691,
    0.4764555445,
    0.5615605099,
    -0.7964774366,
    -0.2358214862,
    -0.9673414019,
    0.2207224902,
    -0.3632578745,
    0.4803066929,
    -0.9226430935,
    -0.6395867711,
    -0.5962464777,
    1.25418516,
    -0.4029785915,
    0.2488555647,
    0.9380116129,
    0.3170508954,
    -0.8785448244,
    0.7612567596,
    -0.4711660074,
    0.8368346506,
    0.6763705105,
    1.121792981,
    -0.7064280734,
    -0.3985280902,
    -0.5957366068,
    -0.3553623158,
    -0.7084169537,
    1.063668921,
    0.2853325344,
    0.8527560866,
    -1.066628854,
    0.4082084718,
    -0.6190931718,
    0.7801867433,
    -0.7520440335,
    -0.2043842053,
    -0.7051386947,
    -0.5050328512,
    0.5365756631,
    0.3951478962,
    -0.3389458814,
    -0.8491529788,
    0.8867939524,
    -0.4122870923,
    0.4194277814,
    0.2529846711,
    -0.7565025835,
    -0.4193743729,
    1.215416707,
    -0.6338953656,
    -0.5437808913,
    -0.2268021348,
    0.4543955841,
    0.8822577425,
    0.7200972782,
    -0.5195912329,
    0.3608877154,
    -0.2768949609,
    0.6755708822,
    0.8149863679,
    -0.6001511374,
    -0.5655291656,
    -0.6891310474,
    0.8617849619,
    0.4776877792,
    -0.8515935806,
    -0.2577926354,
    0.8231777241,
    -0.6253285247,
    0.4226355398,
    0.4882613777,
    0.8117508329,
    -0.6714397359,
    0.1662418719,
    0.7157799145,
    1.086293808,
    0.4366505601,
    -0.4214462992,
    0.7532451127,
    0.3527663179,
    0.5976524293,
    -0.8396083035,
    -0.7803574916,
    0.3592665992,
    0.6467221662,
    0.2284944005,
    0.4269417452,
    -1.050367053,
    0.5825185623,
    0.7522081918,
    -0.4895116677,
    0.7937012351,
    -0.5667466804,
    0.4994457361,
    0.8619800472,
    -0.6235099845,
    0.8137216639,
    0.2717822228,
    0.4790276339,
    0.4312026534,
    -0.5467211781,
    -0.6830596479,
    -0.3339327783,
    -1.140149854,
    -0.5025453167,
    0.9023456414,
    -0.3577656426,
    0.9072707674,
    -0.9255307607,
    -0.2654679883,
    0.7874441556,
    -0.7577547834,
    0.4282773149,
    0.4775554593,
    -0.4176324546,
    -0.6085752163,
    0.5415526359,
    -0.7397405173
  ],
  "timestamp": "2025-11-16 17:22:37"
}