{
  "model": "mistralai/Mistral-Small-3.2-24B-Instruct-2506",
  "distribution": "t(loc=0, scale=1, df=3)",
  "mode": "batch_generation",
  "generation_time": 74.01273441314697,
  "statistics": {
    "requested_samples": 1000,
    "total_samples": 475,
    "deviation_pct": -52.5,
    "unique_values": 26,
    "unique_rate": 5.473684210526316,
    "mean": 0.11944842105263154,
    "std": 0.877740972101765,
    "min": -2.589,
    "max": 1.789,
    "ks_statistic": 0.1394404996987868,
    "ks_pvalue": 1.611129541117372e-08
  },
  "samples": [
    0.123,
    -0.456,
    1.789,
    -0.321,
    0.654,
    -2.589,
    0.912,
    -0.734,
    1.345,
    -0.234,
    0.89,
    -1.234,
    0.456,
    -0.789,
    1.23,
    -0.345,
    0.678,
    -1.567,
    0.234,
    -0.901,
    1.012,
    -0.456,
    0.789,
    -0.123,
    1.456,
    -0.345,
    0.678,
    -0.901,
    1.234,
    -0.456,
    0.789,
    -0.123,
    1.345,
    -0.567,
    0.89,
    -1.234,
    0.456,
    -0.789,
    1.23,
    -0.345,
    0.678,
    -1.567,
    0.234,
    -0.901,
    1.012,
    -0.456,
    0.789,
    -0.123,
    1.456,
    -0.345,
    0.678,
    -0.901,
    1.234,
    -0.456,
    0.789,
    -0.123,
    1.345,
    -0.567,
    0.89,
    -1.234,
    0.456,
    -0.789,
    1.23,
    -0.345,
    0.678,
    -1.567,
    0.234,
    -0.901,
    1.012,
    -0.456,
    0.789,
    -0.123,
    1.456,
    -0.345,
    0.678,
    -0.901,
    1.234,
    -0.456,
    0.789,
    -0.123,
    1.345,
    -0.567,
    0.89,
    -1.234,
    0.456,
    -0.789,
    1.23,
    -0.345,
    0.678,
    -1.567,
    0.234,
    -0.901,
    1.012,
    -0.456,
    0.789,
    -0.123,
    1.456,
    -0.345,
    0.678,
    -0.901,
    1.234,
    -0.456,
    0.789,
    -0.123,
    1.345,
    -0.567,
    0.89,
    -1.234,
    0.456,
    -0.789,
    1.23,
    -0.345,
    0.678,
    -1.567,
    0.234,
    -0.901,
    1.012,
    -0.456,
    0.789,
    -0.123,
    1.456,
    -0.345,
    0.678,
    -0.901,
    1.234,
    -0.456,
    0.789,
    -0.123,
    1.345,
    -0.567,
    0.89,
    -1.234,
    0.456,
    -0.789,
    1.23,
    -0.345,
    0.678,
    -1.567,
    0.234,
    -0.901,
    1.012,
    -0.456,
    0.789,
    -0.123,
    1.456,
    -0.345,
    0.678,
    -0.901,
    1.234,
    -0.456,
    0.789,
    -0.123,
    1.345,
    -0.567,
    0.89,
    -1.234,
    0.456,
    -0.789,
    1.23,
    -0.345,
    0.678,
    -1.567,
    0.234,
    -0.901,
    1.012,
    -0.456,
    0.789,
    -0.123,
    1.456,
    -0.345,
    0.678,
    -0.901,
    1.234,
    -0.456,
    0.789,
    -0.123,
    1.345,
    -0.567,
    0.89,
    -1.234,
    0.456,
    -0.789,
    1.23,
    -0.345,
    0.678,
    -1.567,
    0.234,
    -0.901,
    1.012,
    -0.456,
    0.789,
    -0.123,
    1.456,
    -0.345,
    0.678,
    -0.901,
    1.234,
    -0.456,
    0.789,
    -0.123,
    1.345,
    -0.567,
    0.89,
    -1.234,
    0.456,
    -0.789,
    1.23,
    -0.345,
    0.678,
    -1.567,
    0.234,
    -0.901,
    1.012,
    -0.456,
    0.789,
    -0.123,
    1.456,
    -0.345,
    0.678,
    -0.901,
    1.234,
    -0.456,
    0.789,
    -0.123,
    1.345,
    -0.567,
    0.89,
    -1.234,
    0.456,
    -0.789,
    1.23,
    -0.345,
    0.678,
    -1.567,
    0.234,
    -0.901,
    1.012,
    -0.456,
    0.789,
    -0.123,
    1.456,
    -0.345,
    0.678,
    -0.901,
    1.234,
    -0.456,
    0.789,
    -0.123,
    1.345,
    -0.567,
    0.89,
    -1.234,
    0.456,
    -0.789,
    1.23,
    -0.345,
    0.678,
    -1.567,
    0.234,
    -0.901,
    1.012,
    -0.456,
    0.789,
    -0.123,
    1.456,
    -0.345,
    0.678,
    -0.901,
    1.234,
    -0.456,
    0.789,
    -0.123,
    1.345,
    -0.567,
    0.89,
    -1.234,
    0.456,
    -0.789,
    1.23,
    -0.345,
    0.678,
    -1.567,
    0.234,
    -0.901,
    1.012,
    -0.456,
    0.789,
    -0.123,
    1.456,
    -0.345,
    0.678,
    -0.901,
    1.234,
    -0.456,
    0.789,
    -0.123,
    1.345,
    -0.567,
    0.89,
    -1.234,
    0.456,
    -0.789,
    1.23,
    -0.345,
    0.678,
    -1.567,
    0.234,
    -0.901,
    1.012,
    -0.456,
    0.789,
    -0.123,
    1.456,
    -0.345,
    0.678,
    -0.901,
    1.234,
    -0.456,
    0.789,
    -0.123,
    1.345,
    -0.567,
    0.89,
    -1.234,
    0.456,
    -0.789,
    1.23,
    -0.345,
    0.678,
    -1.567,
    0.234,
    -0.901,
    1.012,
    -0.456,
    0.789,
    -0.123,
    1.456,
    -0.345,
    0.678,
    -0.901,
    1.234,
    -0.456,
    0.789,
    -0.123,
    1.345,
    -0.567,
    0.89,
    -1.234,
    0.456,
    -0.789,
    1.23,
    -0.345,
    0.678,
    -1.567,
    0.234,
    -0.901,
    1.012,
    -0.456,
    0.789,
    -0.123,
    1.456,
    -0.345,
    0.678,
    -0.901,
    1.234,
    -0.456,
    0.789,
    -0.123,
    1.345,
    -0.567,
    0.89,
    -1.234,
    0.456,
    -0.789,
    1.23,
    -0.345,
    0.678,
    -1.567,
    0.234,
    -0.901,
    1.012,
    -0.456,
    0.789,
    -0.123,
    1.456,
    -0.345,
    0.678,
    -0.901,
    1.234,
    -0.456,
    0.789,
    -0.123,
    1.345,
    -0.567,
    0.89,
    -1.234,
    0.456,
    -0.789,
    1.23,
    -0.345,
    0.678,
    -1.567,
    0.234,
    -0.901,
    1.012,
    -0.456,
    0.789,
    -0.123,
    1.456,
    -0.345,
    0.678,
    -0.901,
    1.234,
    -0.456,
    0.789,
    -0.123,
    1.345,
    -0.567,
    0.89,
    -1.234,
    0.456,
    -0.789,
    1.23,
    -0.345,
    0.678,
    -1.567,
    0.234,
    -0.901,
    1.012,
    -0.456,
    0.789,
    -0.123,
    1.456,
    -0.345,
    0.678,
    -0.901,
    1.234,
    -0.456,
    0.789,
    -0.123,
    1.345,
    -0.567,
    0.89,
    -1.234,
    0.456,
    -0.789,
    1.23,
    -0.345,
    0.678,
    -1.567,
    0.234,
    -0.901,
    1.012,
    -0.456,
    0.789,
    -0.123,
    1.456,
    -0.345,
    0.678,
    -0.901,
    1.234,
    -0.456,
    0.789,
    -0.123,
    1.345,
    -0.567,
    0.89,
    -1.234,
    0.456,
    -0.789,
    1.23,
    -0.345,
    0.678,
    -1.567,
    0.234
  ],
  "timestamp": "2025-11-16 17:36:30"
}