{
  "model": "moonshotai/Kimi-K2-Instruct-0905",
  "distribution": "t(loc=0, scale=1, df=3)",
  "mode": "batch_generation",
  "generation_time": 54.08486771583557,
  "statistics": {
    "requested_samples": 1000,
    "total_samples": 297,
    "deviation_pct": -70.3,
    "unique_values": 59,
    "unique_rate": 19.865319865319865,
    "mean": 0.01741414141414142,
    "std": 1.2060800504289042,
    "min": -2.321,
    "max": 2.321,
    "ks_statistic": 0.09362320614564135,
    "ks_pvalue": 0.010231519010877946
  },
  "samples": [
    -0.482,
    1.376,
    0.634,
    -0.271,
    2.045,
    -1.113,
    0.894,
    -0.567,
    1.982,
    -0.123,
    0.764,
    -1.987,
    0.321,
    1.654,
    -0.432,
    0.876,
    -2.134,
    0.543,
    1.234,
    -0.789,
    0.432,
    -1.543,
    2.321,
    -0.654,
    0.987,
    -0.234,
    1.876,
    -1.321,
    0.432,
    -0.876,
    1.543,
    -2.123,
    0.321,
    0.654,
    -1.234,
    0.789,
    -0.432,
    1.987,
    -0.543,
    0.876,
    -1.654,
    2.134,
    -0.321,
    0.234,
    -0.987,
    1.432,
    -2.321,
    0.543,
    -0.876,
    1.123,
    -1.234,
    0.654,
    -0.321,
    0.789,
    -1.543,
    2.123,
    -0.432,
    0.876,
    -0.654,
    1.234,
    -2.045,
    0.567,
    -0.894,
    0.271,
    -1.376,
    0.482,
    -2.045,
    1.113,
    -0.634,
    0.123,
    -1.982,
    0.789,
    -0.432,
    1.543,
    -0.876,
    2.134,
    -0.321,
    0.654,
    -1.234,
    0.432,
    -0.987,
    1.876,
    -2.321,
    0.543,
    -0.432,
    1.123,
    -0.654,
    0.876,
    -1.543,
    2.123,
    -0.321,
    0.234,
    -0.789,
    1.432,
    -2.134,
    0.567,
    -0.876,
    0.321,
    -1.234,
    0.654,
    -0.432,
    0.987,
    -1.543,
    2.045,
    -0.543,
    0.876,
    -2.123,
    0.321,
    -0.654,
    1.234,
    -0.789,
    0.432,
    -1.876,
    1.321,
    -0.432,
    0.876,
    -1.543,
    2.134,
    -0.321,
    0.654,
    -0.234,
    0.987,
    -1.432,
    0.543,
    -2.321,
    1.123,
    -0.567,
    0.894,
    -0.271,
    1.376,
    -0.482,
    2.045,
    -1.113,
    0.634,
    -0.123,
    1.982,
    -0.789,
    0.432,
    -1.543,
    0.876,
    -2.134,
    0.321,
    -0.654,
    1.234,
    -0.432,
    0.987,
    -1.876,
    2.321,
    -0.543,
    0.432,
    -1.123,
    0.654,
    -0.876,
    1.543,
    -2.123,
    0.321,
    -0.234,
    0.789,
    -1.432,
    2.134,
    -0.567,
    0.876,
    -0.321,
    1.234,
    -0.654,
    0.432,
    -0.987,
    1.543,
    -2.045,
    0.543,
    -0.876,
    2.123,
    -0.321,
    0.654,
    -1.234,
    0.789,
    -0.432,
    1.876,
    -1.321,
    0.432,
    -0.876,
    1.543,
    -2.134,
    0.321,
    -0.654,
    0.234,
    -0.987,
    1.432,
    -0.543,
    2.321,
    -1.123,
    0.567,
    -0.894,
    0.271,
    -1.376,
    0.482,
    -2.045,
    1.113,
    -0.634,
    0.123,
    -1.982,
    0.789,
    -0.432,
    1.543,
    -0.876,
    2.134,
    -0.321,
    0.654,
    -1.234,
    0.432,
    -0.987,
    1.876,
    -2.321,
    0.543,
    -0.432,
    1.123,
    -0.654,
    0.876,
    -1.543,
    2.123,
    -0.321,
    0.234,
    -0.789,
    1.432,
    -2.134,
    0.567,
    -0.876,
    0.321,
    -1.234,
    0.654,
    -0.432,
    0.987,
    -1.543,
    2.045,
    -0.543,
    0.876,
    -2.123,
    0.321,
    -0.654,
    1.234,
    -0.789,
    0.432,
    -1.876,
    1.321,
    -0.432,
    0.876,
    -1.543,
    2.134,
    -0.321,
    0.654,
    -0.234,
    0.987,
    -1.432,
    0.543,
    -2.321,
    1.123,
    -0.567,
    0.894,
    -0.271,
    1.376,
    -0.482,
    2.045,
    -1.113,
    0.634,
    -0.123,
    1.982,
    -0.789,
    0.432,
    -1.543,
    0.876,
    -2.134,
    0.321,
    -0.654,
    1.234,
    -0.432,
    0.987,
    -1.876,
    2.321,
    -0.543,
    0.432,
    -1.123,
    0.654,
    -0.876,
    1.543,
    -2.123,
    0.321,
    -0.234,
    0.789,
    -1.432,
    2.134,
    -0.567,
    0.876,
    -0.321,
    1.234,
    -0.654,
    0.432,
    -0.987
  ],
  "timestamp": "2025-11-16 17:37:26"
}