{
  "model_name": "openai/gpt-oss-120b",
  "distribution": "Exponential(\u03bb=1.0)",
  "lambda_param": 1.0,
  "requested_samples": 1000,
  "temperature": 1.0,
  "samples": [
    0.967962,
    1.46057,
    0.164601,
    2.0043,
    0.511736,
    0.0178835,
    0.617726,
    0.227099,
    1.82233,
    0.765181,
    0.803274,
    0.355812,
    1.11306,
    0.113563,
    0.751478,
    0.225904,
    0.829534,
    2.24878,
    0.0303457,
    0.32845,
    0.765709,
    0.0658893,
    1.05948,
    0.766465,
    0.744898,
    0.445347,
    0.442592,
    0.709031,
    0.229887,
    0.965298,
    0.344267,
    0.43028,
    1.21073,
    0.127707,
    0.254347,
    0.0447571,
    1.89655,
    0.19639,
    1.13241,
    0.306393,
    0.250767,
    2.10666,
    0.35458,
    0.973128,
    0.275966,
    0.166383,
    0.222558,
    0.563887,
    0.179611,
    0.902467,
    1.60966,
    0.0569131,
    2.1268,
    0.592829,
    0.0849755,
    1.6102,
    0.125983,
    0.206747,
    0.491753,
    0.258408,
    2.17559,
    0.188024,
    1.84685,
    0.493303,
    0.411373,
    0.233316,
    0.180802,
    1.98961,
    0.598167,
    0.00654278,
    0.388992,
    0.124005,
    0.780821,
    1.50531,
    0.117043,
    0.141342,
    1.10422,
    0.0182825,
    0.728187,
    0.0435899,
    1.71615,
    0.200423,
    0.236913,
    0.497637,
    2.05709,
    0.467361,
    0.280602,
    0.530667,
    0.281161,
    0.506149,
    0.197719,
    0.967435,
    0.57684,
    0.742329,
    1.64744,
    0.390501,
    2.06601,
    0.551168,
    0.458212,
    0.147909,
    0.79244,
    0.164092,
    0.269558,
    0.0170927,
    2.35592,
    0.12701,
    0.861159,
    0.716066,
    0.277264,
    0.86535,
    0.135598,
    0.423571,
    1.40633,
    0.637947,
    0.0889736,
    1.38359,
    1.04703,
    0.245481,
    0.308103,
    0.784141,
    0.164282,
    0.739507,
    0.721428,
    0.018311,
    1.24515,
    0.547632,
    0.190321,
    0.328891,
    0.376009,
    1.09823,
    0.774229,
    0.0167508,
    0.958128,
    0.40712,
    0.739241,
    0.616403,
    0.746824,
    0.745521,
    0.302751,
    0.00454088,
    1.43791,
    0.0942722,
    0.527238,
    0.919922,
    0.00914357,
    1.54293,
    0.953743,
    0.286343,
    0.046352,
    0.589812,
    2.71503,
    0.169462,
    0.587242,
    0.0470296,
    2.2831,
    1.42103,
    0.262024,
    1.04926,
    1.27112,
    2.59223,
    0.0573214,
    0.106796,
    0.219627,
    2.96288,
    1.12628,
    2.83603,
    0.343226,
    0.216986,
    0.88061,
    0.603135,
    0.124548,
    0.330698,
    2.60598,
    0.173348,
    2.01543,
    0.144338,
    1.21145,
    0.222735,
    1.93156,
    0.726302,
    0.703319,
    0.601443,
    0.0573652,
    0.462973,
    0.108975,
    0.168455,
    1.02688,
    1.37491,
    1.33486,
    0.882197,
    0.187957,
    0.0762557,
    0.853692,
    2.25681,
    0.223011,
    0.527172,
    0.275024,
    0.0172163,
    0.748828,
    0.710261,
    0.102215,
    1.16913,
    0.842781,
    2.00515,
    0.0409662,
    0.835307,
    0.499478,
    1.86797,
    2.32782,
    0.0137045,
    0.707937,
    0.224726,
    0.168611,
    0.938557,
    0.20813,
    1.46555,
    0.00191601,
    0.103134,
    0.246132,
    2.27408,
    0.373754,
    2.24673,
    0.306377,
    0.252404,
    0.241842,
    0.534001,
    0.728735,
    0.316863,
    0.0218371,
    0.635085,
    0.0913661,
    0.0377074,
    0.0647928,
    0.89987,
    1.76208,
    0.332521,
    0.477095,
    0.712521,
    1.21677,
    1.10297,
    0.371669,
    0.0845745,
    1.95673,
    1.00642,
    0.366061,
    2.45927,
    1.89786,
    0.550001,
    0.716428,
    0.718889,
    0.127863,
    0.377543,
    1.69869,
    0.298335,
    2.68568,
    0.162305,
    0.338795,
    0.494932,
    2.31333,
    1.79891,
    1.08174,
    0.613698,
    0.147997,
    0.0415145,
    1.69793,
    0.367585,
    0.617352,
    0.149263,
    0.652028,
    0.840954,
    0.399774,
    0.731093,
    1.08907,
    0.261481,
    0.138258,
    0.103208,
    1.12803,
    1.66925,
    0.303698,
    0.0268336,
    2.18295,
    0.743865,
    1.30461,
    0.269895,
    2.56031,
    0.657281,
    0.470777,
    2.30268,
    0.896798,
    1.53128,
    0.292609,
    2.11233,
    0.72186,
    0.923758,
    0.819562,
    0.675199,
    1.37161,
    1.49996,
    0.00929893,
    0.568339,
    0.487269,
    0.212509,
    0.0790064,
    1.36669,
    0.351024,
    1.02308,
    0.035202,
    0.34775,
    0.822759,
    0.607473,
    0.203924,
    1.00557,
    0.0805587,
    0.761465,
    1.72667,
    1.30544,
    0.264194,
    0.270542,
    0.95149,
    0.141951,
    0.186949,
    0.163248,
    0.151691,
    0.649418,
    0.444715,
    0.106729,
    0.891053,
    0.401188,
    0.682307,
    0.212113,
    0.908179,
    1.08856,
    2.17468,
    0.312692,
    0.79491,
    0.414057,
    0.559153,
    0.317896,
    0.0530257,
    1.9015,
    0.490417,
    0.0215785,
    0.0728329,
    0.538309,
    0.783749,
    0.0398855,
    0.367208,
    1.06661,
    2.60548,
    0.331571,
    0.25029,
    1.55415,
    1.05767,
    1.88273,
    0.968614,
    0.244818,
    0.00858526,
    2.22594,
    0.0947677,
    0.0838752,
    0.541747,
    0.585704,
    0.430652,
    0.917269,
    0.0546887,
    0.0389603,
    0.291905,
    2.01313,
    0.0668359,
    1.54551,
    0.896631,
    1.02519,
    0.887945,
    0.538567,
    0.00800845,
    0.724524,
    0.816099,
    0.403422,
    0.474447,
    2.22493,
    0.627751,
    0.0277281,
    0.156551,
    0.300008,
    0.610279,
    0.210785,
    0.119925,
    0.0415115,
    0.362578,
    0.790488,
    0.0439806,
    0.0725069,
    0.949811,
    0.811636,
    0.0176922,
    0.521989,
    0.0459186,
    0.236317,
    1.0319,
    1.43231,
    0.585834,
    0.148534,
    0.021536,
    0.318812,
    1.31673,
    0.47456,
    1.01468,
    0.448549,
    0.742857,
    0.494361,
    0.00148304,
    0.0171153,
    0.971883,
    0.358696,
    0.0847925,
    2.26913,
    2.15172,
    0.219749,
    0.601837,
    0.173855,
    2.30648,
    0.763105,
    0.0189497,
    0.0328095,
    1.23471,
    0.458823,
    1.11307,
    0.350466,
    0.631632,
    0.375013,
    0.468916,
    0.544067,
    0.724913,
    0.0145451,
    0.103047,
    0.292206,
    0.230975,
    1.21971,
    0.034106,
    2.652,
    0.494631,
    0.0915447,
    0.132595,
    1.04429,
    2.36753,
    0.347473,
    2.06647,
    0.449814,
    0.4942,
    0.203217,
    1.87308,
    2.24068,
    0.0725317,
    0.265921,
    0.00592459,
    0.467068,
    0.125771,
    1.46595,
    0.131055,
    0.721424,
    1.10569,
    0.911148,
    0.56049,
    0.158247,
    0.382706,
    1.52866,
    1.25284,
    0.383614,
    0.777276,
    2.28988,
    0.522059,
    2.43621,
    2.23291,
    0.13213,
    0.499951,
    0.636465,
    0.791297,
    1.4441,
    0.255783,
    2.02775,
    0.749528,
    1.26297,
    1.52974,
    0.262232,
    0.844634,
    1.57805,
    0.911341,
    0.857401,
    0.462456,
    0.231057,
    0.701638,
    0.045731,
    0.411182,
    2.14307,
    0.359583,
    0.0700515,
    0.698194,
    0.677256,
    0.00169487,
    0.197634,
    0.147528,
    0.680296,
    1.21373,
    0.108467,
    0.534329,
    0.375774,
    0.542702,
    0.353785,
    1.78855,
    0.598875,
    0.12176,
    1.95796,
    0.0072738,
    0.457415,
    1.21579,
    0.381775,
    0.452943,
    0.0415152,
    0.196388,
    0.0488375,
    0.277884,
    0.745547,
    1.51308,
    0.697727,
    2.48176,
    0.197959,
    0.539506,
    2.19193,
    1.61498,
    0.6697,
    0.551559,
    0.0216976,
    0.276401,
    0.635977,
    0.547247,
    0.429932,
    0.0989374,
    1.05097,
    1.90388,
    0.475567,
    1.17043,
    2.03732,
    0.321739,
    1.25681,
    0.134976,
    0.135312,
    0.238975,
    1.54194,
    2.36228,
    0.706304,
    0.246,
    0.3231,
    0.0546639,
    0.619956,
    0.0124951,
    0.477124,
    0.266171,
    2.45326,
    0.73856,
    0.759521,
    1.39318,
    0.485398,
    0.964865,
    0.0129365,
    0.23667,
    0.345625,
