{
  "model_name": "google/gemma-3-27b-it",
  "distribution": "Exponential(\u03bb=1.0)",
  "lambda_param": 1.0,
  "requested_samples": 1000,
  "temperature": 1.0,
  "samples": [
    0.374579,
    0.89587,
    0.851231,
    0.417967,
    0.488664,
    1.06907,
    0.934678,
    0.272965,
    1.84658,
    0.56327,
    0.189375,
    1.49759,
    0.132618,
    0.648238,
    0.994384,
    0.116762,
    1.28975,
    0.052117,
    0.338802,
    0.944958,
    0.423487,
    0.971685,
    1.5315,
    0.327959,
    0.797869,
    0.646862,
    1.03594,
    1.28825,
    0.273765,
    0.135936,
    0.744708,
    0.107102,
    1.02861,
    0.587865,
    0.778998,
    0.473186,
    0.109516,
    0.246655,
    1.41356,
    0.942509,
    0.233686,
    0.415603,
    0.560778,
    0.558644,
    0.679139,
    1.68374,
    0.49521,
    0.081359,
    1.87062,
    0.314361,
    1.09837,
    0.479256,
    0.153115,
    1.08361,
    0.281726,
    0.855924,
    0.809949,
    0.301029,
    1.52128,
    0.949685,
    0.947791,
    0.31884,
    0.753575,
    1.17157,
    0.811528,
    0.804853,
    0.939368,
    0.579817,
    0.784379,
    0.888857,
    0.288374,
    0.713741,
    0.12988,
    0.627235,
    0.532772,
    0.090011,
    0.335952,
    0.582938,
    1.57328,
    1.38124,
    0.487288,
    0.180796,
    0.529123,
    0.930525,
    1.52127,
    0.796345,
    0.144093,
    0.151213,
    0.616283,
    1.42145,
    0.349011,
    0.928977,
    0.432151,
    0.609479,
    0.872545,
    1.38901,
    0.226287,
    1.14925,
    0.661992,
    1.28398,
    1.15185,
    0.932678,
    0.878791,
    0.856345,
    0.0289,
    1.51463,
    0.778845,
    0.636067,
    1.44097,
    0.498216,
    0.697784,
    0.271336,
    0.742098,
    1.43459,
    0.437269,
    1.24999,
    1.50363,
    0.873486,
    0.37827,
    0.343861,
    0.672901,
    0.392933,
    1.31979,
    0.109577,
    0.942549,
    0.538701,
    1.30578,
    0.016449,
    0.886299,
    0.218838,
    0.650863,
    0.182579,
    0.362493,
    0.803612,
    0.945119,
    0.911459,
    0.027785,
    0.347999,
    0.046388,
    1.18882,
    0.451357,
    0.214279,
    0.751443,
    1.41945,
    0.659607,
    0.851621,
    0.724177,
    0.976792,
    1.68746,
    0.249666,
    0.585315,
    0.223761,
    0.367815,
    0.51603,
    0.801024,
    0.926667,
    0.689946,
    0.433363,
    0.971868,
    0.192276,
    1.12661,
    0.134225,
    0.129813,
    0.999474,
    1.40114,
    0.132941,
    0.388968,
    0.140061,
    0.98296,
    0.349962,
    0.619636,
    0.067503,
    1.40526,
    0.559867,
    0.491144,
    0.619252,
    0.236634,
    0.881285,
    1.44463,
    0.655906,
    1.01696,
    0.939479,
    0.208844,
    0.655898,
    0.344281,
    0.278714,
    0.990619,
    1.02296,
    0.575337,
    0.882499,
    1.3886,
    0.204313,
    0.191201,
    0.124939,
    0.714669,
    0.400847,
    0.288266,
    0.142437,
    0.839692,
    0.537982,
    0.198746,
    1.23109,
    0.939345,
    0.884745,
    0.21405,
    1.25405,
    0.046791,
    0.775356,
    0.583182,
    0.927416,
    0.924229,
    0.263393,
    0.631727,
    1.04332,
    0.673967,
    1.83652,
    0.545155,
    0.566508,
    0.148861,
    0.310642,
    0.36168,
    0.252512,
    1.54543,
    0.153601,
    0.451409,
    0.130423,
    0.703476,
    0.244629,
    0.681442,
    0.419972,
    0.476855,
    1.46829,
    0.654816,
    1.42011,
    0.650381,
    0.299173,
    0.828151,
    0.830493,
    0.5996,
    0.419691,
    0.563922,
    0.395438,
    1.56623,
    0.821561,
    1.28713,
    0.590448,
    0.349547,
    0.427666,
    1.1384,
    0.63716,
    0.753638,
    0.443196,
    0.389083,
    0.894144,
    0.549169,
    1.37896,
    0.951088,
    0.529647,
    0.6155,
    0.956314,
    1.80684,
    0.280609,
    0.769045,
    0.879931,
    0.868737,
    0.425795,
    0.960282,
    0.728793,
    0.082055,
    0.169649,
    0.446974,
    0.664742,
    0.619149,
    0.721927,
    0.215233,
    1.5228,
    1.02164,
    0.672354,
    0.663342,
    0.159896,
    0.129319,
    0.611609,
    0.610529,
    1.71698,
    0.890546,
    1.05579,
    0.575812,
    0.485703,
    1.01444,
    0.698322,
    1.27761,
    0.102038,
    1.27212,
    0.055105,
    0.819496,
    0.281874,
    0.478514,
    0.898565,
    1.13299,
    1.86163,
    1.31447,
    0.874979,
    0.548015,
    0.838969,
    0.341749,
    0.186729,
    0.638479,
    0.34118,
    1.34364,
    0.749422,
    0.625107,
    0.53715,
    0.877054,
    0.653508,
    0.931411,
    1.53669,
    0.442108,
    1.08723,
    1.0411,
    0.779781,
    1.13962,
    0.77995,
    0.479456,
    0.273873,
    1.68159,
    0.064629,
    0.955999,
    1.71888,
    0.840608,
    0.101621,
    0.394164,
    0.90714,
    0.488989,
    1.3617,
    0.56389,
    0.179586,
    0.111608,
    0.882618,
    0.967853,
    0.262027,
    0.668346,
    1.39985,
    0.863643,
    0.082663,
    0.148213,
    1.38421,
    1.56627,
    0.289547,
    0.902265,
    0.188714,
    0.153386,
    0.343507,
    0.921433,
    0.23213,
    0.604383,
    0.627341,
    0.500881,
    1.44834,
    0.374648,
    1.29962,
    0.260307,
    0.398203,
    0.512341,
    0.896897,
    0.689078,
    0.688685,
    0.847133,
    1.29034,
    0.661438,
    0.576878,
    0.233643,
    1.20776,
    0.324338,
    1.69195,
    0.72401,
    0.679549,
    0.971998,
    0.188984,
    0.609309,
    1.13631,
    0.787187,
    0.813792,
    0.214149,
    0.385143,
    1.58806,
    0.427546,
    0.168169,
    0.645672,
    1.77621,
    0.623989,
    0.05413,
    0.786893,
    0.358779,
    0.466418,
    0.217477,
    1.06213,
    0.80235,
    0.363173,
    0.11229,
    0.541652,
    1.02589,
    0.193901,
    0.54139,
    0.643322,
    0.029387,
    0.384407,
    0.424154,
    0.424961,
    1.64138,
    0.800866,
    0.908024,
    0.643497,
    0.304697,
    0.251127,
    0.200994,
    0.015956,
    1.33603,
    0.730941,
    0.447034,
    0.026265,
    0.829343,
    0.458414,
    1.46258,
    0.746462,
    1.02696,
    0.795966,
    0.256395,
    0.771328,
    0.762372,
    0.890965,
    1.54144,
    0.768642,
    0.765287,
    0.322463,
    0.157266,
    0.928499,
    0.28339,
    0.614416,
    0.435105,
    0.846676,
    0.469501,
    0.573988,
    1.34219,
    0.346707,
    0.539169,
    0.939556,
    0.312868,
    0.488182,
    0.649853,
    1.12558,
    0.106189,
    1.58926,
    0.356731,
    0.142767,
    0.581569,
    0.05878,
    0.770288,
    0.768424,
    0.446244,
    1.25294,
    0.617496,
    1.09975,
    0.179268,
    0.173865,
    0.441946,
    0.863514,
    0.968738,
    1.44088,
    0.987985,
    0.935665,
    1.11598,
    0.009586,
    0.695723,
    0.450307,
    1.54535,
    0.380995,
    0.752978,
    0.698601,
    0.173396,
    0.795424,
    0.941604,
    1.37236,
    0.884342,
    0.329339,
    0.604537,
    0.922702,
    0.761938,
    0.970538,
    1.35658,
    0.166213,
    0.744041,
    1.12114,
    0.049525,
    0.052843,
    0.539469,
    1.21235,
    0.966473,
    0.169382,
    1.11184,
    0.366177,
    1.43699,
    0.866333,
    0.816538,
    0.824584,
    0.924058,
    0.382564,
    0.880165,
    0.657539,
    0.66392,
    0.970026,
    1.44378,
    0.135384,
    0.560486,
    0.128135,
    0.573962,
    1.12873,
    0.147269,
    1.88546,
    0.963297,
    0.135653,
    0.908414,
    0.029901,
    0.669941,
    1.35203,
    0.443478,
    0.271644,
    0.096769,
    0.054337,
    0.147107,
    0.637266,
    0.950547,
    0.05981,
    0.689974,
    0.486585,
    0.872212,
    0.597291,
    0.49915,
    0.552268,
    1.1161,
    1.66335,
    0.206601,
    0.553854,
    0.295475,
    1.79466,
    0.91022,
    1.50258,
    0.60189,
    0.686915,
    1.08696,
    0.142546,
    0.867415,
    0.803659,
    0.486372,
    0.526357,
    1.43378,
    0.982495,
    0.939126,
    0.447101,
    0.938609,
    1.27657,
    1.51497,
    0.768911,
    1.12035,
    0.743711,
    0.202713,
    0.864567,
    0.26484,
    0.620094,
    0.916166,
    0.937708,
