{
  "model_name": "gpt-4o",
  "distribution": "Exponential(\u03bb=1.0)",
  "lambda_param": 1.0,
  "requested_samples": 1000,
  "temperature": 1.0,
  "samples": [
    2.787996508710566,
    0.1784581033099351,
    0.3915053345445249,
    2.707620054002563,
    1.4216977854194064,
    0.23947932541364844,
    0.0703795912514382,
    1.198403516937628,
    1.219330687264599,
    1.0877078921752688,
    0.023753443093455878,
    0.8162046392412435,
    1.692160223494665,
    2.1635396569788665,
    2.0712533027223006,
    0.15479553699241175,
    0.867563347078238,
    0.9323350571823638,
    1.1915636899613344,
    1.1116699952043947,
    0.1210866095336418,
    0.2325644012767775,
    0.342512525503551,
    0.5240266074659428,
    0.4079579063689895,
    0.22555309890479222,
    0.6752372553376655,
    0.6522902691784698,
    0.6540376057725692,
    0.14432078869424564,
    0.2672456322378278,
    0.11083927517229918,
    0.4895558769503484,
    0.04471298718900714,
    0.06359146788829853,
    0.8756410976630395,
    1.0391468557474175,
    1.061799889809479,
    1.831846026269501,
    0.9558847176171685,
    0.5521667927885852,
    0.007363606844768562,
    0.0839464186512433,
    0.5346275823811937,
    0.8313012023991934,
    0.17723773027307446,
    0.260281431890497,
    0.7611008725070212,
    0.6082518226687754,
    0.42278742559195803,
    1.379268415105536,
    0.4218818974533888,
    0.2620712172612691,
    0.8528699626024523,
    0.7508197879971055,
    0.1398884914167542,
    0.7882827348412286,
    0.4956765124147879,
    0.894834642732185,
    0.649663957601606,
    0.05584842337375023,
    0.30938561739666887,
    0.1529602112783431,
    1.557330118503637,
    0.09246824479555617,
    0.030013047152065996,
    0.2409630812439739,
    2.093298596118532,
    1.0224457424001727,
    0.19369955672194908,
    1.3974632750697602,
    1.7852601264341064,
    0.21694876701733698,
    0.7521007375619323,
    0.6868102392478379,
    1.5394038572514894,
    0.48447901553904366,
    0.06530524407317861,
    0.5758633524186204,
    0.6483652950313152,
    1.092794900000407,
    1.0778452671040155,
    1.4538358469931323,
    0.09665799128903763,
    0.19949566954773762,
    0.24417468952533575,
    1.19775276099635,
    0.2516677247406188,
    0.3955352131863434,
    0.4033657439627644,
    0.8996202197334197,
    0.574780268850373,
    0.8801956820777544,
    1.6703628497005687,
    1.8113926501714792,
    1.9203546020566218,
    0.4580054299118392,
    0.11601543292886494,
    1.6093892082339813,
    0.13920883296450162,
    0.12354126044105557,
    1.3558427363715453,
    0.02214865246443695,
    0.026400003204153512,
    0.4778914408846231,
    0.10529076973756674,
    0.20482774237403015,
    0.05533506189475147,
    0.08195165670795285,
    0.36204932936220213,
    0.6287876566898012,
    0.46021770222001995,
    0.08562783624796363,
    0.055989587313118094,
    1.4229608443839665,
    1.4339408120801491,
    2.0175877660139476,
    0.4162372048890092,
    0.830000168431625,
    0.9261750564760709,
    0.3648994725235554,
    0.3207396248723669,
    0.23278500269273805,
    0.38588195880676895,
    0.3409851164013912,
    2.0681057657461035,
    1.840828447146185,
    1.6762669381386543,
    1.107232552713577,
    0.6818346326331558,
    1.1113574100551273,
    0.1140521482763295,
    0.09847757503685256,
    0.13472448700805073,
    0.45248844773078545,
    0.7426666595325828,
    0.7716433659246075,
    0.01733050279240878,
    0.356965374349898,
    0.05582819360372224,
    0.9260636193779141,
    1.1303586104717585,
    3.758683796413355,
    0.48285646118570824,
    2.5465306525543374,
    0.13434507388766295,
    0.21332400332762022,
    1.194063515839506,
    0.22124994438224888,
    0.17476866681966008,
    0.7178917133057188,
    0.10117714258253227,
    0.6532843865063436,
    0.11403714194555463,
    0.6358639109313713,
    0.43406427913018836,
    0.252349620486523,
    0.5377494116404944,
    1.1289754283574025,
    2.949834725053304,
    0.7120039900655123,
    0.618119618898668,
    2.726694251268196,
    1.5663489605245449,
    1.496971772819873,
    0.9387113688954829,
    0.6935500895183488,
    0.9193377216496658,
    0.007982608026575185,
    0.4043867090202535,
    1.2670985650505755,
    2.6165281158836193,
    0.39038431533121803,
    0.3564218527116853,
    2.5431538245063843,
    0.526457171465956,
    0.3491952777581986,
    1.1677979361459927,
    0.38941032459151226,
    0.5819522899025997,
    0.3505843259808128,
    0.49738281576958754,
    1.0332383663021223,
    0.07902556405786859,
    1.4493891872126266,
    0.7472720900379258,
    0.5613568181040999,
    0.5094580794832412,
    0.6927637865506451,
    0.4523895383125576,
    1.0625219296479687,
    0.5523497272940482,
    0.08823077344726064,
    0.6933980324531211,
    0.3132593102330147,
    0.9736565572009598,
    1.8952408643942231,
    0.03415905794424591,
    0.5280886652593582,
    0.16230326758538455,
    1.213751325834325,
    0.6822933508178016,
    0.43517272017329167,
    0.5837345123213228,
    0.1934551129948223,
    1.1526699059400567,
    0.3153151582619282,
    0.3763148679897977,
    0.8568762689167176,
    1.0884551055124885,
    0.2216910204141594,
    0.004642328913407555,
    0.1459183987915896,
    0.3648508740487558,
    0.03085202166333354,
    0.1935930278985211,
    1.1258693173686085,
    0.5737980989753195,
    0.1831469196105253,
    0.24308536501538866,
    0.261392885504759,
    2.2777677872465194,
    0.5959357400057208,
    0.6089386039673326,
    1.0467567621405367,
    0.12477547377580937,
    1.0170084580694283,
    0.8986883750293913,
    0.6126790829081704,
    1.1047581345812207,
    1.8108612376008992,
    2.0279074800969745,
    0.13299398672804147,
    0.2450915446382577,
    1.9132319654286694,
    0.6612799948335955,
    0.4370479246222443,
    2.6911372933940787,
    1.1052076008982734,
    0.6776020200660186,
    0.06351926402406889,
    1.023800557227297,
    4.115070632511564,
    1.74724235810958,
    0.07433586229272945,
    0.5964094430845696,
    0.0977023181172682,
    0.9359628479821103,
    0.7313116662426888,
    0.10343851162314276,
    1.246022367356265,
    1.5664565986708527,
    0.5532077668906596,
    1.520156618111641,
    1.5548636196531516,
    0.5041839115107088,
    0.5532095563774768,
    0.7170560605459968,
    0.542859795917021,
    1.4866412648226766,
    0.4840808856023923,
    1.2284937243182745,
    0.019637705302600606,
    1.145255759106337,
    0.2346032440027681,
    0.4276028853868094,
    3.881275222208639,
    0.7375269308622594,
    0.20839655089110687,
    0.48216869024202436,
    0.6240578339801423,
    0.08863718921898724,
    2.275364706456042,
    1.3691267242802747,
    0.5951604390688944,
    0.7774425638603485,
    1.056923401612489,
    0.6549587531645175,
    1.1276054117683543,
    0.1286904159422317,
    0.209096541295181,
    1.468713595310402,
    0.2995479321298759,
    0.5133428113396482,
    0.8071844690357253,
    0.4932661038483754,
    0.407462437933594,
    0.03550644092241595,
    0.41734037496370624,
    0.2903083929963397,
    0.8930534724824075,
    0.6731534568518749,
    0.5057397384212483,
    1.277482386763455,
    1.084008966035833,
    0.6852414185405755,
    0.6334609353207429,
    0.31810144003237706,
    0.1256877868877967,
    0.18353707351163134,
    0.41428953601366614,
    0.11690106321340905,
    1.3756847756058586,
    1.144016440159639,
    0.2855475157217362,
    0.08596195429396337,
    1.8065319610148967,
    0.14086181085989974,
    0.06179247416252775,
    1.4808693725560773,
    0.3084188859784151,
    0.32781155870468914,
    0.1250773148334774,
    5.405186825934417,
    1.2349526030299962,
    0.4175363171523083,
    0.11920812325709831,
    0.7832456126461277,
    0.5182954104603004,
    1.2343381583792097,
    0.24697485005199799,
    1.1690675010557035,
    0.18619883065542123,
    2.6832916385524945,
