{
  "model_name": "meta-llama/Llama-4-Scout-17B-16E-Instruct",
  "distribution": "Exponential(\u03bb=1.0)",
  "lambda_param": 1.0,
  "requested_samples": 1000,
  "temperature": 1.0,
  "samples": [
    0.104988171,
    1.812345889,
    0.029430592,
    1.458733333,
    1.191229025,
    0.675113122,
    0.477655314,
    2.293914212,
    0.146790345,
    0.544883301,
    1.694716055,
    0.299493737,
    0.055134919,
    1.102342111,
    2.024400221,
    0.901098227,
    1.071909382,
    0.832941492,
    1.145507331,
    1.491364321,
    0.149071769,
    2.457671112,
    0.420323141,
    0.851669584,
    1.395067227,
    0.191946426,
    1.254171956,
    0.640432111,
    1.130249689,
    0.521167203,
    1.623582808,
    0.272280356,
    1.825841041,
    0.971996094,
    0.565517641,
    1.661948395,
    0.022095693,
    1.990984284,
    0.895395489,
    0.352162221,
    1.361505154,
    0.735371655,
    1.170241654,
    1.836655479,
    0.371572911,
    0.876266516,
    0.115224908,
    0.963528189,
    0.383071846,
    1.700738812,
    0.634143221,
    2.013874245,
    0.676817655,
    0.395324895,
    1.016968282,
    1.144349453,
    0.485350398,
    0.553794518,
    0.624326511,
    0.811250883,
    0.978975781,
    1.541984143,
    0.746645431,
    0.232508282,
    1.775961783,
    1.242932946,
    1.080135759,
    1.494633338,
    1.407713542,
    0.626307491,
    0.998595774,
    0.464030471,
    0.288869644,
    0.384638713,
    0.598616927,
    1.155640321,
    0.791417669,
    0.0,
    0.055860662,
    1.267948973,
    0.967254643,
    1.085941532,
    0.348223854,
    1.303306123,
    0.486934151,
    1.061025396,
    0.660736879,
    1.357790182,
    0.988168303,
    0.732799016,
    0.387432266,
    0.821774366,
    0.609566981,
    1.118074508,
    0.149167581,
    0.750158866,
    1.224086821,
    1.099332789,
    1.021289347,
    1.656122325,
    1.231291502,
    0.445208283,
    1.092677876,
    0.80123096,
    0.278830522,
    0.846824547,
    1.109021281,
    0.611111097,
    0.419580317,
    1.864261273,
    1.076342692,
    1.332203659,
    0.419759844,
    0.913244376,
    1.004300385,
    1.151388353,
    0.981004851,
    1.465821565,
    0.698982414,
    0.637411423,
    0.807849474,
    0.267373747,
    0.614755735,
    0.402419124,
    0.104988171,
    1.812345889,
    0.029430592,
    0.477655314,
    1.191229025,
    0.675113122,
    1.229502677,
    1.694716055,
    0.299493737,
    0.055134919,
    1.102342111,
    2.024400221,
    0.901098227,
    1.071909382,
    0.832941492,
    1.145507331,
    1.491364321,
    0.149071769,
    2.457671112,
    0.420323141,
    0.851669584,
    1.395067227,
    0.191946426,
    1.254171956,
    0.640432111,
    1.130249689,
    0.521167203,
    1.623582808,
    0.272280356,
    1.825841041,
    0.971996094,
    0.565517641,
    1.661948395,
    0.022095693,
    1.990984284,
    0.895395489,
    0.352162221,
    1.361505154,
    0.735371655,
    1.170241654,
    1.836655479,
    0.371572911,
    0.876266516,
    0.115224908,
    0.963528189,
    0.383071846,
    1.700738812,
    0.634143221,
    2.013874245,
    0.676817655,
    0.395324895,
    1.016968282,
    1.144349453,
    0.485350398,
    0.553794518,
    0.624326511,
    0.811250883,
    0.978975781,
    1.541984143,
    0.746645431,
    0.232508282,
    1.775961783,
    1.242932946,
    1.080135759,
    1.494633338,
    1.407713542,
    0.626307491,
    0.998595774,
    0.464030471,
    0.288869644,
    0.384638713,
    0.598616927,
    1.155640321,
    0.791417669,
    0.475147749,
    0.055860662,
    1.267948973,
    0.967254643,
    1.085941532,
    0.348223854,
    1.303306123,
    0.486934151,
    1.061025396,
    0.660736879,
    1.357790182,
    0.988168303,
    0.732799016,
    0.387432266,
    0.821774366,
    0.176091261,
    1.151734873,
    1.199346162,
    0.850341967,
    1.617460296,
    0.799056338,
    1.214269841,
    0.493835224,
    0.990135334,
    0.609423191,
    0.432256932,
    0.595571745,
    0.278299821,
    1.096725792,
    0.409960479,
    1.318664299,
    0.943710485,
    1.243904064,
    0.983993231,
    0.378716176,
    0.780932506,
    0.736223451,
    1.519044633,
    1.641497962,
    1.071059759,
    1.785480525,
    0.721750292,
    0.725917608,
    0.321894586,
    0.812702943,
    0.816306784,
    0.958336695,
    0.303580035,
    0.454771748,
    1.192790203,
    0.585112493,
    0.486142919,
    0.821648631,
    0.507870249,
    0.971990911,
    0.559246208,
    0.940497859,
    0.743192678,
    1.251466171,
    0.557841772,
    0.315085335,
    0.681306438,
    0.545143905,
    0.905894932,
    0.790989024,
    1.675180316,
    0.606182773,
    0.817260347,
    0.752402886,
    0.897974257,
    0.910664141,
    0.956724854,
    0.675913502,
    0.104988171,
    1.812345889,
    0.029430592,
    1.458733333,
    1.191229025,
    0.675113122,
    0.477655314,
    2.293914212,
    0.146790345,
    0.544883301,
    1.694716055,
    0.299493737,
    0.055134919,
    1.102342111,
    2.024400221,
    0.901098227,
    1.071909382,
    0.832941492,
    1.145507331,
    1.491364321,
    0.149071769,
    2.457671112,
    0.420323141,
    0.851669584,
    1.395067227,
    0.191946426,
    1.254171956,
    0.640432111,
    1.130249689,
    0.521167203,
    1.623582808,
    0.272280356,
    1.825841041,
    0.971996094,
    0.565517641,
    1.661948395,
    0.022095693,
    1.990984284,
    0.895395489,
    0.352162221,
    1.361505154,
    0.735371655,
    1.170241654,
    1.836655479,
    0.371572911,
    0.876266516,
    0.115224908,
    0.963528189,
    0.383071846,
    1.700738812,
    0.634143221,
    2.013874245,
    0.676817655,
    0.395324895,
    1.016968282,
    1.144349453,
    0.485350398,
    0.553794518,
    0.624326511,
    0.811250883,
    0.978975781,
    1.541984143,
    0.746645431,
    0.232508282,
    1.775961783,
    1.242932946,
    1.080135759,
    1.494633338,
    1.407713542,
    0.626307491,
    0.998595774,
    0.464030471,
    0.288869644,
    0.384638713,
    0.598616927,
    1.155640321,
    0.791417669,
    0.475147749,
    0.055860662,
    1.267948973,
    0.967254643,
    1.085941532,
    0.348223854,
    1.303306123,
    0.486934151,
    1.061025396,
    0.660736879,
    1.357790182,
    0.988168303,
    0.732799016,
    0.387432266,
    0.821774366,
    0.176091261,
    1.151734873,
    1.199346162,
    0.850341967,
    1.617460296,
    0.799056338,
    1.214269841,
    0.493835224,
    0.990135334,
    0.609423191,
    0.432256932,
    0.595571745,
    0.278299821,
    1.096725792,
    0.409960479,
    1.318664299,
    0.943710485,
    1.243904064,
    0.983993231,
    0.378716176,
    0.780932506,
    0.736223451,
    1.519044633,
    1.641497962,
    1.071059759,
    1.785480525,
    0.721750292,
    0.725917608,
    0.321894586,
    0.812702943,
    0.816306784,
    0.958336695,
    0.303580035,
    0.454771748,
    1.192790203,
    0.585112493,
    0.486142919,
    0.821648631,
    0.507870249,
    0.971990911,
    0.559246208,
    0.940497859,
    0.743192678,
    1.251466171,
    0.557841772,
    0.315085335,
    0.681306438,
    0.545143905,
    0.905894932,
    0.790989024,
    1.675180316,
    0.606182773,
    0.817260347,
    0.752402886,
    0.897974257,
    0.910664141,
    0.956724854
  ],
  "statistics": {
    "total_samples": 425,
    "unique_values": 188,
    "unique_rate": 44.23529411764706,
    "mean": 432458.85078009026,
    "std": 8915220.494416187,
    "median": 0.832941492,
    "min": 0.0,
    "max": 183791986.0,
    "theoretical_mean": 1.0,
    "theoretical_std": 1.0,
    "ks_stat": 0.1738806907466115,
    "ks_pval": 1.0443853089816204e-11
  },
  "api_time": 57.757811307907104,
  "timestamp": "2025-11-14 17:12:09"
}