{
  "model": "deepseek-ai/DeepSeek-V3.2-Exp",
  "distribution": "t(loc=0, scale=1, df=3)",
  "mode": "independent_requests",
  "requested_samples": 1000,
  "generation_time": 781.0506734848022,
  "statistics": {
    "total_samples": 999,
    "failed_requests": 1,
    "unique_values": 983,
    "unique_rate": 98.3983983983984,
    "mean": 11401205695704.86,
    "std": 360357483045208.0,
    "min": -523751643.0,
    "max": 1.1389805005325074e+16,
    "ks_statistic": 0.4286644865585225,
    "ks_pvalue": 3.291132133629656e-167
  },
  "samples": [
    -1.2075692765034958,
    -0.382629,
    -0.932,
    -1.6632,
    -0.1903235,
    -0.938847,
    -2.515,
    -1.7526,
    -1.498231,
    -1.3030991012551838,
    -1.306,
    -0.743813663,
    -1.903,
    -0.846712,
    -0.907,
    -1.48,
    -0.5179,
    -0.5604,
    -2.78,
    -1.8313,
    -0.741,
    -0.852,
    -0.912141,
    -1.2405823492090984,
    0.0,
    -0.374823453747855,
    -0.3847,
    2.9776,
    -2.327,
    -0.7256,
    0.374647387,
    -0.414,
    -0.725,
    -0.822520903,
    -0.429,
    -1.2187,
    -0.25426794394882,
    -2.218,
    -0.932317,
    -0.677879,
    -1.493428,
    -4.856842,
    -0.384696116,
    -0.19547,
    -0.290531,
    0.604760718,
    -2.336,
    -1.3297,
    -0.2873044659978372,
    -0.179644,
    -1.014,
    -1.503469911,
    -0.644062,
    -1.6782,
    -1.588,
    -1.8556,
    -1.283,
    -1.245665285,
    -0.132609,
    -1.472935,
    1.262279,
    -0.445014,
    -1.135878998492735,
    -0.843526957,
    -0.921,
    -0.9257103068,
    0.3475,
    -1.226796,
    -1.60297,
    -0.1991,
    -0.9785,
    -1.335,
    1.119,
    -2.0523,
    -0.448,
    -1.109201231,
    -0.06751326461998593,
    -1.539,
    -0.869437,
    2.4544,
    -1.1298327152644474,
    -0.029399368,
    -1.3587,
    -0.711681,
    -1.235,
    -0.718254,
    -0.1732,
    -0.754752,
    -0.927133,
    -1.821,
    -0.776,
    -2.132,
    -1.6323927,
    0.4713,
    -0.639032,
    -1.437439,
    -0.868109,
    -1.0619543,
    -0.437,
    0.497,
    2.913816494,
    -1.841097,
    -0.8249507,
    -0.4323,
    -0.4629688158,
    -0.383208,
    -0.974,
    1.6965,
    -0.5662,
    -0.6343,
    -1.853,
    -1.121,
    -0.7722892877,
    -1.214,
    -1.270162,
    -0.1715,
    -1.023,
    -0.1954,
    -1.2697,
    -0.742753,
    -0.738,
    5.172505,
    -0.962,
    -1.733,
    -0.2067,
    -2.3503,
    -0.563764,
    -0.6543,
    -1.15473,
    -0.193213,
    -0.956,
    0.7823,
    -0.98967742,
    -1.9665,
    -0.516,
    2.0032,
    -1.23879,
    -0.4231,
    -1.32048932,
    2.1609,
    -4.44837,
    -0.57634,
    -0.413,
    -1.575,
    -0.78066,
    -0.0307,
    -0.4958,
    -0.741385,
    -0.24983377,
    -0.249222,
    -0.2835,
    -0.6745,
    -1.785467,
    -0.267,
    -0.44759849766181425,
    -0.278,
    -0.441,
    -2.152379143,
    7.189,
    -1.342,
    3.514931,
    -0.3479,
    2.373333812836138,
    -0.1037685346182509,
    -0.295705825828865,
    -1.6006,
    -0.21246,
    -0.756293,
    -1.6625,
    -0.337,
    -1.782349,
    -0.77107,
    -1.372,
    -1.483841,
    -0.361,
    -1.40653,
    -1.641520986,
    -1.74773068,
    -1.1854,
    -0.7496753,
    -0.542,
    -1.664,
    0.463815138,
    -0.4128,
    -1.3215,
    -1.33,
    -0.20796786,
    -1.78732762599,
    -0.798,
    -1.2842,
    2.855781,
    -0.332,
    -0.021,
    -0.9832453127,
    -0.9725,
    0.489,
    -0.8631,
    -1.218741,
    -0.825,
    -2.4085,
    -0.7143308,
    -0.568,
    -0.614,
    -3.491,
    -0.652,
    -0.7603538641,
    -0.34072,
    -1.523355,
    -0.9222251,
    -1.362,
    2.2216,
    -0.754,
    -0.873,
    -0.41832,
    -1.031749,
    -0.215794,
    -0.631843747,
    -0.183817,
    -0.658,
    -1.556418746,
    -0.7596,
    2.066,
    -1.296,
    -1.0315637,
    -0.4951,
    -1.159,
    -0.354916,
    -1.3,
    -1.334637756,
    -1.264965,
    2.3862806,
    -0.52648,
    -1.376,
    -0.6392,
    -0.891755,
    -0.449,
    1.184,
    -0.61079657,
    -1.59121,
    -0.9729,
    -0.3788416084277058,
    -0.634696,
    -1.272387820872,
    -1.674318978,
    -1.3385352155699808,
    2.5378,
    -1.586,
    -0.22779979,
    -0.489,
    -0.355,
    -0.4402,
    -1.2746,
    -2.586,
    -0.50959754,
    -1.54098,
    -0.235,
    -0.74,
    -0.438165,
    -1.59142,
    -2.10983,
    -0.4327,
    -0.2961,
    -1.4827890479,
    -1.021634972,
    -0.4631314,
    -0.852,
    0.563,
    -1.27876,
    0.1895,
    -1.9707511779636944,
    5.483353,
    -0.762389901836,
    -0.934306569,
    -1.69664,
    -2.0068694216056904,
    0.4713929317,
    0.18586543211217035,
    -2.313708,
    0.7767,
    -1.97715343,
    -0.5286,
    -0.717,
    -1.453721,
    -0.482574,
    -0.1551,
    -0.0665,
    0.821476,
    -1.213,
    -0.451836932694,
    -0.045,
    -0.780264,
    -1.705,
    0.47849247563433,
    -0.7628,
    -0.362,
    -0.1692,
    0.533,
    -1.1629,
    -1.742,
    -3.526,
    -1.851,
    -1.5698901,
    -0.605,
    -0.786654332,
    -1.3548,
    0.187763,
    -1.485987856702084,
    -0.584,
    -1.65,
    -1.014680139709,
    -0.1385,
    -1.548172,
    -1.0144077389252233,
    -1.8330151062893947,
    -1.647759,
    -1.882,
    -0.2645,
    -0.488,
    -0.759819,
    -0.870716,
    -1.56085,
    -6.4489,
    -0.7884,
    -0.489,
    -0.763,
    -1.309856569,
    -3.717,
    -0.719388,
    -1.887175,
    0.771,
    -0.9567104398263439,
    0.8643,
    -0.631473882,
    -1.66606588082944,
    -1.8339,
    -1.2950123086073835,
    -1.0263,
    0.24731911,
    -0.935,
    -1.1093,
    -0.522,
    -1.822523,
    -0.7390299587,
    -1.8708,
    -0.953,
    -0.441,
    -2.915,
    -0.511566,
    -1.405843147,
    -0.858,
    -1.8239410423671134,
    -0.784556,
    -0.750453,
    3.749358,
    -1.5739,
    -0.1353,
    -0.348,
    -0.3049674261650455,
    -1.031398479,
    -0.502114,
    -0.667,
    -1.328714861435096,
    -1.715332,
    -0.415,
    -1.52,
    -0.48974264,
    -1.62401,
    -0.17757,
    -3.1695,
    -0.5947,
    -0.812323,
    -1.2747,
    -0.8337,
    -0.460029,
    -0.2078751,
    -1.1015,
    -0.945474,
    -1.089524690824258,
    -0.89317754,
    -0.756742,
    -1.381,
    -0.8402,
    -0.9666,
    -0.846642,
    -0.58421152,
    -0.251716,
    -1.842,
    -0.3255575679,
    1.057778,
    -1.24826,
    -1.16,
    -0.88,
    -0.216947,
    1.72134,
    -0.1433228,
    -1.4375,
    -1.423,
    -1.4904,
    -1.263467,
    -0.589978,
    -0.458,
    -1.214375609059315,
    -5.78659,
    -1.7293,
    0.573,
    -0.286,
    0.972514571243,
    -1.7172726545969805,
    -1.308,
    -1.270782422,
    -1.25789,
    -3.71937,
    -1.153,
    -2.211458639,
    -0.6851,
    -0.5434,
    -0.514,
    -0.166,
    -0.728097,
    -9.898298,
    0.46773,
    -0.738,
    -2.597,
    -1.136647784459,
    -0.2437369876,
    -0.448395,
    2.108647,
    -1.882165,
    -0.529,
    -1.43,
    -0.452468,
    -1.1015,
    -0.07373427371786216,
    -0.654693,
    -2.2218,
    -0.809995483,
    -1.2144,
    -0.323268273,
    -1.392,
    2.851,
    -1.301843,
    -1.3785,
    -2.0621,
    -0.468224,
    -0.606708176309262,
    -0.079424,
    -0.824,
    2.516849,
    -0.112,
    -1.169336148,
    -1.0750406,
    -0.602,
    2.592307303084448,
    -0.579,
    -1.7572,
    -1.4637,
    -1.6705,
    2.943077,
    -0.617,
    0.654,
    -0.51257,
    -0.87,
    -1.2438,
    -1.369341,
    -0.03180948,
    0.712,
    -0.944,
    -0.73,
    -2.1879206,
    -1.494653,
    -1.58734503457,
    -0.219875,
    -0.3044762968,
    -1.13785718,
    -0.6593,
    -0.176733,
    -0.733,
    -0.747297,
    -1.9423,
    -0.2043,
    -1.557346573,
    1.887,
    -5.091,
    -0.235253,
    -0.481464,
    -0.483,
    -0.635,
    -1.890592,
    -0.3968395,
    -1.6243639540458363,
    -1.588164,
    -1.184,
    -1.22785346,
    -0.404013791,
    -0.584745,
    -0.131805,
    -0.425849712,
    -0.37,
    -0.9368,
    -1.494,
    -1.0392,
    -1.557,
    0.1453,
    -1.493852,
    -0.9543,
    -2.002585,
    -0.704163,
    0.860316,
