{
  "model": "google/gemma-3-27b-it",
  "distribution": "t(loc=0, scale=1, df=3)",
  "mode": "independent_requests",
  "requested_samples": 1000,
  "generation_time": 711.1883783340454,
  "statistics": {
    "total_samples": 1000,
    "failed_requests": 0,
    "unique_values": 764,
    "unique_rate": 76.4,
    "mean": -1.1490816921043647,
    "std": 0.6780857735521674,
    "min": -1.9876,
    "max": 1.94288837487,
    "ks_statistic": 0.7529206862871539,
    "ks_pvalue": 0.0
  },
  "samples": [
    -1.087577,
    -1.67789569,
    -1.086077,
    -1.24847,
    -1.38688,
    -1.087977,
    -1.08752,
    -1.0858,
    -1.6722977969018784,
    -1.386998738474769,
    -1.2898,
    -1.348,
    -1.28798,
    -1.28919,
    -1.089753,
    -1.0879602079,
    -1.39732,
    -1.08655,
    1.5487997715410986,
    -1.086879985762,
    -1.6878,
    -1.397,
    -1.087587,
    -1.3975,
    1.51824054,
    -1.0868797755229425,
    -1.386857,
    -1.0858,
    -1.08798,
    1.5788869788,
    -1.67825,
    -1.6798483754277957,
    -1.3975,
    -1.08687,
    -1.672749,
    -1.6858387767938137,
    -1.6841,
    -1.676087,
    -1.4757395260937998,
    -1.087577,
    -1.08798,
    -1.087577,
    0.758395,
    -1.087894,
    -1.089873,
    -1.0884339813683268,
    -1.0835997833,
    -1.2877,
    -1.2798,
    -1.087788,
    -1.397,
    -1.087748,
    -1.0879614796172687,
    -1.38688,
    -1.0873,
    -1.0877,
    -1.088629638682488,
    -1.08629,
    -1.38652858218,
    -1.2496,
    -1.08839,
    -1.2876,
    -1.3975,
    -1.299707,
    -1.676280497755443,
    -1.287277,
    -1.28879,
    -1.49798,
    -1.087995,
    -1.2487,
    -1.639878,
    -1.08751,
    -1.0878,
    -1.28999,
    -1.2898,
    -1.485475,
    -1.386471,
    -1.08761,
    -1.38688,
    -1.674777,
    -1.3478,
    -1.278,
    -1.298434697864287,
    -1.28997,
    -1.39787654,
    -1.38678,
    -1.6898,
    -1.67698,
    -1.084584,
    -1.0808,
    -1.497978,
    -1.087879,
    -1.247891,
    -1.3972,
    -1.678247,
    -1.08798,
    -1.2894,
    -1.386857,
    -1.6795989775287328,
    -1.0878787238783076,
    -1.0877,
    -1.12695,
    -1.08793152,
    -1.94376,
    -1.087806,
    -1.087083,
    -1.0877,
    -1.674778,
    -1.184778,
    -1.0867,
    -1.087977,
    -1.287841087615414,
    -1.089968,
    -1.081597,
    -1.2487,
    -1.6792978687878217,
    1.823087,
    -1.637757,
    -1.0898,
    -1.67299,
    -1.087875,
    -1.363827,
    -1.6378844143758895,
    -1.0897777836654627,
    -1.24857,
    -0.86349695,
    -1.3868,
    -1.0858,
    -1.672888,
    -1.28797,
    -1.0876,
    -1.081518,
    -1.398489,
    -1.0977,
    -1.087574,
    -1.0898,
    -1.3861,
    -1.28846,
    -1.3867917798949727,
    -1.0877,
    -1.38684,
    -1.0878999571176975,
    -1.672868639,
    -1.3974,
    -1.087577,
    -1.6378,
    -1.08788765357,
    -1.278578,
    -1.67808,
    -1.386866867277645,
    1.5879975,
    -1.0867439972346684,
    -0.827761,
    -1.672879,
    -1.278744,
    -1.287878,
    -1.495873747,
    -1.684177,
    -1.087979,
    -1.6856,
    -1.08788705787,
    -1.837758,
    -1.28788,
    -1.37897,
    -1.087871,
    -1.087888,
    -1.12599,
    -1.348,
    -1.67289,
    -1.0878,
    -1.387014,
    -1.08624,
    -0.8475,
    -1.318999871,
    -1.0878457764432836,
    -1.3286,
    -1.08786579134,
    -1.3868284199741432,
    -1.6879,
    -1.386869787466966,
    -1.387824,
    1.597797581232936,
    -1.348,
    -1.2897,
    -1.184157,
    -1.084489,
    -1.4877,
    -1.087964476,
    -1.637899,
    -1.386847335181048,
    -1.08338797,
    -1.38689,
    -1.67876,
    -1.6378,
    -1.1899985775999788,
    -1.0889787901797956,
    -1.08787,
    -1.0813867472374437,
    -1.08782727,
    -1.676489,
    -1.08698,
    -1.09797,
    -1.58789,
    1.577974685,
    -1.08845,
    -1.677458,
    -1.24784,
    -1.356824,
    -1.3866447368498467,
    -1.34879,
    -1.397859,
    -1.0897,
    -1.086187948986335,
    -1.3979896857,
    -1.32867,
    -1.0867,
    -1.0878,
    -1.6378979856,
    -1.2898,
    -1.6378977771574876,
    1.587779776531938,
    -1.319898,
    -1.348478,
    -1.38678,
    -1.08826927,
    -1.6875,
    -1.397,
    -1.348881,
    -1.0874,
    -1.08787,
    -1.249699,
    -1.68816975768,
    -1.086898,
    -1.319894,
    -1.0868897881671427,
    -1.92758,
    1.839508,
    -1.087405,
    -1.08765,
    1.5874,
    -1.086933,
    -1.922996,
    -1.0878,
    -1.249798,
    -1.348,
    -1.389879,
    -1.087889,
    -1.085967,
    -1.28654,
    -1.0856,
    -1.287998,
    -1.29875,
    -1.0876,
    -1.08457,
    -1.087379859,
    -1.0877,
    -1.28913,
    -1.08624,
    -1.68298,
    -1.087847,
    -1.086139,
    1.5855837359849179,
    -1.087749,
    -1.0874,
    -1.67549,
    -1.9287,
    -1.386585,
    -1.386925,
    -1.087899625,
    -1.677583,
    -1.386508,
    -1.6838,
    -1.679799,
    -1.639815739922897,
    -1.68378,
    -1.087887,
    -1.24877,
    -1.67298,
    -1.4978589119330736,
    -1.386817,
    -1.348,
    -1.386874835,
    -1.6775837694586366,
    -1.386538,
    -1.08627,
    -1.0862893,
    -1.0877,
    -1.0877,
    -1.288689747,
    -1.08648,
    -1.086591,
    -1.67539,
    -1.49798,
    -1.6868,
    -1.0879625050727346,
    -1.08624,
    -1.0878,
    1.587403,
    -1.087719,
    -1.686745,
    -1.39875,
    -1.283296903472586,
    -1.3585,
    -1.682976,
    -1.6836,
    -1.685977707707685,
    -1.0875875509285515,
    -1.676272,
    -1.4757395263952835,
    -1.3868,
    1.584899,
    -1.49798,
    -1.63789,
    -1.67839,
    -1.676248,
    -1.0898,
    -1.184997585,
    -1.38679,
    -1.63784,
    -1.6204,
    -1.087448,
    -1.08864,
    -1.28898,
    -1.6798797354281283,
    -1.080914,
    -1.087843,
    -1.6378467172486597,
    -1.2898,
    -1.0878849688,
    -1.08786425,
    1.5897879803965356,
    -1.3286,
    -1.097377,
    -1.795877,
    -1.0878,
    -1.386087,
    -1.679871,
    -1.397,
    -1.0877,
    1.586384896955613,
    -1.4978857339526026,
    -1.3868797578123755,
    -1.0878,
    1.587481,
    -1.2768,
    -1.0877,
    -1.38685,
    -1.0848877473687417,
    -1.247894826,
    -1.35879977,
    -1.08637,
    -1.0898,
    -1.08679,
    -1.24725,
    -1.0897,
    1.5887977,
    -1.38697850547,
    -1.28476,
    -1.34948,
    -1.0877,
    -1.0897,
    -1.29874,
    -1.08474,
    -1.3975,
    -1.338781,
    -1.29877,
    -1.397232,
    -1.08897588,
    -1.087192,
    -1.2875,
    -1.0878,
    -1.497734,
    -1.289,
    -1.63783375,
    -1.497684,
    -1.386797,
    -1.672549737778779,
    -1.672887205,
    -1.345678,
    -1.2891,
    -1.0879979731999483,
    -1.081877,
    -1.08629,
    -1.672897,
    -1.675255,
    -1.288647,
    -1.08798,
    -1.0877,
    -1.0898,
    -1.28748,
    -1.288791,
    -1.08648632777,
    -1.28798,
    -1.39786,
    -1.33876,
    -1.087847787997168,
    -1.088386451,
    -1.672988,
    -1.283851,
    1.587931,
    -1.678176,
    -1.6378,
    -1.0877,
    -1.08798,
    -1.637993,
    -1.2847,
    -1.67588,
    -1.08787788979,
    -1.2878,
    -1.672988,
    -1.086467,
    -1.0878851098768727,
    -1.386897,
    -1.087788,
    -1.62154988,
    -1.627975,
    -1.3286,
    -1.399978766,
    -1.28878,
    -1.6858697984393758,
    -1.087548,
    -1.089788,
    -1.3978798679,
    -1.28789,
    -1.6844,
    -1.2768,
    -1.28785,
    -1.9278,
    -1.38688,
    -1.0878,
    -1.086125,
    0.987654321,
    -1.086288,
    -1.672897541556556,
    -1.62987,
    -1.30371,
    -1.087734,
    -1.649987,
    -1.087832,
    -1.0863,
    -1.2879,
    -1.38679,
    -1.0876,
    -1.0876,
    -1.2898,
    -1.089788,
    -1.689875,
    -1.698,
    -1.184799394090069,
    -1.397,
    1.588828148611795,
    -1.39788,
    -1.67829,
    -1.087877982476295,
    -1.38682139388,
    -1.2889758963,
    -1.097849,
    -1.0868487080984457,
    -1.6879,
    -1.087893,
    -1.29579,
    -1.38678,
    -1.386865547,
    -1.39738,
    -1.67845,
    -1.33884,
    -1.2987,
    -1.087167842,
    -1.3377,
    -1.678295,
    -1.0879979119984158,
    -1.083579,
    -1.38647,
