{
  "model": "gpt-4o",
  "distribution": "t(loc=0, scale=1, df=3)",
  "mode": "independent_requests",
  "requested_samples": 1000,
  "generation_time": 468.4675076007843,
  "statistics": {
    "total_samples": 1000,
    "failed_requests": 0,
    "unique_values": 740,
    "unique_rate": 74.0,
    "mean": 0.17273926836048528,
    "std": 1.259180708835103,
    "min": -3.451,
    "max": 2.965,
    "ks_statistic": 0.18102530900447755,
    "ks_pvalue": 3.7995979759820416e-29
  },
  "samples": [
    -0.675,
    -0.478,
    -1.457,
    0.8432,
    -1.5373,
    -0.742,
    -0.764,
    0.789,
    0.459,
    0.945,
    -0.626,
    0.763,
    0.497,
    -2.483656326,
    0.827,
    -2.136,
    -0.676,
    2.105314,
    1.234,
    0.765,
    0.532,
    1.2684,
    -0.876,
    2.3142,
    0.935,
    1.374,
    2.064819,
    1.326,
    -0.784,
    1.234,
    -1.276,
    0.765,
    0.694,
    -0.482,
    -2.153,
    -0.413,
    1.578,
    0.872,
    0.837,
    1.482,
    -0.487,
    1.674,
    1.3624,
    -0.5923,
    -1.256,
    0.798,
    0.947,
    0.894,
    0.867,
    -0.431,
    0.753,
    -1.456,
    -0.957,
    1.372,
    1.432,
    1.234,
    0.723,
    1.593,
    0.427,
    -0.467,
    1.359,
    -0.728,
    0.52,
    1.482,
    1.732,
    1.532,
    0.732,
    0.842,
    -0.723,
    -0.746,
    1.9824,
    -1.7328,
    1.5624,
    -0.468,
    -0.4729,
    -2.195,
    -1.5643,
    1.726,
    1.2345,
    -0.539,
    1.678,
    0.9835,
    0.672,
    -0.437,
    0.524,
    -1.237,
    2.147,
    -0.967,
    0.732,
    -0.235,
    0.287,
    -0.767,
    -1.482,
    0.729,
    0.732,
    -0.5687,
    0.862,
    0.836,
    0.827,
    -1.524,
    -0.4829,
    -1.2435,
    0.847,
    -0.4423,
    -0.842,
    -0.726,
    -0.234,
    -2.148,
    1.547,
    0.692,
    1.839,
    0.795,
    -1.463,
    1.532,
    -0.527,
    -0.739,
    -0.7463,
    2.134,
    -1.345,
    1.238,
    -0.978,
    -0.728,
    -1.253469,
    -0.387492,
    1.5645,
    1.548,
    -0.789,
    1.647,
    -0.957,
    -0.894,
    -1.4803786965228194,
    2.116,
    0.873,
    -0.745,
    -0.973,
    2.185,
    0.7931,
    2.187,
    -0.435,
    -0.4821,
    -0.695,
    -0.867,
    1.294,
    -0.955,
    -0.763,
    1.936,
    -1.2337,
    0.492,
    -1.423,
    1.834,
    1.237,
    -0.478,
    -0.5324,
    -2.184,
    0.834,
    -1.923,
    1.276,
    1.387,
    -0.875603,
    -2.471,
    -1.247,
    0.461,
    1.234,
    1.748,
    -0.867,
    -0.467,
    1.835,
    1.732,
    0.914,
    -0.876,
    1.437,
    -0.9244,
    1.472,
    0.237,
    -0.5632,
    -1.637,
    0.739,
    2.684,
    1.632,
    -1.842,
    -0.834246,
    -1.254,
    0.564,
    2.748265,
    0.926,
    -0.658,
    -2.489,
    1.942,
    0.874,
    0.432,
    2.013,
    1.437,
    2.317,
    1.724,
    2.317482,
    0.364,
    0.463,
    -1.267,
    1.437235,
    1.254,
    0.9523,
    -2.037,
    1.352,
    0.532,
    0.8732,
    1.624,
    -1.8543,
    2.345,
    -0.437,
    0.674,
    0.563,
    1.234,
    0.894,
    -0.754,
    1.482,
    0.824,
    2.153,
    -0.873,
    -0.8743,
    -0.736,
    1.762,
    -1.638,
    -1.334,
    2.148,
    0.754,
    -1.678,
    0.207,
    0.795,
    1.732,
    -0.5833208530966963,
    -0.537,
    2.134,
    -1.437,
    -1.042,
    1.832,
    0.837,
    1.482,
    -0.3421,
    -0.7243,
    0.894,
    1.532,
    -1.624,
    -1.756,
    -1.356,
    -1.0248,
    1.748,
    -0.715,
    -0.623,
    -0.4708,
    0.752,
    0.532,
    1.162,
    1.247,
    1.472,
    0.832,
    -2.358,
    -0.837248,
    0.8847,
    1.237,
    -0.8523,
    -0.435,
    1.724,
    -0.872973426,
    -0.789,
    -2.354,
    -1.965314,
    -0.976,
    1.4523,
    0.926,
    0.479,
    1.847,
    1.4651,
    -1.234,
    0.872,
    0.462,
    1.487,
    -0.354,
    -0.745,
    -0.847172,
    -0.725,
    -1.387492,
    0.641,
    -1.237,
    -1.237,
    -0.849299,
    1.337,
    -0.753,
    0.872,
    1.374,
    1.739,
    1.287,
    0.694,
    -1.526184,
    1.769,
    1.234,
    1.734,
    -0.624,
    -2.182,
    1.282,
    -0.648,
    -0.918732,
    -0.925,
    -0.936,
    0.953,
    -2.195,
    -1.2037,
    -0.729,
    1.7383,
    -0.983,
    2.1831,
    -0.732,
    2.349,
    0.877,
    -1.739,
    -1.769,
    -1.504332,
    -1.527,
    0.674,
    1.247,
    -0.947,
    -0.920873,
    -0.293,
    -1.437,
    1.384,
    -0.5892,
    -1.784,
    -0.7435,
    -1.2894,
    1.897263582,
    1.236,
    1.563,
    0.235,
    -0.864,
    -0.743,
    0.762,
    0.864,
    -2.347,
    0.732,
    -1.634,
    -1.253,
    -0.847509927127531,
    -1.357,
    1.948312659,
    -0.879,
    0.532,
    -0.803,
    -0.8211547695394859,
    0.295,
    1.652,
    0.546,
    -1.657,
    1.934,
    1.823,
    -0.646,
    0.874,
    -0.869274,
    2.348,
    1.462,
    -0.723,
    -2.561,
    0.837,
    2.345,
    -0.243,
    0.374,
    -1.547,
    -0.676,
    -0.591,
    -2.457,
    2.134,
    0.894,
    -0.995,
    -1.732,
    -1.274,
    0.849,
    -1.642,
    1.732,
    -0.9682,
    -0.5824,
    -0.873,
    -0.9532,
    0.634,
    0.621,
    0.973,
    -0.2574,
    -3.403,
    -0.537,
    -1.276,
    1.287,
    0.646,
    -0.789,
    0.972,
    -0.970812314,
    0.782,
    -0.672,
    -0.482,
    0.591,
    0.564,
    1.725,
    0.435,
    -0.751,
    -0.458,
    1.358,
    1.892,
    -0.941259,
    -1.542,
    1.482,
    0.754,
    -0.743,
    -1.295,
    -0.874,
    1.075,
    -0.658,
    1.247,
    -1.879,
    0.571,
    -0.8961,
    1.163,
    -0.6421,
    0.476,
    -1.2345,
    1.5283,
    1.362,
    0.937,
    1.234,
    -1.812,
    -0.548,
    -0.185,
    0.8643,
    -1.543,
    0.374,
    2.483,
    -0.512,
    -0.927,
    -1.732,
    2.064,
    1.532,
    -0.7409,
    0.872,
    1.879,
    1.587,
    -0.849,
    0.974,
    -2.9731,
    1.845,
    -1.546,
    -0.576,
    0.524,
    0.732,
    0.583,
    1.745,
    -1.643,
    1.763,
    0.536,
    0.793,
    -0.682524678153261,
    -0.267,
    0.657,
    -0.589,
    -0.6234,
    -0.758,
    1.742,
    -1.234,
    -1.452,
    -0.823,
    -0.832,
    0.732,
    0.782,
    1.723,
    -1.732,
    1.2464,
    0.537,
    2.106,
    0.763,
    1.569,
    1.245,
    -0.749732,
    1.624,
    -0.463,
    1.437396,
    -1.927,
    -1.785,
    2.194,
    1.927,
    0.739,
    1.524,
    -1.837,
    1.483,
    0.865,
    1.894,
    -1.543,
    1.782,
    0.7321,
    -0.587,
    1.9124,
    -0.6124079817740686,
    0.726,
    -0.726,
    0.964,
    2.1435756930677763,
    0.946,
    1.423,
    1.253,
    0.482,
    -0.0474,
    0.4537,
    1.234,
    -0.576,
    -1.432,
    -2.798,
    1.679,
    1.637,
    -0.632,
    -1.256,
    0.948,
    -0.8039078265329175,
    -0.653,
    1.289,
    -0.439299,
    0.876,
    1.536,
    0.976,
    1.476,
    -1.276,
    1.2581,
    -1.532,
    1.945,
    0.572,
    -0.732014415872756,
    0.853,
    2.563,
    -0.347,
    1.485,
    -0.6742,
    0.948,
    -1.346,
    -1.532,
    -2.467,
    -0.732,
    1.024,
    1.234,
    0.984,
    0.569,
    0.927,
    1.5895691030654797,
    1.972,
    0.8573,
    0.834,
    2.563,
    1.254,
    1.172,
    1.239,
    1.053,
    0.476,
    -1.5327,
    0.496,
    -0.758,
    0.9364,
    0.674,
    -1.763,
    -1.857,
    -0.716,
    0.582,
    1.093,
    -0.815,
    -1.254,
    0.459,
    0.973,
    0.756,
    1.732,
    1.734,
    -1.172,
    -0.937,
    0.247,
    0.642,
    -0.872163428947284,
    1.947,
    1.487,
    1.254,
    0.847,
    0.482,
    2.134,
    -0.4587,
    -2.036,
    1.475,
    -0.852,
    -2.463,
    -0.842,
    0.745,
    1.528,
    0.821,
    1.237,
    0.857,
    -0.812,
    -0.8769,
    0.528,
    -0.752,
    -0.9786531420194855,
    -0.378,
    -1.2874,
    2.134,
    0.856,
    0.732,
    1.456,
    1.126,
    0.854,
    -0.762,
    1.372,
    -0.9652,
    -1.438,
    1.275,
    0.978,
    1.5481,
    0.482,
    -0.456,
    1.286,
    -0.871,
    -0.983217,
    -0.709,
    0.927,
    2.178,
    -0.879475,
    2.193,
    -1.546,
    -0.492882,
    -3.451,
    0.854,
