{
  "model": "openai/gpt-oss-120b",
  "distribution": "TDistribution",
  "mode": "independent_requests",
  "max_workers": 40,
  "requested_samples": 1000,
  "generation_time": 62.76794719696045,
  "statistics": {
    "total_samples": 1000,
    "failed_requests": 0,
    "mean": -0.21758330713501675,
    "std": 0.7634684300907705,
    "ks_statistic": 0.27027382442360476,
    "ks_pvalue": 5.185697690024207e-65
  },
  "samples": [
    -0.7328424742,
    -0.842,
    -0.732,
    -0.842376,
    0.842,
    0.7423642371,
    0.3124,
    -0.8426182159,
    -0.842315,
    0.842,
    0.8375,
    -0.634527,
    -0.847,
    0.7321589521,
    -0.842,
    -0.3845,
    -1.237,
    -0.4732,
    -0.842,
    -0.834,
    -0.872,
    1.258,
    0.754931,
    0.8425,
    -0.672342,
    -0.342,
    -0.7324,
    -0.4271,
    0.5382,
    -1.237,
    -0.634,
    1.842,
    0.573842,
    -0.7421,
    0.732241,
    0.721,
    -0.642,
    0.873,
    -0.7134,
    -0.437842,
    0.483,
    0.527,
    0.6421,
    -0.764,
    1.092,
    -0.423,
    0.842,
    -0.743215,
    0.8421956783,
    -0.732,
    -0.421,
    -0.724511,
    0.842,
    -0.842315,
    -0.834,
    -0.217,
    -0.7324,
    -0.6174,
    -0.732,
    -0.618,
    -0.834,
    -0.842376,
    0.354728,
    0.714,
    1.274,
    0.425,
    -0.527834,
    -0.7321,
    -0.874562,
    -1.045672,
    -0.7421,
    -0.462,
    -0.873,
    -0.6215,
    -0.842,
    0.7634,
    -0.453,
    -0.9275,
    1.273,
    0.7325,
    -0.8427,
    -0.7321,
    0.847,
    0.627,
    -0.642,
    -0.872345,
    -1.3521,
    -0.432,
    0.842,
    -0.92714,
    0.514,
    -0.732145,
    -0.814,
    0.527,
    -0.842,
    -0.842342,
    0.839473,
    -0.742,
    -0.842,
    -0.274,
    -0.583732,
    -0.845673,
    -0.524876,
    0.842,
    -0.6821,
    -0.562839,
    0.284965,
    -1.2375,
    -0.842377,
    -0.438,
    0.732,
    0.55,
    -0.834,
    -0.7341590185,
    -0.732,
    -0.873,
    -0.5721,
    -0.4731582191,
    0.732,
    0.4873210547,
    -0.732145,
    -0.7315427511,
    0.734,
    -0.2745313832,
    -0.732,
    -0.732145,
    -1.247,
    -0.732145871,
    0.7421,
    1.834,
    0.411,
    0.6371,
    -0.732145,
    -0.873,
    -0.8424732157,
    -0.482,
    -0.842,
    0.8427,
    -0.842,
    -1.039212,
    -0.8423659471,
    -0.732,
    0.732,
    -1.246,
    -0.587324,
    -0.342,
    -1.246,
    -0.867,
    -1.2375,
    0.876432,
    0.842,
    -0.839,
    -0.8423485921,
    -0.174,
    1.453,
    -0.4165781625,
    -0.824531,
    0.842,
    0.637,
    0.876,
    -1.245,
    0.842,
    0.8745,
    -0.879,
    -1.237,
    0.721,
    -1.245,
    -0.423,
    -0.845327,
    0.59,
    0.842,
    -0.487,
    0.8423,
    -0.832138,
    1.2371,
    1.246839,
    -0.412,
    0.634,
    1.657,
    0.8421135271,
    -0.7321,
    0.652,
    0.732847,
    -0.2764,
    -0.642315,
    -1.3142,
    -0.7321453221,
    0.8423,
    -0.732,
    0.842,
    -0.834,
    -0.873,
    -0.574182,
    -0.714,
    -0.8472125831,
    -0.7324,
    -0.657,
    0.428731,
    0.471,
    -0.7245,
    -0.8123,
    -0.8324,
    -0.732,
    -1.057,
    -0.5432,
    -0.468721,
    -0.534617,
    -0.572,
    -1.263,
    -0.713456,
    0.587,
    -0.437,
    0.6472,
    -0.842,
    -0.732,
    -0.842134,
    -0.6725,
    -0.873,
    -0.8421745859,
    -0.428,
    -0.574,
    -0.463728,
    0.7321,
    0.842391,
    0.842,
    0.842,
    0.642,
    -0.423987,
    -0.5421,
    -0.714,
    -0.731945,
    0.732,
    -0.7272817976,
    0.3187,
    -0.842,
    1.281,
    -0.421,
    0.7124,
    0.437,
    0.7421,
    -0.631425,
    1.2547,
    -0.732,
    -0.721,
    -0.842,
    -1.247,
    0.4237,
    -0.732587,
    -0.842,
    0.724,
    -0.736,
    -0.842,
    -1.324,
    -0.511,
    -0.3842479185,
    -0.617,
    0.5475,
    0.4731518921,
    -0.842,
    -1.254,
    0.527048,
    0.61,
    0.467,
    0.7321,
    0.732,
    -0.316,
    -0.842953,
    0.428,
    -0.847,
    0.8271,
    -0.724531,
    -0.317,
    -0.732158,
    -0.732,
    -0.3481,
    -0.2174563981,
    -0.834,
    -0.842315,
    -0.4712,
    -0.7682,
    -0.4621,
    0.732451,
    -1.4732,
    0.732,
    0.732,
    -0.547,
    0.657342,
    0.842,
    0.7345,
    1.487,
    -0.563,
    -0.642398174,
    -0.8429,
    0.548,
    -0.462,
    -0.732,
    -0.832,
    0.367,
    -0.847315,
    -0.417293,
    -0.428,
    -0.8423191631,
    -0.6421,
    -0.8427,
    -0.5831,
    -0.7245,
    1.237,
    0.342,
    -0.672423,
    -0.732,
    -0.527,
    -0.7243,
    0.7642,
    -0.842315,
    -1.237,
    -0.7327,
    -0.632,
    -0.845322,
    0.657,
    -0.642371,
    0.842,
    -0.842,
    -0.842,
    0.874,
    -0.4627,
    -0.842,
    -0.842,
    -0.739364,
    -0.587,
    -0.7213642712,
    -0.8746,
    0.4721,
    0.8371,
    -0.742,
    0.3421,
    -0.587342,
    0.428,
    -0.7628492365,
    0.8421857271,
    -0.834,
    -0.834,
    1.274,
    0.658,
    -0.347,
    0.71,
    -0.637,
    -0.462837,
    -1.5487,
    0.6271,
    -0.527,
    0.547,
    0.8423,
    -0.842,
    0.7321,
    -0.8479213945,
    -0.567,
    0.6312,
    -0.342,
    -0.673,
    1.219,
    -1.463,
    0.284563,
    0.7421,
    0.748312435,
    -0.5817,
    0.842,
    0.732,
    -0.837726,
    -0.8423,
    -0.657832,
    -0.658,
    -0.821514,
    -0.623,
    -0.376,
    -0.462834,
    0.7321,
    -0.842157,
    -0.457,
    -0.417825,
    -0.842,
    0.847593,
    -0.452,
    -0.527,
    -0.73645,
    -0.842,
    0.86294,
    0.531,
    -0.631,
    0.8425,
    0.537,
    -0.4235870942,
    0.724,
    0.7421,
    1.24,
    -0.8421,
    -0.567814,
    -0.867394,
    -0.842315,
    0.547,
    -0.732145,
    -1.274,
    -0.432167,
    0.842,
    -0.7324684351,
    -0.764,
    1.342,
    -0.731,
    -0.846,
    -0.847,
    -0.4721,
    -0.834915,
    -0.574,
    -0.845,
    0.317,
    -0.547,
    -0.6183521945,
    -0.8425271683,
    -0.452,
    -0.536,
    -0.2747315421,
    0.8427,
    -1.214,
    -0.5183,
    -0.832,
    -0.3275068252,
    -0.736,
    0.742,
    -1.159,
    0.7324,
    -0.837,
    -0.683,
    -0.842761,
    -0.658734,
    0.527468,
    -0.842531,
    -0.4321852975,
    0.417,
    -0.6421,
    0.732,
    0.726,
    0.618472,
    -0.842716,
    -0.837592,
    -0.387,
    -0.847214,
    0.947,
    -0.736425,
    -0.4523,
    0.527,
    0.732,
    -0.842,
    -0.847,
    -0.7423,
    -0.432,
    -0.6425,
    0.683,
    0.8421,
    -0.346,
    0.467291,
    -0.3847,
    -0.985,
    -0.4531278256,
    -0.524,
    1.427,
    -0.417946,
    -0.432,
    -0.637,
    0.8423,
    -0.8452375941,
    0.4731,
    -0.8423,
    -0.421,
    0.7365,
    0.8427,
    -1.342,
    -0.456,
    0.547,
    -0.8427318253,
    -0.842,
    -0.87654321,
    -0.842,
    0.764,
    0.857,
    -0.437524,
    -0.7245,
    -0.657,
    0.8763,
    -0.8423,
    -0.4321,
    0.876,
    0.4162,
    -0.637,
    -0.673884,
    0.8425312385,
    -1.237,
    -0.5314621749,
    -0.732,
    -0.823,
    -0.834,
    -0.473825,
    -0.832,
    0.843,
    -0.643,
    -0.8423,
    -1.237,
    -0.537214,
    -0.847362,
    0.732,
    0.7324893521,
    0.421,
    -0.832145,
    -0.428,
    -0.567,
    0.876,
    -0.842,
    1.35,
    -0.632,
    -0.841,
    -0.487,
    0.7321,
    -0.587,
    -0.6371,
    -0.541836,
    1.237,
    -0.845,
    -0.842157,
    -0.452913,
    0.423761,
    -0.742,
    -0.7428673225,
    0.8425,
    -1.371,
    0.8345,
    -0.842315,
    -0.732145,
    0.842,
    -0.834176,
    0.647,
    -0.734,
    -0.8423698251,
    -0.862,
    -0.642384,
    0.5877,
    2.357,
    -0.8426737951,
    -0.732547,
    -0.417,
    -0.712,
    -0.73612,
    0.61,
    -0.762394,
    -0.958,
    -0.839821,
    0.84217,
    -0.714,
    -0.4871,
    -0.3842357481,
    -0.842731,
    -0.857,
    -0.872,
    -0.6321,
    -0.842,
    0.843,
    0.61,
    -0.3421,
    -0.621354,
    -0.842,
    -0.8421,
    -0.5874,
    -0.637,
    0.417849,
    -0.724153,
    -1.2745,
    0.842,
    1.235,
    -0.642,
    -0.7641129553,
    0.842,
    -0.842,
    -1.237,
