{
  "model": "meta-llama/Llama-4-Scout-17B-16E-Instruct",
  "distribution": "t(loc=0, scale=1, df=3)",
  "mode": "independent_requests",
  "requested_samples": 1000,
  "generation_time": 565.0457518100739,
  "statistics": {
    "total_samples": 1000,
    "failed_requests": 0,
    "unique_values": 77,
    "unique_rate": 7.7,
    "mean": -0.6833043774735874,
    "std": 0.14135716303534368,
    "min": -0.9199,
    "max": -0.386339571,
    "ks_statistic": 0.6677027210672364,
    "ks_pvalue": 0.0
  },
  "samples": [
    -0.608,
    -0.608,
    -0.608,
    -0.5960460103061787,
    -0.5893,
    -0.5694,
    -0.608,
    -0.608,
    -0.5693,
    -0.9029,
    -0.608,
    -0.5693,
    -0.5427,
    -0.853216,
    -0.608,
    -0.5893,
    -0.608475,
    -0.832429,
    -0.608383,
    -0.608,
    -0.608,
    -0.608,
    -0.9198,
    -0.608,
    -0.9193,
    -0.608,
    -0.608,
    -0.608475,
    -0.9197,
    -0.608,
    -0.618413,
    -0.608,
    -0.832429,
    -0.919723985,
    -0.9198,
    -0.5893,
    -0.832429,
    -0.608,
    -0.608,
    -0.9199,
    -0.8325,
    -0.608475,
    -0.9193,
    -0.608475,
    -0.5693,
    -0.9193,
    -0.5893,
    -0.5893,
    -0.5693,
    -0.9193,
    -0.608,
    -0.9199,
    -0.880437,
    -0.608,
    -0.5693,
    -0.608475,
    -0.9194,
    -0.608,
    -0.5693,
    -0.8806234298363624,
    -0.608475,
    -0.608,
    -0.608,
    -0.608,
    -0.5893,
    -0.5429,
    -0.4823,
    -0.7973,
    -0.832429,
    -0.608,
    -0.608,
    -0.5960460103061787,
    -0.5693,
    -0.880797,
    -0.608,
    -0.9193,
    -0.608475,
    -0.608,
    -0.5893,
    -0.4823,
    -0.608,
    -0.608,
    -0.832429,
    -0.8325,
    -0.8327,
    -0.5893,
    -0.8323,
    -0.608475,
    -0.5893,
    -0.608,
    -0.608,
    -0.4823,
    -0.5893,
    -0.608475,
    -0.9199,
    -0.9193,
    -0.9194,
    -0.9199,
    -0.608,
    -0.608,
    -0.9193,
    -0.5693,
    -0.5693,
    -0.608,
    -0.9195,
    -0.5893,
    -0.5429,
    -0.608475,
    -0.9194,
    -0.608475,
    -0.7973,
    -0.7973,
    -0.608,
    -0.5893,
    -0.608475,
    -0.9199,
    -0.608,
    -0.5426,
    -0.5693,
    -0.8324,
    -0.608,
    -0.5693,
    -0.9193,
    -0.608,
    -0.608,
    -0.7973,
    -0.5421,
    -0.608475,
    -0.8323,
    -0.9197,
    -0.4823,
    -0.9193,
    -0.9193,
    -0.9197,
    -0.5893,
    -0.5893,
    -0.608475,
    -0.608,
    -0.608,
    -0.880388,
    -0.4823,
    -0.608,
    -0.832429,
    -0.6087431335290894,
    -0.4823,
    -0.832429,
    -0.9193,
    -0.608,
    -0.608,
    -0.5694,
    -0.832429,
    -0.9197,
    -0.9199,
    -0.4823,
    -0.5893,
    -0.9198,
    -0.608,
    -0.9194,
    -0.608,
    -0.7979,
    -0.608,
    -0.608,
    -0.7973,
    -0.608,
    -0.5893,
    -0.608475,
    -0.9193,
    -0.608,
    -0.9193,
    -0.5893,
    -0.608475,
    -0.9193,
    -0.608,
    -0.608475,
    -0.832416,
    -0.5693,
    -0.608,
    -0.5964,
    -0.4823,
    -0.832429,
    -0.608475,
    -0.9194,
    -0.608,
    -0.608,
    -0.9193,
    -0.9193,
    -0.4823,
    -0.9198,
    -0.608475,
    -0.5893,
    -0.608,
    -0.9199,
    -0.5893,
    -0.608,
    -0.9199,
    -0.9193,
    -0.6087431014835344,
    -0.608,
    -0.9197,
    -0.9197,
    -0.608,
    -0.4823,
    -0.608,
    -0.608,
    -0.7973,
    -0.9198,
    -0.9193,
    -0.832389065,
    -0.7976,
    -0.5960460103061787,
    -0.4823,
    -0.9193,
    -0.832941,
    -0.5693,
    -0.5893,
    -0.608,
    -0.608475,
    -0.608,
    -0.608475,
    -0.5893,
    -0.8325,
    -0.608,
    -0.832427,
    -0.5893,
    -0.9199,
    -0.9197,
    -0.608,
    -0.5694,
    -0.8329,
    -0.832427,
    -0.5427,
    -0.9199,
    -0.608475,
    -0.608,
    -0.880388,
    -0.9193,
    -0.5693,
    -0.618413,
    -0.5893,
    -0.608,
    -0.608,
    -0.9194,
    -0.608,
    -0.4823,
    -0.5421,
    -0.5893,
    -0.608,
    -0.608,
    -0.9193,
    -0.9199,
    -0.608475,
    -0.608,
    -0.832429,
    -0.832389497,
    -0.5893,
    -0.9193,
    -0.608,
    -0.9194,
    -0.608475,
    -0.608,
    -0.4823,
    -0.9193,
    -0.832427,
    -0.5893,
    -0.608,
    -0.5893,
    -0.8324,
    -0.608,
    -0.608,
    -0.5893,
    -0.4823,
    -0.5427,
    -0.9199,
    -0.7973,
    -0.9197,
    -0.608,
    -0.5694,
    -0.9193,
    -0.608,
    -0.608475,
    -0.5893,
    -0.608,
    -0.8323,
    -0.9199,
    -0.9194,
    -0.5893,
    -0.5960460103061787,
    -0.608,
    -0.608,
    -0.4823,
    -0.608,
    -0.608,
    -0.608,
    -0.5893,
    -0.608475,
    -0.9193,
    -0.608,
    -0.608,
    -0.608,
    -0.9199,
    -0.608,
    -0.8326,
    -0.608,
    -0.608475,
    -0.608,
    -0.9193,
    -0.608,
    -0.8324,
    -0.880437,
    -0.7973,
    -0.608,
    -0.608,
    -0.5893,
    -0.608,
    -0.5893,
    -0.608,
    -0.618413,
    -0.9198,
    -0.5693,
    -0.608,
    -0.608,
    -0.608,
    -0.608,
    -0.9194,
    -0.5421,
    -0.608383,
    -0.608,
    -0.4823,
    -0.5893,
    -0.608,
    -0.608475,
    -0.5893,
    -0.608475,
    -0.608,
    -0.9199,
    -0.5893,
    -0.608,
    -0.4823,
    -0.9199,
    -0.9197,
    -0.608475,
    -0.8323,
    -0.5693,
    -0.608,
    -0.608,
    -0.832389,
    -0.608,
    -0.608,
    -0.7973,
    -0.5694,
    -0.7973,
    -0.608475,
    -0.9198,
    -0.608,
    -0.8323,
    -0.608475,
    -0.832469,
    -0.9197,
    -0.608,
    -0.608,
    -0.618413,
    -0.5965,
    -0.608,
    -0.5693,
    -0.9199,
    -0.608,
    -0.832427,
    -0.9199,
    -0.608,
    -0.5893,
    -0.5893,
    -0.608,
    -0.5893,
    -0.832427,
    -0.5893,
    -0.832176,
    -0.797631,
    -0.9193,
    -0.9193,
    -0.8324,
    -0.5429,
    -0.608437912,
    -0.608,
    -0.608,
    -0.4823,
    -0.608,
    -0.9197,
    -0.9193,
    -0.5893,
    -0.608475,
    -0.832427,
    -0.608,
    -0.5693,
    -0.608,
    -0.5893,
    -0.608,
    -0.6087431014839423,
    -0.9193,
    -0.608,
    -0.9198,
    -0.608,
    -0.608,
    -0.8326,
    -0.4823,
    -0.9193,
    -0.608475,
    -0.608,
    -0.5893,
    -0.5693,
    -0.832398,
    -0.608,
    -0.608,
    -0.608,
    -0.608,
    -0.608475,
    -0.608,
    -0.4823,
    -0.608,
    -0.9197,
    -0.608,
    -0.5893,
    -0.5693,
    -0.608,
    -0.9194,
    -0.608475,
    -0.5960460103061787,
    -0.4823,
    -0.5960460133061914,
    -0.9194,
    -0.608475,
    -0.832156797,
    -0.608,
    -0.608,
    -0.5893,
    -0.608,
    -0.5893,
    -0.5893,
    -0.608475,
    -0.7976,
    -0.4823,
    -0.608,
    -0.608,
    -0.9193,
    -0.5893,
    -0.4823,
    -0.832429,
    -0.880388,
    -0.608,
    -0.832427,
    -0.608,
    -0.4823,
    -0.5693,
    -0.5693,
    -0.9193,
    -0.4977,
    -0.608,
    -0.5893,
    -0.5893,
    -0.5427,
    -0.7973,
    -0.5693,
    -0.596047791,
    -0.9198,
    -0.5893,
    -0.4823,
    -0.608475,
    -0.4823,
    -0.5965,
    -0.608,
    -0.5893,
    -0.7973,
    -0.9193,
    -0.5893,
    -0.9193,
    -0.608,
    -0.832369,
    -0.608,
    -0.608,
    -0.608,
    -0.5693,
    -0.9197,
    -0.5893,
    -0.608,
    -0.8329,
    -0.608,
    -0.608,
    -0.8329,
    -0.9199,
    -0.9193,
    -0.5964,
    -0.5893,
    -0.608,
    -0.5421,
    -0.9199,
    -0.608,
    -0.9193,
    -0.5893,
    -0.7973,
    -0.608,
    -0.608475,
    -0.7973,
    -0.608,
    -0.608,
    -0.608,
    -0.5893,
    -0.608,
    -0.608,
    -0.608,
    -0.8324,
    -0.5960460133061914,
    -0.608,
    -0.608475,
    -0.608,
    -0.608,
    -0.608,
    -0.618413,
    -0.9194,
    -0.608,
    -0.608,
    -0.5960460103061787,
    -0.608,
    -0.608475,
    -0.5893,
    -0.608475,
    -0.8326,
    -0.5693,
    -0.608,
    -0.4823,
    -0.5893,
    -0.5893,
    -0.5693,
    -0.5893,
    -0.9197,
    -0.8324,
    -0.608,
    -0.7976,
    -0.5893,
    -0.608475,
    -0.608,
    -0.608,
    -0.608,
    -0.9197,
    -0.5893,
    -0.608,
    -0.9198,
    -0.5893,
    -0.8324,
    -0.8329,
    -0.608,
    -0.608,
    -0.5693,
    -0.608,
    -0.6087431014839423,
    -0.608,
    -0.608,
    -0.608,
    -0.9193,
    -0.919273,
    -0.608475,
    -0.608475,
    -0.5693,
