{
  "model": "meta-llama/Llama-3.3-70B-Instruct-Turbo",
  "distribution": "t(loc=0, scale=1, df=3)",
  "mode": "independent_requests",
  "requested_samples": 1000,
  "generation_time": 373.55940771102905,
  "statistics": {
    "total_samples": 1000,
    "failed_requests": 0,
    "unique_values": 782,
    "unique_rate": 78.2,
    "mean": -0.5690110761246538,
    "std": 0.15586571407756203,
    "min": -0.9899477,
    "max": 0.561429347,
    "ks_statistic": 0.572889580191762,
    "ks_pvalue": 3.497976343576e-311
  },
  "samples": [
    -0.542811652,
    -0.6069,
    -0.542013,
    -0.8407,
    -0.38672795,
    -0.4727,
    -0.5630495498110526,
    -0.5428116362,
    -0.56335137,
    -0.280857,
    -0.961135,
    -0.542811,
    -0.4621394,
    -0.54281554,
    -0.21800697,
    -0.644547,
    -0.4726,
    -0.542811,
    -0.4724368,
    -0.4623398,
    -0.4329,
    -0.60181526,
    -0.5421268,
    -0.6438618,
    -0.4621218,
    -0.6430789,
    -0.2185796,
    -0.5778407,
    -0.8377473,
    -0.471547347,
    -0.4726,
    -0.6068,
    -0.473547161,
    -0.5628,
    -0.93789055,
    -0.47394898,
    -0.81619968,
    -0.542811,
    -0.4621217,
    -0.5632357,
    -0.542811,
    -0.4728,
    -0.6751454,
    -0.6429217,
    -0.5633,
    -0.5428099,
    -0.67544149,
    -0.6420405,
    -0.5428014,
    -0.4735497,
    -0.3917,
    -0.6840419,
    -0.5428116,
    -0.2061358,
    -0.542811,
    -0.4621393,
    -0.9375495,
    -0.5418428,
    -0.675231601,
    -0.54281555,
    -0.9380676,
    -0.54281,
    -0.646061,
    -0.93786845,
    -0.6462917,
    -0.56383236,
    -0.687151,
    -0.54281578,
    -0.5424357,
    -0.5639420474128345,
    -0.8370477,
    -0.6086,
    -0.4621394,
    -0.542811,
    -0.675819531993,
    -0.542809,
    -0.2435797,
    -0.4727,
    -0.643947,
    -0.5428119,
    -0.4726,
    -0.542811,
    -0.2798,
    -0.4829374,
    -0.542811,
    -0.6431271,
    -0.8574,
    -0.539667493,
    -0.687612,
    -0.6977597897523182,
    -0.866655,
    -0.8460122,
    -0.9375477,
    -0.46408566,
    -0.4904709,
    -0.6438819,
    -0.542811,
    -0.5421177,
    -0.5418096,
    -0.56313135,
    -0.4621393,
    -0.6448753199,
    -0.473809,
    -0.4621398,
    -0.542815,
    -0.64442,
    -0.606109453,
    -0.4621386,
    -0.4727,
    -0.5428,
    -0.6441244,
    -0.462938,
    -0.76410786,
    -0.542811,
    -0.67581938,
    -0.2184754,
    -0.687247,
    -0.67594285,
    -0.4727,
    -0.433897,
    -0.473547085,
    -0.5428096,
    -0.4839113095871126,
    -0.70805699,
    -0.989257541,
    -0.5420817,
    -0.542809,
    -0.4727028966,
    -0.56327937,
    -0.4861098,
    -0.6194427,
    -0.6758154,
    -0.542327,
    -0.5428212,
    -0.2490974,
    -0.6431032,
    -0.21836565,
    -0.5428115,
    -0.656439,
    -0.542811,
    -0.4621218,
    -0.643947,
    -0.4692328,
    -0.643215,
    -0.6131767,
    -0.5628,
    -0.9899477,
    -0.6440917,
    -0.542811,
    -0.4621395,
    -0.2184758,
    -0.542811,
    -0.67581947,
    -0.5421219,
    -0.5428212,
    -0.4726,
    -0.542815,
    -0.6431296,
    -0.247832052845,
    -0.303086989,
    -0.54281,
    -0.21686995,
    -0.24394885,
    -0.542809,
    -0.9596,
    -0.5421576,
    -0.5421196,
    -0.4726,
    -0.5628,
    -0.633586852,
    -0.4807,
    -0.46272121,
    -0.7071377,
    -0.5398,
    -0.7071376,
    -0.4621399,
    -0.5428116,
    -0.6433398,
    -0.4621355,
    -0.5428217,
    -0.5428213,
    -0.17647454,
    -0.542811,
    -0.542811,
    -0.5428111189,
    -0.542815,
    -0.4178,
    -0.5428156,
    -0.9491427,
    -0.4735474698782327,
    -0.48098245,
    -0.542811,
    -0.5515472,
    -0.6750927,
    -0.6751563,
    -0.6750496,
    -0.542811,
    -0.2474391765,
    -0.4621397,
    -0.469678,
    -0.7865,
    -0.5632,
    -0.542815,
    -0.643127,
    -0.64420885,
    -0.4621369,
    -0.6438314,
    -0.9611,
    -0.5428097,
    -0.534747,
    -0.6738387,
    -0.4729218,
    -0.47239785,
    -0.6435375,
    -0.54281505,
    -0.433197,
    -0.54281566,
    -0.4805465,
    -0.4734366,
    -0.3745477,
    -0.9606,
    -0.54281,
    -0.67559,
    -0.5428158,
    -0.6435917,
    -0.6439023,
    -0.67586936,
    -0.5628,
    -0.2363475329,
    -0.4804119328,
    -0.4620325,
    -0.5979683,
    -0.542153,
    -0.54281531,
    -0.6750493,
    -0.6758211,
    -0.534107965,
    -0.21883742,
    -0.4871697,
    -0.456197623,
    -0.7901854,
    -0.3895425,
    -0.542811,
    -0.6750495,
    -0.7160892,
    -0.472547815,
    -0.472791354,
    -0.7392,
    -0.54281561,
    -0.4807,
    -0.6753164,
    -0.5428438,
    -0.4878959,
    -0.972197013,
    -0.54281509,
    -0.5428119,
    -0.21875,
    -0.4733477,
    -0.6447227,
    -0.4727,
    -0.6439110418,
    -0.54283142,
    -0.5634127,
    -0.4621393,
    -0.6468970622294155,
    -0.6431298,
    -0.67511341,
    -0.542811,
    -0.67581519,
    -0.3421646,
    -0.542811,
    -0.643723,
    -0.542811,
    -0.5421377,
    -0.9607,
    -0.54281118,
    -0.5428228,
    -0.4727,
    -0.4725497,
    -0.5428112969454792,
    -0.4724,
    -0.5428115,
    -0.5637,
    -0.6448767,
    -0.5428098,
    -0.5428112,
    -0.5418356,
    -0.5421289,
    -0.542811,
    -0.5628,
    -0.6759427,
    -0.9383158,
    -0.4621376,
    -0.542811,
    -0.9372739,
    -0.68744937,
    -0.624755061,
    -0.643911,
    -0.624547156,
    -0.6069,
    -0.824445,
    -0.6758,
    -0.542948,
    -0.21854637,
    -0.542811,
    -0.4621396,
    -0.5423118,
    -0.480707819,
    -0.2589114,
    -0.563257842,
    -0.4389277,
    -0.6448737,
    -0.4719,
    -0.2184758,
    -0.4621395,
    -0.275631942,
    -0.54281569,
    -0.4726,
    -0.643911,
    -0.542811,
    -0.542011,
    -0.4612,
    -0.4731575,
    -0.2180503,
    -0.4730967,
    -0.6194217,
    -0.542811,
    -0.725912438,
    -0.4747939278,
    -0.5344397229329896,
    -0.542811,
    -0.5637660433,
    -0.9890627,
    -0.70981505,
    -0.2180474,
    -0.5633,
    -0.563549,
    -0.6752597,
    -0.2389775,
    -0.563829536,
    -0.4727,
    -0.5770279154120554,
    -0.7905289,
    -0.54281575,
    -0.9890627,
    -0.646523027,
    -0.542821,
    -0.4888179,
    -0.542815,
    -0.644547531,
    -0.6445359,
    -0.472832062,
    -0.218835,
    -0.675439843,
    -0.4801634218399124,
    -0.5422717,
    -0.5428096,
    -0.542811,
    -0.248431,
    -0.5428115,
    -0.7884184,
    -0.6957827,
    -0.687157,
    -0.5632797,
    -0.54281501,
    -0.6758214,
    -0.4884989,
    -0.715631405,
    -0.542811,
    -0.5179359,
    -0.4725472360629545,
    -0.6443,
    -0.54281542,
    -0.68402145,
    -0.56389035,
    -0.54281545,
    -0.4621393,
    -0.542811,
    -0.2813193,
    -0.6461176,
    -0.60880987,
    -0.67505789,
    -0.21854687,
    -0.6439123,
    0.561429347,
    -0.6759420277667239,
    -0.7071377,
    -0.542815,
    -0.9758216,
    -0.4621399,
    -0.6433614,
    -0.5627,
    -0.5633,
    -0.4725477,
    -0.986455412,
    -0.4885467,
    -0.6431039,
    -0.54281592,
    -0.316556862,
    -0.4721369,
    -0.542815,
    -0.54281564,
    -0.6758207,
    -0.284785,
    -0.563252011,
    -0.4871867,
    -0.4621399,
    -0.541923,
    -0.2374726,
    -0.5428114,
    -0.8379516,
    -0.5429687,
    -0.6448427,
    -0.612347529,
    -0.4730963,
    -0.643821,
    -0.5428431,
    -0.47214764,
    -0.542814,
    -0.5428197,
    -0.5428975,
    -0.4621389,
    -0.4170622,
    -0.6751423713567725,
    -0.54281,
    -0.714649,
    -0.6111,
    -0.6383,
    -0.472547114,
    -0.542811,
    -0.77583236,
    -0.4722,
    -0.62484713,
    -0.534747,
    -0.644547531,
    -0.5415478,
    -0.542811,
    -0.542811,
    -0.542811,
    -0.6750497,
    -0.6402927,
    -0.675,
    -0.4735473669,
    -0.5630218,
    -0.36482763,
    -0.5636,
    -0.5628,
    -0.9345658,
    -0.2619,
    -0.54281587,
    -0.778056,
    -0.4725473177,
    -0.6431294,
    -0.21854667,
    -0.4875289,
    -0.937832105,
    -0.674541,
    -0.9758,
    -0.8875487,
    -0.606899043,
    -0.541815,
    -0.542811,
    -0.249890557,
    -0.5421287,
    -0.4621393,
