{
  "model": "mistralai/Mistral-Small-3.2-24B-Instruct-2506",
  "distribution": "t(loc=0, scale=1, df=3)",
  "mode": "independent_requests",
  "requested_samples": 1000,
  "generation_time": 464.91770124435425,
  "statistics": {
    "total_samples": 1000,
    "failed_requests": 0,
    "unique_values": 763,
    "unique_rate": 76.3,
    "mean": -0.3098287358350602,
    "std": 0.9783416860665622,
    "min": -4.321,
    "max": 4.23567241,
    "ks_statistic": 0.31711066821674544,
    "ks_pvalue": 6.5731176175593965e-90
  },
  "samples": [
    -0.123456789,
    0.6582947,
    -1.4532745698,
    -0.45673,
    -0.432194275,
    -0.893421,
    -0.41815,
    -0.448321,
    -0.912456,
    -0.23456,
    -0.123456789,
    -0.1928376542,
    -1.723312,
    -1.208453,
    -0.452789,
    -0.2341123,
    -0.123456789,
    -1.23456789,
    -1.234567,
    -0.23456,
    1.23890476512,
    -0.41273658,
    -1.274982341,
    -0.123456789,
    -0.2341,
    -1.23456789,
    -1.5624,
    -1.23456789,
    -1.8325,
    -0.4326,
    -0.741937245,
    -0.4239872412,
    2.0145683,
    -1.23456789,
    1.268423,
    2.450319,
    -0.346214,
    -0.143567,
    -0.82456712,
    -1.123456789,
    -0.234159,
    1.13628,
    4.23567241,
    -0.1736482924381756,
    -0.6928345678,
    -1.23456789,
    -1.23456789,
    -0.4729376543,
    -0.342512,
    -0.83215478,
    1.23456789012,
    0.23421,
    -0.123456789,
    -0.23456789,
    1.42357812,
    -2.45312,
    -1.0483,
    -0.45926,
    -0.12455,
    0.843264192,
    -0.123456,
    1.23645,
    -1.24398476,
    -1.023456,
    -0.12345678912345,
    -0.124987,
    -0.456214,
    -0.3421589,
    -1.832991,
    -0.123456789,
    -0.421935717,
    -1.523408,
    -0.5823,
    -0.29168753,
    1.79156,
    -1.23874029007027,
    -1.72345,
    -0.123456789,
    -1.74232,
    0.34572906,
    0.123456789,
    1.23456789,
    -1.7826141,
    -1.4523,
    -0.203912,
    1.092848651,
    -0.42137643,
    1.6234566789765432,
    -0.187245,
    -0.684218,
    -0.457281953,
    0.123456789,
    -1.7234,
    -0.184285,
    -0.41236,
    -0.42312,
    -0.972312,
    -0.123456789,
    -0.123456789,
    -1.23456789,
    -1.23456789,
    -0.43219174,
    -0.214789123,
    -0.123456,
    -0.5623412,
    2.45123,
    -0.12345678912345678,
    -1.02758,
    -0.832456790123,
    -0.3245103,
    1.283546,
    -0.4521,
    1.2345678901,
    -1.08932,
    1.23456789,
    -1.52342,
    -1.23453,
    -0.3425123,
    -1.463852366,
    -0.5621824621,
    0.621,
    -0.89273412,
    1.23456789,
    -2.154823,
    -0.176842253,
    -1.23456789,
    -1.234567890123456,
    -0.46237121,
    -0.43623,
    1.67241198,
    -0.123456789,
    -0.435291234,
    -0.423123,
    -0.234181948,
    1.45032482,
    -1.2402198,
    -0.24192,
    1.23456789,
    -1.23456789,
    1.52341,
    -0.234567891,
    -0.723418,
    1.23456789,
    0.426112,
    -0.78213,
    -0.123456789,
    -0.42987123,
    -1.47312,
    -0.127845,
    -1.23456789,
    -1.23456789,
    1.4523867,
    -0.125921,
    1.23456789,
    -0.459237,
    -1.0234567891234567,
    -0.723456,
    -0.6929,
    -0.178324567,
    -0.8723415678,
    -0.456723,
    0.428734123,
    -0.732,
    0.456782,
    -1.23456,
    1.51234,
    0.2258631,
    -0.123456789,
    1.345678921,
    -0.2311743625,
    1.7983239,
    -1.287124,
    -0.61233,
    -2.123456789,
    -0.452316,
    -1.3245679,
    -1.234567,
    -0.4512367,
    1.23456789,
    0.457192,
    -0.23456798,
    -0.428133,
    -0.98253,
    -0.45213,
    -1.45278122,
    0.123456789,
    1.623431,
    -0.123456789,
    -0.123456789,
    -1.147623,
    -0.2357812,
    -0.8721,
    -0.2314567,
    -1.23456789,
    -0.446740515,
    -0.4123,
    -1.23456789,
    -0.123564,
    -0.37234921,
    -0.128347519,
    -0.12345,
    -1.23456789,
    -0.234154,
    -2.40265,
    -0.4372812,
    -0.123456789,
    -0.4123,
    -0.45287124,
    -2.145846726512358,
    -1.23456789,
    1.2345,
    -0.832143756,
    1.0134,
    -1.2378456789,
    -0.7213456289,
    -0.6721665721419116,
    2.41175302,
    -0.91826,
    -0.6523,
    -0.41622589,
    -1.24587,
    -0.327842,
    -0.12567893214,
    -0.724921,
    1.21468,
    -0.2521346789,
    -0.562984,
    -0.123456789123456,
    -0.431241,
    1.23456789,
    0.7352419861,
    -0.823947,
    -0.451327562,
    -1.23456789,
    -0.84232567,
    -1.23456789,
    -0.123489,
    -0.123674521,
    -0.421268,
    -1.23456789,
    -0.123456789,
    -1.23456789,
    -0.75820223456,
    -0.241563,
    -0.291847,
    -1.0252,
    1.4797083888048526,
    -1.35283,
    -0.1234567,
    -1.352784527,
    -0.432198724,
    1.6873548691141613,
    -0.312456789,
    -1.2345678901,
    1.4752315,
    -1.23456,
    -0.23456789,
    -0.426750453673541,
    0.620317,
    0.124687,
    -0.542987,
    2.13741986,
    -1.23456789,
    -1.23456,
    -0.123456789,
    -0.123456789,
    1.236487,
    1.452301256789,
    -0.123456789,
    -1.23456789,
    -0.721188,
    1.2387,
    1.123456789,
    -2.3418523868,
    -0.135678,
    -1.31234,
    -0.123456789,
    -0.283741,
    -1.004567,
    -1.234,
    -0.653242189,
    -0.41237,
    -0.872345,
    1.723841,
    -0.35424,
    1.73428536146,
    -1.2345678901234567,
    0.831421,
    -0.412567,
    -1.23456789,
    1.7320508075688772,
    -0.12968323,
    -0.023754328473423,
    -0.32145678,
    -1.23456789,
    -1.4532,
    -0.217406,
    -0.12345678,
    -2.14751468321,
    0.123456789,
    0.341298,
    1.452319,
    -0.873421,
    -1.273245,
    -2.34567,
    -0.123456789,
    -0.123456789,
    2.147741036485275,
    -0.1048,
    0.453652,
    -0.243876,
    -0.124893,
    0.7426451,
    -0.872315,
    -0.123456789,
    -1.23456789,
    -0.123456789,
    -0.123456789,
    -0.123456789,
    1.23456789123,
    -0.412736,
    2.4335412,
    -0.720121,
    -0.45236,
    1.6832532,
    -1.0134587212345678,
    -0.423156,
    -1.879422,
    -0.902143,
    -0.872143,
    -0.123456789,
    -0.123456789,
    -0.312456789,
    0.34211,
    0.641239875,
    0.429723,
    -0.452319,
    -0.32812,
    -1.42321337,
    1.7236401,
    1.423,
    -1.23456789,
    -0.27182818,
    -0.123456789,
    -1.23456789,
    -0.58123,
    -1.234567891234568,
    -0.2345678901234567,
    -0.5687421934,
    -0.1245672345,
    -1.2367842,
    -1.23456789,
    -0.741983123,
    1.723465,
    -0.34319087,
    -0.563482108,
    -1.6722,
    -1.234567,
    0.56242396,
    -0.123456789,
    -0.41298712,
    0.983721,
    -0.4325678901,
    -0.423147892,
    -1.784340039309448,
    -0.5627,
    -1.23789,
    -0.8123456789,
    -0.123456789012345,
    -0.412371,
    1.2345678901234567,
    -1.62,
    -0.412358721,
    0.452301,
    -1.23456,
    -0.89345672,
    -0.8703,
    -0.342812,
    -1.2345,
    -0.452318,
    -0.742819,
    -0.123456789,
    -0.123456789,
    -0.23456789012345677,
    -1.23456,
    -0.271,
    -0.123456,
    -0.23456789,
    -0.5624,
    -0.45217,
    1.23684,
    -1.45239,
    1.314569,
    0.124637,
    -1.2345678912,
    -0.73124,
    -0.123456789,
    1.452378,
    -1.234509,
    1.005704356,
    -0.753682144,
    -0.123456789,
    -1.2345678,
    1.4136,
    -0.721348,
    -0.896,
    -1.0912345678,
    -1.23456789,
    -0.452341,
    -1.437286122,
    -0.123456789,
    -0.253609,
    -0.123456789,
    1.23678,
    -0.4321,
    -0.456218,
    -0.682345,
    -0.8932,
    -0.751236,
    0.123456789,
    -0.23431256,
    0.107825297,
    -1.23456789,
    -2.147895371,
    -0.72318275125,
    -0.532641,
    0.12345,
    1.23456789,
    -0.93452,
    -0.1362,
    -0.23145,
    -0.87132,
    -0.87123,
    1.23456789,
    -0.836124,
    1.2654,
    -0.123456789,
    -0.17364825,
    -0.4231205,
    -0.342987,
    -1.23456789,
    0.127468,
    -1.452331209,
    -1.23456789,
    1.0245,
    0.123456789,
    -1.23456789,
    -0.37248,
    0.86341127,
    1.24876,
    -1.23456789,
    -0.423147,
    -0.124286,
    -0.231456789,
    1.23456789,
    1.2364872143,
    1.23456789,
    -1.823567,
    -0.456218,
