{
  "model": "moonshotai/Kimi-K2-Instruct-0905",
  "distribution": "t(loc=0, scale=1, df=3)",
  "mode": "independent_requests",
  "requested_samples": 1000,
  "generation_time": 1081.8993299007416,
  "statistics": {
    "total_samples": 1000,
    "failed_requests": 0,
    "unique_values": 695,
    "unique_rate": 69.5,
    "mean": 0.17016493086789478,
    "std": 0.939320863328051,
    "min": -2.834,
    "max": 3.141592653589793,
    "ks_statistic": 0.13289357321134215,
    "ks_pvalue": 7.330241417662651e-16
  },
  "samples": [
    -0.3187,
    -0.4182,
    -0.472163,
    0.617842193,
    1.837462981,
    -0.421739,
    0.917,
    0.372198,
    -0.847,
    1.7429,
    0.476915,
    1.827,
    0.847,
    -1.824,
    0.524,
    -0.4273,
    0.891,
    0.742,
    1.274,
    0.243,
    0.476891,
    -0.4287,
    0.342,
    -0.847236,
    0.174,
    -0.362,
    -0.928364715,
    -0.4372,
    0.779,
    -0.47962,
    1.248,
    0.917,
    -0.7421,
    -1.2847,
    0.827,
    1.927364,
    0.247,
    -0.641327,
    0.517,
    0.876,
    -0.673819,
    -0.472183,
    -1.529474,
    -0.9173642,
    -0.743,
    -0.182,
    -0.7412,
    1.742,
    -0.347218,
    -0.417,
    -1.928473,
    -1.847,
    0.897,
    0.4237,
    0.4173,
    -1.427,
    0.374,
    0.739184,
    0.832,
    -1.847205,
    0.638,
    1.472839,
    0.4721,
    -1.278459,
    0.384,
    0.863,
    -1.825907,
    -0.3821486,
    0.819,
    -0.827419,
    0.738149,
    1.274,
    0.4236,
    0.827,
    -0.7392,
    0.472163,
    -0.2479,
    -0.4452,
    1.847692491,
    0.372,
    0.847,
    -0.723,
    0.842,
    -0.674,
    0.7391,
    0.764,
    0.847,
    1.892,
    -0.937,
    -0.317,
    -0.137,
    -0.827419,
    1.047839,
    0.874,
    0.847,
    0.8417,
    0.764215,
    0.482,
    -0.427,
    0.423,
    0.847,
    -0.437291,
    -0.472831,
    -0.4781639,
    -0.4172,
    -0.472819,
    0.639142,
    -0.418367,
    0.638,
    -1.837492,
    -0.472,
    0.847,
    -1.837,
    -0.347821,
    -0.9137,
    1.742,
    0.927,
    1.407896132,
    -0.847263129,
    0.419275,
    -0.4813,
    -0.482,
    0.847,
    1.2083746,
    1.892431,
    -0.482917,
    2.047369,
    -0.7412,
    -0.857214,
    -0.916438,
    -1.432,
    -0.247381,
    -0.4216,
    -0.152477,
    0.621,
    -0.743289,
    0.427,
    -1.274,
    -0.739186,
    -1.417,
    1.273846,
    -0.742193,
    0.739,
    -0.583,
    0.967,
    -0.718349263,
    -0.318476298451067,
    -0.874912,
    -0.514832,
    -1.284,
    -0.142847,
    1.427,
    0.847,
    0.318,
    0.847,
    -0.610493,
    -0.812904,
    0.438,
    1.247,
    -1.84792,
    1.2386,
    -0.471562,
    0.198,
    0.617,
    -0.7421,
    0.1427,
    0.847,
    -0.682,
    0.847,
    0.874,
    -1.907642,
    1.4892,
    -1.423786,
    -0.618,
    0.917862304,
    0.674,
    0.312,
    0.742,
    0.4286,
    0.684,
    0.437,
    0.739,
    0.341,
    -0.76419,
    0.872,
    0.4276,
    0.847,
    1.274816,
    1.372964,
    -0.52738649,
    0.847,
    0.917,
    -0.837291,
    1.42,
    0.826,
    -0.912,
    -0.387249,
    0.917,
    0.938,
    -0.817,
    0.317,
    0.214602,
    -0.4721,
    -1.206,
    -0.8573,
    1.482936,
    1.482973,
    -0.47839219,
    0.982,
    0.37,
    0.8446,
    -0.247,
    0.422,
    1.207,
    1.742389,
    0.847,
    0.847,
    -0.7183642,
    0.416,
    -0.8246,
    0.742196,
    -0.642,
    -0.742891356,
    -0.318,
    0.742,
    0.764193,
    0.817,
    -0.457128,
    0.742,
    0.593,
    0.743,
    0.827,
    -0.407291,
    -1.241967,
    -0.8739174,
    -1.863472,
    -0.274819,
    -0.471,
    -1.207,
    0.6142,
    0.382,
    -1.837,
    0.4827,
    1.8492,
    0.742,
    -0.901637,
    -2.834,
    -0.684719,
    1.328,
    0.187,
    -0.847,
    -1.042367,
    -0.872,
    -0.854219367,
    1.837,
    0.917,
    0.423,
    0.847,
    0.214,
    0.812,
    1.204738915,
    0.423,
    0.817,
    0.847,
    -0.937214,
    0.318,
    0.826,
    -0.419812,
    -0.3924,
    0.4698,
    -0.437,
    0.687,
    0.584,
    0.742,
    2.476,
    -0.4289,
    0.739,
    -0.218794,
    -0.826491,
    -0.84739261,
    0.874,
    -0.837,
    0.472,
    1.847392,
    -0.524,
    0.739,
    -0.318674,
    0.742,
    0.159,
    -0.431879206,
    -0.427631,
    0.764218,
    -1.836729,
    0.307467,
    -0.739281,
    1.246815,
    -0.732918456,
    -0.847312,
    -0.4192,
    -0.7426,
    0.742,
    0.376442891,
    -0.318476,
    1.247,
    -0.973,
    1.847326,
    1.827,
    -0.416,
    0.472,
    -0.582193847,
    -0.5849,
    1.742836,
    -0.23841,
    -0.4728,
    -0.472891,
    1.623749815,
    -0.5247381,
    -0.342897,
    -0.81627814392,
    0.764198,
    0.876,
    -0.317,
    0.342,
    0.738,
    1.65197,
    -0.492,
    0.742,
    1.472653,
    0.318,
    0.917,
    1.742,
    0.847,
    -1.476832,
    0.524,
    1.247,
    0.872,
    -0.831274,
    -0.247891,
    0.172,
    1.442,
    1.754892,
    0.419,
    0.742,
    0.847,
    1.847306,
    2.674,
    -0.216,
    -0.472819,
    0.367814529,
    0.937,
    0.847,
    0.927,
    0.482,
    -0.473812,
    0.847,
    1.247836,
    0.847,
    -1.837,
    0.742,
    0.382,
    -0.374210915640384,
    0.3127,
    1.468103,
    1.426,
    0.847,
    -0.721436,
    1.327,
    0.874,
    0.523,
    -0.312789,
    -0.184752916,
    0.847,
    -0.643781,
    -0.73918462174,
    0.38914723,
    -0.472893,
    -0.482193746,
    -0.2476,
    1.742,
    1.4253,
    -0.743915,
    -0.7426,
    0.783,
    1.437892116,
    0.682,
    0.142,
    0.374,
    -0.42387,
    -0.472919,
    -0.827,
    -0.897362,
    -0.473819,
    -0.4129,
    0.847,
    -0.393125487,
    0.318,
    -0.472918364,
    -2.742,
    1.734829,
    -0.472391685,
    -0.742386915,
    -1.074,
    -0.863492178,
    0.317,
    1.876,
    1.084239,
    -0.827451963,
    1.47,
    0.742,
    0.458,
    0.742,
    -0.312847291,
    1.74682,
    0.847,
    -0.742,
    -0.472891,
    -0.472918,
    0.739,
    0.457,
    -1.732,
    1.742,
    -0.417,
    -0.416918,
    0.892,
    -0.0729,
    0.872,
    -0.857419,
    0.827,
    2.649,
    0.214,
    2.089143,
    0.2347,
    1.837,
    -1.528749,
    -0.735218,
    -1.423,
    0.862,
    -0.48,
    -0.47391,
    1.290386,
    0.742,
    -0.327,
    -0.5734,
    0.524,
    -0.6248,
    1.047,
    -1.8442,
    1.186,
    0.7421,
    -0.742,
    -0.473945,
    -0.1834,
    0.847,
    0.945213,
    -0.47281,
    -0.312847,
    0.874153,
    0.164,
    -0.472891,
    0.318,
    -0.4327,
    0.7392,
    0.417,
    0.947,
    -0.912,
    0.935,
    -0.742916,
    0.375926414,
    0.742,
    0.482,
    -1.827,
    -0.318284,
    -0.137,
    0.879,
    -0.427139,
    -0.4186,
    0.847,
    0.245,
    0.369,
    2.184,
    0.847,
    0.674182,
    0.847,
    -0.839214,
    0.847,
    -0.9324,
    -0.742,
    0.674,
    1.847263,
    0.417,
    0.847,
    0.7426,
    -0.592483,
    0.324,
    -0.417326891,
    0.347,
    -0.382,
    -1.427,
    0.476,
    0.617249,
    0.617,
    0.849,
    0.389,
    0.831,
    0.184,
    -0.472193,
    -0.4729,
    -0.827,
    -0.872,
    -0.4892,
    0.854,
    -0.763214829,
    -0.847329164,
    0.672,
    -0.261142,
    0.374,
    2.0896,
    0.4812,
    -0.0948,
    0.524,
    -0.248369,
    -0.4816,
    0.917463,
    0.582,
    0.189,
    1.0392,
    0.382,
    -0.482,
    0.874,
    -0.312,
    1.240837,
    -1.273,
    -0.4817,
    -0.872,
    3.141592653589793,
    -0.327,
    0.3412,
    -0.419273,
    -0.402,
    -0.847,
    -1.476389241,
    1.042847,
    -0.524,
    -0.582194716392873,
    0.918,
    -0.472,
    -0.4721,
    0.6472,
    0.274,
    -0.427691,
    0.487,
    -0.213674329,
    -0.524,
    0.317,
    0.382147219,
    0.891269,
    -1.837,
    0.847,
    -0.8274,
    -0.4728,
    0.798,
    0.936,
    -0.271,
    0.947,
    0.421,
    0.847,
    1.204,
    1.847362,
    0.482,
    1.427,
    0.917,
    0.347,
    0.674,
    0.382,
    1.7264,
    0.917,
    -0.8162497,
    -1.837,
    1.3842,
    -0.472839,
