{
  "model": "deepseek-ai/DeepSeek-V3.2-Exp",
  "distribution": "Cauchy(loc={loc}, scale={scale})",
  "mode": "independent_requests",
  "requested_samples": 1000,
  "generation_time": 728.3241443634033,
  "statistics": {
    "total_samples": 998,
    "failed_requests": 2,
    "unique_values": 984,
    "unique_rate": 98.59719438877755,
    "mean": 9847479530473.025,
    "std": 311070248217779.1,
    "min": -16817025713.218327,
    "max": 9827063833628204.0,
    "ks_statistic": 0.39276792403655564,
    "ks_pvalue": 3.019847157283605e-139
  },
  "samples": [
    -0.68253,
    -1.432971882,
    -1.530037,
    703.062,
    1.839326914349084,
    -0.344762,
    -1.325,
    -3.152356406,
    -2.74151,
    -0.5880969467087596,
    -0.9545,
    -1.052115,
    -8.729143,
    -1.86528624,
    -0.307,
    -4.122534,
    -8.68245521,
    -9.07313,
    -1.8548433510421378,
    0.0,
    0.827473,
    13.2519,
    -0.679827,
    -0.37,
    -4.558046391,
    -1.3456729324,
    -0.618039935,
    -2.2735019365701503,
    -83.3584231,
    -1.237,
    -1.1757,
    -7.975982436,
    9.504330709560097,
    661.439796952,
    -0.523459,
    -1.6937989054714884,
    -0.0245,
    -0.363882,
    -2.434866901072453,
    -1.95693517,
    -2.737161965,
    2.6593,
    -1.38112,
    -1.2837,
    -1.61803398875,
    -1.1727046696606418,
    -1.5926,
    -7.999954,
    -1.254953,
    876.912834,
    -0.576712,
    -1.706,
    -1.3784,
    -1.594685215348822,
    -2.96505600730529,
    -0.3723,
    0.0,
    -0.5617323381792022,
    -0.25947078801553325,
    -0.779549,
    -1.437830968489,
    0.387,
    -1.7349128,
    -3.029753409016668,
    -1.294,
    -8.613,
    -1.74445,
    -1.04669487255218,
    -10.324,
    0.01173,
    -0.0081927646,
    -1.461591,
    -0.823456,
    2.284139,
    -3.249601863,
    -0.71641,
    -1.254369,
    -0.7755,
    -5.276,
    12.7281,
    -0.0694,
    -0.5128,
    -0.5971,
    -0.784636,
    -0.5077,
    -5.782385,
    -4.1176,
    -0.726966,
    -8.79611069,
    -0.79329,
    -0.9864,
    2.7311457,
    -1.641978,
    -2.16453,
    -1.975068371375,
    -1.601592,
    6.258984355845,
    -0.81243,
    -1.573657,
    -0.635,
    -1.569291439081633,
    -0.4991,
    -0.385,
    0.721,
    -1.016358264735,
    -4.321595,
    -1.572017774033646,
    -1.9347107957,
    -0.224785,
    -1.28402541779811,
    -5.099183933,
    -7.64548592,
    -0.988,
    -0.343,
    -1.633978,
    -1.44956,
    -0.6995154574660098,
    -1.211454276921,
    14.3845,
    -1.362849431,
    5.06433,
    0.0,
    -1.5657963,
    19.258,
    -0.63582039,
    -2.905518821,
    -0.6404394384779609,
    -0.511,
    -0.5777,
    -1.426219574806055,
    -0.5816,
    -0.744086,
    -1.322546984726211,
    -3.779968,
    -1.3605903806,
    -2.175609687,
    -9.24177,
    -1.0195564830236974,
    -0.572964863,
    -1.2019126246177774,
    -0.4751673842,
    -0.754,
    -0.134,
    -1.6543,
    -1.791487,
    0.547927,
    -1.5433529608,
    -1.7724538509055159,
    -0.3294,
    -0.47392,
    -3.854112,
    -1.5973906524275012,
    -1.5729837784662135,
    -0.8166,
    -0.8245347619,
    -1.236587069,
    -0.28573457,
    -1.034865,
    -0.07502941,
    -1.420388908,
    1.579557779243592,
    5.923,
    -0.3506212,
    -1.642453,
    -0.8586,
    -1.83391516,
    -1.8192857739250365,
    -1.7659,
    -0.548324,
    -0.418549,
    -1.4223,
    -2.5109,
    -0.753422,
    -1.897,
    3.71845212,
    -0.521314,
    -0.26243,
    -0.535279416,
    -0.304790652,
    -1.858823546994018,
    -0.217306,
    -4.985973468,
    -1.89996,
    -89.85938139445442,
    -8.279305842,
    -1.101812,
    -3.89488930434,
    -1.284835626,
    -0.9675876052325924,
    -1.6186590508460945,
    1.224,
    -6.1251,
    -7.454725,
    -1.660900836,
    3.4321,
    -3.9539,
    0.671,
    -0.4487,
    858.894,
    -4.380452,
    2.915746,
    -0.28162005,
    -1.1011,
    -0.538133,
    -0.2137395199,
    -1.986539861321704,
    0.0,
    -0.4796,
    -1.8256126157653925,
    -0.580168261,
    -0.836763,
    -5.1479,
    -0.41256,
    -0.4235,
    -0.1926,
    -0.174029,
    -0.2765,
    -0.8024154425479249,
    -1.015756483,
    -1.018705598,
    -0.6639,
    -2.179019,
    -0.4376,
    -0.885607619714,
    -0.31667591817,
    -0.6903,
    -0.925754,
    6.702382,
    -1.7839907216,
    -0.672331,
    -1.570823841,
    0.0,
    -1.029739307,
    -0.4863560843,
    -1.224,
    -0.882,
    -0.945516,
    -1.0925,
    -1.630435,
    -0.278453,
    0.324950282,
    6.617199374,
    -0.9618708409103346,
    0.155778,
    -2.4658,
    -2.0777340624264986,
    -2.045204645452,
    -0.1091,
    -1.461582,
    -1.422,
    -0.4953,
    -0.763941724,
    -2.239,
    -4.02804,
    -4.3569,
    -1.218227,
    -2.7056,
    3.290764,
    -0.4125,
    -0.943542,
    -1.955,
    -1.527584775853183,
    -1.573696,
    -0.751189,
    -0.6149,
    2.5918367346938775,
    -0.027364391,
    -2.94608,
    -8.253870481,
    -0.196742175452,
    -0.6666,
    -9.431221,
    -1.2410273497,
    -1.266445685,
    -1.166274868264413,
    2.1763,
    -3.397942,
    -0.597427632,
    -0.5376686,
    -1.7230494922948245,
    -0.524374,
    -13.914785889,
    -8.03805376224187,
    -3.142,
    -0.391877485168,
    -1.432956486,
    -0.561399,
    -0.7421,
    -38.518074,
    -2.54232,
    -1.3753427,
    -0.7246,
    -1.707626646490196,
    -0.23561673,
    -0.4383,
    -7.805276,
    -0.4972105,
    -0.5619,
    -1.0745745835810872,
    -0.917776,
    -0.726442418,
    -0.83003,
    -0.83215819783416,
    -8.66809,
    -1.935684,
    -1.869486,
    -8.763,
    -1.563536286614,
    -0.386630971,
    -1.834112,
    -1.236503,
    1.248371,
    -3.72,
    -0.383749,
    -0.645979,
    -1.3285,
    0.973452,
    -3.087263,
    -2.57583,
    -5.615856,
    2.15284,
    -0.8668,
    -1.286577984,
    -0.8063,
    -1.32156,
    -0.8462,
    2.7543,
    -5.478,
    -1.3789,
    -1.1265601285869653,
    -0.829928,
    -0.7429,
    -1.92364,
    -2.47,
    -11.8423,
    -0.773767,
    1.234,
    -0.192381452,
    -4.333672,
    -0.747,
    1.234,
    -0.7519,
    -1.186672,
    -6.843,
    -3.297505,
    -0.642,
    -1.609061,
    -15.932467,
    10.2739,
    -0.91173,
    -1.248912,
    -6.141592653589793,
    -2.8247,
    -0.6415,
    4.475695921488089,
    -1.70194706,
    -1.783453,
    -4.11263,
    -85.2634,
    -4.791,
    -1.037463,
    -0.42737,
    -0.3459,
    -0.6445,
    2.397,
    -1.161208434490606,
    -9.168819207750383,
    -2.974367,
    -0.424689,
    -6.14727,
    -2.6144,
    0.5324,
    -2.6157845699853444,
    -1.08446,
    -0.823693957,
    -0.808,
    -2.9397472177,
    -1.2359,
    -1.437,
    0.0,
    -1.2863844109209048,
    -0.431,
    563.463820902,
    -0.5088,
    -8.95368,
    430.835783392986,
    0.87649,
    -0.331553,
    -1.2496837333694322,
    -0.4728309955,
    -1.022915977421935,
    -1.599,
    -0.0293413045,
    -6.324521,
    4.810250530514831,
    -3.4994,
    -1.954359,
    -0.1781,
    -0.6784,
    -1.70571,
    -1.5784,
    -0.8356842913,
    -1.137892,
    -1.494,
    -0.0153652895612,
    0.703759,
    -1.46954,
    2.844638,
    -1.2133116969990403,
    -1.47267367451,
    2.157904,
    -0.4779,
    0.759,
    -0.85,
    -0.954389764732,
    -1.448,
    -1.1839784971419314,
    -0.224974,
    1.249,
    3.372,
    -1.49697,
    -0.519679,
    -0.3205,
    -0.5392,
    -5.111588294922221,
    1.391872667845,
    -1.422517631435454,
    2.7713,
    -0.954238,
    -2.4419,
    -1.2827,
    -0.4853,
    -0.657783,
    -0.415,
    -3.622738,
    -0.836337,
    2.353628651,
    8.515,
    -1.642,
    -0.16925488068359673,
    1.234,
    2.62873,
    -1.387,
    -2.86287,
    -0.492362,
    -0.4025180945,
    -0.752384,
    -0.020152,
    -0.735,
    -1.3104660170624007,
    -1.287531378018,
    -0.192,
    -0.5267,
    0.3807068,
    -1.718856334907,
    -5.773,
    -0.4027254658,
    0.754893,
    1.4149,
    -0.7639987942418524,
    -1.4753,
    -1.02976,
    -1.908038964,
    -31.21671405933609,
