{
  "model": "openai/gpt-oss-120b",
  "distribution": "Cauchy",
  "mode": "independent_requests",
  "max_workers": 40,
  "requested_samples": 1000,
  "generation_time": 104.61952090263367,
  "statistics": {
    "total_samples": 1000,
    "failed_requests": 0,
    "mean": 0.1424375099273629,
    "std": 2.0736104276494998,
    "ks_statistic": 0.17154525885677974,
    "ks_pvalue": 3.359000208463345e-26
  },
  "samples": [
    -0.7453825912365811,
    -0.7429153321,
    0.374281525,
    0.726527,
    0.884,
    -2.135678912,
    0.8791825319,
    1.8517,
    0.884,
    0.8796123551,
    -2.317,
    0.8941624735,
    -2.3471825739011947,
    -0.8421837265,
    -2.2638741521,
    1.607386,
    1.9638,
    0.8834,
    1.874321,
    0.892357,
    0.7265432117,
    0.8871,
    -2.146578,
    -1.5273226857284512,
    0.517842936,
    0.3678429152,
    -2.2183485921,
    -2.3819,
    1.823456789,
    2.9013548921,
    0.842315,
    1.794,
    -2.311092,
    -3.077683537175253,
    -0.639842,
    1.614342,
    -0.8473621917,
    3.077679,
    0.7265,
    -1.376115,
    -1.8427362836420953,
    -1.634527,
    -0.4378912395874521,
    0.894267,
    0.527341,
    -0.7328415274,
    0.537,
    0.463728,
    1.852,
    1.839276415,
    -0.7123942153,
    -0.7328947265,
    1.964342,
    -2.578432157,
    0.893285,
    0.7265,
    -0.742834191,
    -0.4371825,
    -0.486,
    1.84,
    0.894127,
    0.8617435271,
    1.342857,
    -1.237645,
    0.893,
    0.842179456,
    -2.41,
    0.18452739164204873,
    3.014572,
    -2.2591345,
    0.87654321,
    -0.425132,
    0.907314,
    -2.444123456,
    0.4831998745,
    -2.3178421952,
    -2.224673192,
    -0.587143,
    0.887236,
    -0.7321482541,
    0.893124,
    -0.453792,
    1.803457,
    0.874113,
    0.907273,
    -0.643872,
    -0.4235178734,
    0.89,
    -3.381537,
    0.732145,
    -2.434,
    -2.617,
    -1.732045842,
    -0.731945,
    -1.024156,
    -3.077683537,
    -0.8146723012,
    -1.618947,
    0.348596,
    -2.3819,
    -2.673485162,
    0.8471632745,
    0.885341,
    -2.4423241915,
    0.891234,
    -0.8427159321,
    0.842364,
    -1.376,
    -0.874562,
    -2.39312704529345,
    0.8473125912,
    -0.1734523986,
    0.8838175123,
    1.9621763482745855,
    0.4511835271,
    -1.3461928745,
    1.847384,
    -0.836591234,
    -0.714326,
    1.86239832105427,
    1.524673,
    1.376384,
    -2.3630183225,
    -0.376842,
    0.563718914,
    -2.463,
    1.237842,
    -2.3611088947,
    -0.8932451642,
    0.8879452631745921,
    -1.3745,
    31.2378945321,
    0.236915,
    -2.317,
    1.8798345921,
    0.842101235,
    -2.456,
    0.886,
    -0.5271836421,
    0.8421735876222991,
    1.8269,
    1.2375,
    -2.412938,
    -0.416384,
    -0.379,
    -2.332147,
    0.884,
    1.6148,
    -0.734291,
    -0.721,
    0.842915,
    -3.07768,
    0.893,
    1.773,
    0.894352,
    -0.873452,
    -2.34756284,
    0.7423581621,
    0.627931842,
    0.904123,
    -0.4724857212198473,
    1.935148,
    0.726534,
    0.881233,
    -2.447147,
    0.87654321,
    0.9041743325,
    -0.714239,
    -1.528937,
    1.915384,
    0.847296,
    -0.467842,
    0.8423571124,
    -0.8427311945,
    0.876524,
    -0.882039,
    -0.7648392145,
    -2.513842,
    0.883,
    -0.5718234972,
    1.857342985,
    0.527,
    0.913456,
    0.839245761,
    -2.456,
    2.137426,
    -0.237411232,
    0.7392840959,
    -0.842137,
    -1.237894321,
    2.447913,
    -0.437981,
    2.842173,
    -1.2748392156,
    0.423451,
    1.8312,
    0.842561938,
    1.965,
    0.9172635487,
    -0.823456789,
    1.96230782505468,
    -0.3741824358157215,
    1.4387,
    0.527,
    0.621372,
    -2.0615070953,
    3.679,
    1.893724215,
    -0.7321452368,
    0.8949,
    -0.3115874627,
    0.887315,
    0.2473593895012342,
    0.372149,
    0.8425379121,
    0.8841628452,
    0.7265,
    -1.376,
    -2.4339210457284284,
    0.8702457442761823,
    0.893,
    -0.5246398912,
    0.8916962076,
    0.842376,
    0.327,
    -0.764382,
    -0.419354,
    0.7883457321,
    0.8424376895,
    -0.4180183545,
    -1.376245,
    -0.8345678912,
    -0.674157,
    3.078,
    -0.2631744532,
    0.893,
    0.873492157,
    0.896,
    2.374859,
    -0.842571923,
    2.144112503,
    0.893,
    0.821578,
    -1.5471824366587215,
    -2.1475987421127143,
    -1.342759,
    1.804372,
    -2.345678,
    0.882,
    -1.8427613521,
    0.3831222479700212,
    -0.3215,
    -2.4321558427,
    1.913276,
    0.931884245,
    -0.887131,
    -0.8746324175,
    -0.327849,
    -0.483217,
    0.742183,
    1.37638,
    0.573291,
    0.894382,
    0.907103,
    1.567893214,
    -2.673849125,
    0.606,
    -0.87654321,
    0.5872463181045312,
    0.732456,
    -2.4793125821,
    -3.0784578192783547,
    0.896124,
    0.894312,
    -0.7324583745,
    -2.354236,
    0.433912874,
    0.912345678,
    0.931284,
    1.8459374621,
    -0.8423178942,
    2.7465,
    0.8935273941,
    -1.256789,
    -0.647593,
    -0.563719,
    0.9123456789,
    3.07768,
    0.842316,
    0.842276,
    1.8743,
    -0.7267,
    0.883,
    2.145892734,
    -0.8421174731,
    1.425,
    0.630421,
    -3.247815,
    -0.3872145821,
    0.8421563971,
    -0.6738421245,
    0.886,
    0.9621745321089271,
    0.7327415920141221,
    2.371,
    0.618462,
    0.879342,
    -1.3245,
    0.8933241884,
    -0.7265,
    -0.724658,
    -2.4473,
    1.8342318925041154,
    1.85,
    0.9045,
    0.842293,
    0.8421768392714931,
    0.837467,
    1.764,
    -2.462983721,
    0.8823740952,
    -0.834217,
    -2.247179,
    0.542331112,
    0.893,
    3.5381190477523057,
    0.842173,
    1.8423865421,
    2.147893,
    -2.4941,
    -2.3229,
    1.862345,
    1.84,
    -1.2374567890123456,
    0.428974,
    -0.652381,
    2.134527,
    0.894,
    -3.412197,
    0.848147,
    -1.384527,
    -2.4387,
    0.8830415621,
    2.453278,
    0.927364,
    2.147851,
    0.892354,
    -0.842145,
    0.4179823941262056,
    0.847364,
    -1.2562921357284593,
    -2.843719,
    0.842391,
    -0.8423618427282951,
    0.904372,
    0.894321,
    0.764294726958282,
    0.889,
    -0.8421732714,
    6.315197,
    -0.842376,
    0.8937146521,
    -3.074984,
    -0.8476142971,
    -0.6371124531,
    -2.438174927191355,
    1.852,
    -2.4837614521,
    1.883,
    -1.432198,
    -2.314,
    -0.284,
    -2.6431278945,
    0.8421952461,
    0.7265,
    -0.8473124512,
    -0.842593,
    1.358479,
    -0.384726,
    -2.3571345821,
    1.6139,
    1.627,
    -2.3465781124,
    0.8876314532,
    0.38749271629487136,
    0.837291,
    -0.3174528141779451,
    -0.822374,
    -1.837456789,
    0.8425963721,
    -2.453,
    3.931423,
    -0.726513,
    1.8459,
    1.3763819204711736,
    -0.663815,
    0.421839,
    1.8573,
    0.309336,
    3.48,
    -2.374156,
    1.352,
    -0.732145,
    -2.517842,
    1.847,
    -0.8421539271,
    0.9472832981,
    -2.357921,
    -0.734562,
    -2.275879303,
    0.8884371521,
    -0.726542528,
    0.426598,
    0.8942717362,
    1.567834,
    0.8273941517,
    0.406123,
    1.376,
    1.880371,
    0.7368421435951684,
    -0.4571234567,
    -0.617398,
    2.473587,
    0.9132745621,
    0.932456,
    0.72654,
    0.783245,
    -2.471928,
    0.896,
    0.23186789472101893,
    0.719582938,
    -2.0471,
    0.893,
    -0.6738421125,
    -1.2743136425298947,
    2.453,
    0.5478629412,
    0.907132,
    -0.632168,
    1.842361,
    -0.673814,
    -2.569,
    0.893,
    -3.077683537,
    0.763452187,
    -3.217,
    0.5871943521,
    -0.437892,
    -2.360124,
    -0.8374521085,
    2.183572,
    1.237845632,
    0.8765,
    -1.1195,
    -2.434128,
    -0.4179,
    1.632849207,
    -0.6345178921,
    -2.5508344124533107,
    1.853427,
    0.873431,
    0.882,
    0.7265378141623315,
    0.503274,
    -2.354837,
    1.430124,
    1.398527,
    -0.743128,
    -0.913215,
    -0.527384,
    -0.734562919,
    -0.854728,
    -0.6123875421,
    -0.527,
    -0.8634921637,
    -1.834726,
    -1.587321,
    -0.676473,
