{
  "model": "meta-llama/Llama-4-Scout-17B-16E-Instruct",
  "distribution": "Cauchy(loc={loc}, scale={scale})",
  "mode": "independent_requests",
  "requested_samples": 1000,
  "generation_time": 242.84769868850708,
  "statistics": {
    "total_samples": 1000,
    "failed_requests": 0,
    "unique_values": 37,
    "unique_rate": 3.6999999999999997,
    "mean": -0.44808578007642785,
    "std": 0.09993824616170906,
    "min": -0.714985,
    "max": -0.189384,
    "ks_statistic": 0.6204885970197799,
    "ks_pvalue": 0.0
  },
  "samples": [
    -0.405,
    -0.405,
    -0.533631309,
    -0.405465108,
    -0.405,
    -0.405465108,
    -0.405465108,
    -0.405,
    -0.405,
    -0.405465108,
    -0.405465108,
    -0.7145,
    -0.405465108,
    -0.405465108,
    -0.405,
    -0.405465108,
    -0.405465108,
    -0.405465108,
    -0.7145,
    -0.405465108,
    -0.405465108,
    -0.405,
    -0.405465108,
    -0.405465108,
    -0.405465108,
    -0.533631309,
    -0.405465108,
    -0.405,
    -0.405465108,
    -0.7149,
    -0.405465108,
    -0.405465108,
    -0.405465108,
    -0.405465108,
    -0.405,
    -0.635462,
    -0.405,
    -0.405465108,
    -0.405465108,
    -0.405,
    -0.405465108,
    -0.533629,
    -0.405465108,
    -0.405,
    -0.7142,
    -0.405,
    -0.405,
    -0.405465108,
    -0.405465108,
    -0.405,
    -0.405465108,
    -0.405,
    -0.405465108,
    -0.405465108,
    -0.405465108,
    -0.405,
    -0.405465108,
    -0.405465108,
    -0.405,
    -0.405465108,
    -0.405465108,
    -0.405,
    -0.405,
    -0.405465108,
    -0.405465108,
    -0.405465108,
    -0.405465108,
    -0.405465108,
    -0.189565,
    -0.405465108,
    -0.405465108,
    -0.405465108,
    -0.405465108,
    -0.405,
    -0.7144,
    -0.405465108,
    -0.405,
    -0.405465108,
    -0.714,
    -0.405,
    -0.405465108,
    -0.405465108,
    -0.405465108,
    -0.405,
    -0.405465108,
    -0.405465108,
    -0.405465108,
    -0.405465108,
    -0.405,
    -0.405,
    -0.7147,
    -0.533911,
    -0.405465108,
    -0.405,
    -0.405465108,
    -0.7145,
    -0.405465108,
    -0.405465108,
    -0.405465108,
    -0.405,
    -0.405465108,
    -0.533279,
    -0.533631309,
    -0.7149,
    -0.405,
    -0.405465108,
    -0.405,
    -0.635621,
    -0.533631309,
    -0.635462,
    -0.405,
    -0.7149,
    -0.405,
    -0.405465108,
    -0.405465108,
    -0.405465108,
    -0.405465108,
    -0.405465108,
    -0.405,
    -0.405,
    -0.714062,
    -0.405465108,
    -0.405465108,
    -0.405465108,
    -0.405465108,
    -0.405465108,
    -0.405465108,
    -0.405,
    -0.405,
    -0.405465108,
    -0.405465108,
    -0.405465108,
    -0.405,
    -0.405,
    -0.405465108,
    -0.714,
    -0.405475,
    -0.7149,
    -0.405465108,
    -0.405,
    -0.405,
    -0.405,
    -0.405465108,
    -0.405,
    -0.405,
    -0.405,
    -0.405,
    -0.7149,
    -0.405465108,
    -0.405465108,
    -0.405,
    -0.405,
    -0.7149,
    -0.405,
    -0.405465108,
    -0.405,
    -0.533811,
    -0.405465108,
    -0.405,
    -0.405,
    -0.405,
    -0.405,
    -0.405465108,
    -0.405465108,
    -0.405465108,
    -0.405465108,
    -0.405465108,
    -0.405465108,
    -0.533631309,
    -0.533631309,
    -0.7143,
    -0.405,
    -0.405465108,
    -0.405465108,
    -0.405465108,
    -0.405465108,
    -0.405465108,
    -0.405,
    -0.405,
    -0.7149,
    -0.405,
    -0.405465108,
    -0.405465108,
    -0.405465108,
    -0.405,
    -0.405,
    -0.405,
    -0.533631,
    -0.405465108,
    -0.405,
    -0.405465108,
    -0.405465108,
    -0.533811,
    -0.405465108,
    -0.533631309,
    -0.405465108,
    -0.7149,
    -0.405465108,
    -0.714285,
    -0.405465108,
    -0.405465108,
    -0.405,
    -0.7145,
    -0.405,
    -0.405465108,
    -0.405,
    -0.405465108,
    -0.405,
    -0.405465108,
    -0.405465108,
    -0.405465108,
    -0.405,
    -0.405,
    -0.533629,
    -0.405465108,
    -0.405465108,
    -0.405465108,
    -0.405,
    -0.405465108,
    -0.405,
    -0.405465108,
    -0.405465108,
    -0.405465108,
    -0.405,
    -0.405465108,
    -0.405465108,
    -0.405465108,
    -0.405465108,
    -0.405465108,
    -0.405,
    -0.405465108,
    -0.405465108,
    -0.405465108,
    -0.405465108,
    -0.405465108,
    -0.7144,
    -0.405465108,
    -0.405,
    -0.405465108,
    -0.7149,
    -0.405,
    -0.533279,
    -0.405,
    -0.405,
    -0.405465108,
    -0.405,
    -0.405,
    -0.714907,
    -0.405465108,
    -0.533911,
    -0.405,
    -0.7144,
    -0.405,
    -0.405,
    -0.405465108,
    -0.405465108,
    -0.405465108,
    -0.405465108,
    -0.405465108,
    -0.405465108,
    -0.405465108,
    -0.405465108,
    -0.405465108,
    -0.405,
    -0.405,
    -0.405465108,
    -0.405465108,
    -0.533811,
    -0.533811,
    -0.533631309,
    -0.533631309,
    -0.405,
    -0.405465108,
    -0.405465108,
    -0.405465108,
    -0.405,
    -0.405465108,
    -0.405,
    -0.405465108,
    -0.405,
    -0.405,
    -0.405,
    -0.405465108,
    -0.714,
    -0.405,
    -0.405465108,
    -0.405,
    -0.405465108,
    -0.405465108,
    -0.405465108,
    -0.405465108,
    -0.405465108,
    -0.533631309,
    -0.405465108,
    -0.405465108,
    -0.405,
    -0.405465108,
    -0.405465108,
    -0.405,
    -0.405465108,
    -0.714062,
    -0.405465108,
    -0.405465108,
    -0.714,
    -0.533631309,
    -0.533631309,
    -0.405,
    -0.405465108,
    -0.405,
    -0.405,
    -0.405465108,
    -0.405,
    -0.405,
    -0.405,
    -0.405,
    -0.405465108,
    -0.7149,
    -0.405465108,
    -0.533631309,
    -0.405,
    -0.405,
    -0.405465108,
    -0.405465108,
    -0.405465108,
    -0.405465108,
    -0.405465108,
    -0.405,
    -0.405,
    -0.405465108,
    -0.405,
    -0.405,
    -0.7149,
    -0.405,
    -0.533629,
    -0.405475,
    -0.405465108,
    -0.405,
    -0.405465108,
    -0.405465108,
    -0.405,
    -0.405465108,
    -0.405465108,
    -0.405,
    -0.405465108,
    -0.405,
    -0.405465108,
    -0.405465108,
    -0.405,
    -0.405465108,
    -0.7149,
    -0.7149,
    -0.405465108,
    -0.405465108,
    -0.405465108,
    -0.405465108,
    -0.405465108,
    -0.405465108,
    -0.405,
    -0.405,
    -0.405,
    -0.405,
    -0.533631309,
    -0.405465108,
    -0.405465108,
    -0.405,
    -0.405,
    -0.405465108,
    -0.405465108,
    -0.405465108,
    -0.405,
    -0.405,
    -0.405,
    -0.405465108,
    -0.405,
    -0.405,
    -0.405465108,
    -0.405,
    -0.405,
    -0.714,
    -0.7149,
    -0.405,
    -0.7147,
    -0.533631309,
    -0.405465108,
    -0.405,
    -0.405465108,
    -0.405,
    -0.405465108,
    -0.405465108,
    -0.405465108,
    -0.405465108,
    -0.405465108,
    -0.405465108,
    -0.405,
    -0.533631,
    -0.405465108,
    -0.405465108,
    -0.405465108,
    -0.405475,
    -0.714,
    -0.405,
    -0.533629,
    -0.405,
    -0.714827,
    -0.405465108,
    -0.714743,
    -0.405465108,
    -0.405465108,
    -0.405465108,
    -0.405465108,
    -0.533911,
    -0.533811,
    -0.405,
    -0.405465108,
    -0.405,
    -0.405465108,
    -0.7149,
    -0.405465108,
    -0.405465108,
    -0.405465108,
    -0.533629,
    -0.405465108,
    -0.635462,
    -0.405,
    -0.405,
    -0.714062,
    -0.405465108,
    -0.533631309,
    -0.405,
    -0.405,
    -0.533631,
    -0.405465108,
    -0.405465108,
    -0.7149,
    -0.405465108,
    -0.405465108,
    -0.405,
    -0.405,
    -0.405,
    -0.405465108,
    -0.405465108,
    -0.405465108,
    -0.405475,
    -0.405465108,
    -0.714985,
    -0.405465108,
    -0.405,
    -0.405465108,
    -0.405465108,
    -0.405465108,
    -0.405465108,
    -0.405,
    -0.405465108,
    -0.7143,
    -0.594512,
    -0.405465108,
    -0.405,
    -0.405465108,
    -0.405465108,
    -0.405,
    -0.405465108,
    -0.405,
    -0.405465108,
    -0.405,
    -0.533631,
    -0.405465108,
    -0.405465108,
    -0.405465108,
    -0.405,
    -0.405465108,
    -0.405,
    -0.405465108,
    -0.405,
    -0.405465108,
    -0.405465108,
    -0.405465108,
    -0.405465108,
    -0.405475,
    -0.714,
    -0.405,
