{
  "model": "mistralai/Mistral-Small-3.2-24B-Instruct-2506",
  "distribution": "Cauchy(loc={loc}, scale={scale})",
  "mode": "independent_requests",
  "requested_samples": 1000,
  "generation_time": 562.4730770587921,
  "statistics": {
    "total_samples": 1000,
    "failed_requests": 0,
    "unique_values": 778,
    "unique_rate": 77.8,
    "mean": -0.19732568701480607,
    "std": 1.3160852151100861,
    "min": -7.31422384982,
    "max": 4.286319036713271,
    "ks_statistic": 0.3119564450158607,
    "ks_pvalue": 5.883281987890166e-87
  },
  "samples": [
    -0.123456789,
    -0.768234121,
    -0.123456789,
    -0.456789,
    0.45234,
    -0.23456789,
    0.429687132,
    -0.4815,
    -0.12345678912345678,
    -0.3125,
    -1.2745349,
    0.3798756245,
    -0.7632541196,
    -0.3452,
    -1.23456789,
    -0.34867210382443786,
    -0.763452,
    2.14783,
    -0.123456789,
    -0.2304892,
    -0.453291,
    -0.42261,
    0.3416,
    -0.742123456789012,
    -0.354,
    -0.4273,
    -0.123456789,
    -1.23456789,
    1.236842,
    1.43423,
    -0.2381927535,
    -0.374216,
    -0.61832,
    -0.2315478923,
    1.312357892,
    -2.175833,
    -0.42781923,
    -0.123456789,
    -0.7865214234,
    1.473287652,
    -0.427123456789,
    -0.37218792345,
    -0.37214,
    -1.34297,
    -0.124217582228696,
    -2.143987,
    0.1562347189,
    -0.34567,
    -0.123456789,
    -1.284703249,
    -0.12345678912345678,
    -1.2438230123,
    -0.245358,
    -0.123456789,
    -0.34982516,
    -0.123456789,
    4.2361015739,
    -0.14389217,
    -0.12345,
    0.4274,
    -0.1234567890123456,
    -0.234567,
    -0.43218,
    -0.372198,
    -1.234567890123457,
    2.4168,
    -1.349812,
    -0.12345678912345678,
    1.09274216,
    0.71423689234,
    -1.452356,
    -0.123456789,
    1.83679,
    -1.23456789,
    -1.2345678901234567,
    -3.472182425,
    -0.234198723,
    1.2384,
    -0.723412983248,
    -1.2345678901234567,
    -1.372972719745499,
    -0.238947,
    1.82457632,
    -0.1234567890123456,
    -4.274819,
    -0.372102762475321,
    -1.09762340159112,
    -1.35241,
    -0.3425678901234568,
    -0.402372,
    -1.356784321,
    -1.2378,
    3.14159,
    1.23456,
    -0.123456789,
    -0.42182833,
    0.123456789,
    -0.245102194,
    -0.731241667,
    1.23518,
    2.3410231,
    0.734123,
    0.452368412,
    -1.4032,
    -0.134723593629,
    -1.23456789,
    -2.1478634,
    -0.3562,
    -1.28734,
    -0.372812994,
    0.1734133184966101,
    -0.23456789,
    -2.137153,
    4.197732,
    0.6381674223484513,
    -0.729422,
    0.341928527,
    -0.123456789,
    3.141592653589793,
    2.718281828459045,
    -0.3275,
    -1.234678923456789,
    -0.31489271,
    -0.134294,
    -0.123456789,
    2.17439,
    3.412,
    -0.3721,
    -0.123456789,
    -0.124187,
    1.7154524374471112,
    -0.5324682508747434,
    -0.2436784319,
    -7.31422384982,
    4.286319036713271,
    -2.324567890123456,
    -0.252347538,
    2.34567,
    -0.123456789,
    -0.1123456789,
    1.3700123456789,
    1.4829376394,
    -0.123456789012345,
    -1.2345678901234567,
    0.234567,
    -0.345678912,
    -1.432,
    -1.23456789,
    -0.354789,
    -0.728394,
    -0.734523,
    -0.123456789,
    1.347,
    -1.23456789,
    2.145689,
    -0.9281347692,
    -0.2876442110615374,
    2.1738,
    -0.134897645,
    -0.42389276,
    -0.2345678912345679,
    -0.3572146,
    -0.12345,
    3.141592653589793,
    -2.145689,
    -0.743852,
    2.1437,
    4.2123,
    -0.42365,
    -0.372418,
    -1.734289123,
    -0.124387,
    -1.23456789,
    2.3415687,
    1.4768647,
    -1.0342,
    -0.1349823472,
    2.17345678,
    2.3548,
    2.41967687648,
    -0.4512374738,
    -2.145897,
    -0.3567142857142857,
    -0.37214,
    -1.24873,
    -0.374294,
    0.423874621,
    -0.23456789012345677,
    -0.732942348,
    -1.3127,
    -0.3456789,
    -0.23456789012345677,
    -0.4723129467123396,
    -0.23456789,
    -0.234567891,
    0.4916619546099502,
    1.73428345,
    -0.3482122,
    -0.37196567,
    2.38546,
    -0.12345678912345678,
    -1.234567890123456,
    -0.244186,
    -0.235678,
    -1.73696517,
    -0.7293258641124744,
    -2.14739456,
    -0.2345678912345678,
    0.73248,
    -0.371861234,
    -0.4839207904442628,
    -0.372411,
    -0.123456789,
    -1.23456789,
    -0.4521,
    -1.23456789,
    -0.2345629871,
    -0.473928,
    -0.4205569104261612,
    -0.34123,
    -0.23415,
    -0.47291615,
    -0.12456789,
    0.3428421469,
    -0.123456789,
    -0.23456789,
    2.3456789,
    -0.3456789012345679,
    1.283476,
    -0.49234187,
    -0.34576820441,
    -0.123456789,
    -0.12452,
    -0.312456789,
    -2.174129461,
    -0.12345678901234566,
    1.1234,
    -0.734123,
    -1.2345678901234567,
    -2.312456872943124,
    -0.4523017346812341,
    -1.7236,
    -1.7654321,
    -0.1345782345,
    -0.72467,
    -1.723891232,
    -0.3745,
    -0.472,
    0.4032136,
    -0.372942,
    -0.2317845,
    2.1478,
    -0.4231587,
    -0.27892,
    -3.145292847,
    -0.123456789,
    -1.47292842647,
    2.3456789,
    -0.536421,
    -3.141592653589793,
    2.1438576239,
    -0.345872,
    1.517346,
    -1.738983772590536,
    -0.732,
    -0.1234567890123456,
    -0.234125,
    -0.4236068,
    -0.34521238576,
    -3.141592653589793,
    -0.123456789,
    -0.372187632951477,
    -0.234189234718234,
    0.345628741,
    -2.5643,
    -2.345678901234568,
    1.3763819204711736,
    2.34756803,
    -0.123456789,
    -0.523478263,
    -0.34121,
    -1.23456789,
    -1.2345678901234567,
    -1.27649,
    -0.372188,
    -0.2476,
    -0.372147,
    -1.3786,
    -0.12345678912345678,
    -0.12345,
    0.349816,
    -0.123456789,
    -0.2743152399988197,
    -0.4568321,
    -0.31294827,
    2.17345,
    -1.2389476,
    -0.348212,
    -0.357132,
    -0.123456789,
    -0.3452156,
    -0.3482924757600177,
    -0.34812264,
    -0.182734,
    -0.412312,
    -0.23456789,
    -0.23418962,
    -2.13456789012345,
    -0.3721234567,
    -1.2345678901234567,
    -0.72356,
    -0.372151281,
    -1.2345678901234567,
    -0.543298199,
    -2.34567890123,
    -0.21345678912345678,
    -0.37421264,
    -0.7823456789123456,
    -0.7213456789,
    1.562387,
    -3.174212,
    -0.3521458762,
    -0.372419,
    -1.72398,
    -0.123456789,
    -0.123456789,
    3.451276852,
    -0.123456789,
    -1.23456789,
    1.8123456789,
    0.345639,
    -1.82345667,
    -1.23456789,
    -0.234567,
    -0.372587,
    -0.3872941327498113,
    0.3456,
    -1.527689,
    -0.473928438,
    0.38463,
    3.141592653589793,
    -1.73124,
    -1.3783,
    -0.2473,
    -0.7623451239,
    1.34258,
    -0.1823456789,
    -1.234567890123456,
    -0.123456789,
    -0.123456789,
    -0.123456789,
    -0.4271613230178128,
    -0.123456789,
    -0.37218933,
    -2.143,
    -1.3729631755124303,
    -0.123456789,
    -0.3295486,
    1.23456789,
    0.812345679,
    1.2938402324,
    -0.3282287686052445,
    -0.123456789,
    -0.3452127,
    -0.3498274821,
    -0.2871902930790586,
    0.3452679823,
    -0.4219718336,
    1.772253568,
    -0.23456789012345677,
    -0.682317389,
    -0.9234720375860007,
    -0.4289961731092074,
    -0.12345,
    3.14159,
    -0.421387,
    -0.34526789,
    -0.3219842309812346,
    -0.427653689,
    -1.23456789,
    3.1415926535,
    -0.125492,
    -1.27324,
    -1.2374,
    -1.3528467205141859,
    -0.23456789,
    2.487021,
    1.245,
    -0.123456789,
    -1.1234567890123457,
    1.23456789,
    2.3456789,
    -4.237,
    -0.37212345678912345,
    -1.352985,
    -0.42312,
    -0.123456789,
    -0.4721853321524623,
    1.372,
    -0.345678,
    -1.28374123987,
    3.1416,
    1.036,
    2.14701,
    -0.1234567890123456,
    -2.417289237,
    -0.123456,
    2.143655,
    -0.38954621875470163,
    1.24384,
    -0.3715770565587594,
    -0.34276845,
    -2.41193,
    -0.12345678912345678,
    1.35,
    -0.2167,
    0.345,
    0.3851237654,
    -0.123456789,
    3.141592653,
    1.287631421,
    0.5488135039273248,
    -0.23456789,
