{
  "model": "moonshotai/Kimi-K2-Instruct-0905",
  "distribution": "Cauchy(loc={loc}, scale={scale})",
  "mode": "independent_requests",
  "requested_samples": 1000,
  "generation_time": 586.7466163635254,
  "statistics": {
    "total_samples": 1000,
    "failed_requests": 0,
    "unique_values": 781,
    "unique_rate": 78.10000000000001,
    "mean": -0.4426570862295599,
    "std": 1.6890415908875092,
    "min": -28.397,
    "max": 3.764514,
    "ks_statistic": 0.21780720974223444,
    "ks_pvalue": 3.933967907757812e-42
  },
  "samples": [
    -0.847291,
    -0.382,
    -1.742839,
    0.847,
    -0.842173,
    -2.847291,
    -0.425,
    0.8742,
    0.936,
    -0.3427,
    -1.873245,
    -0.342,
    0.847263,
    -1.073,
    0.7423,
    -1.308729,
    0.421,
    0.892,
    1.7258491336,
    -2.641873,
    -1.083,
    1.266,
    -1.092731,
    -0.742,
    -1.083742192,
    1.537,
    3.1427,
    -2.374819,
    0.738192,
    -0.375914,
    -0.847326,
    -1.089632,
    -0.744,
    0.473861,
    0.826,
    1.269,
    0.7823,
    -0.3427,
    -0.612,
    -0.489163,
    1.742893,
    0.367,
    -2.1847,
    -0.456738291,
    0.674349,
    -1.937184,
    -0.824917,
    -1.374,
    -1.207,
    0.874362918,
    0.783492,
    1.5876,
    0.847316,
    1.2734,
    -1.843,
    1.742093,
    0.54321,
    -1.073,
    -0.342198364,
    -0.943156,
    -1.283476,
    1.9371,
    -1.847263915,
    -1.397,
    -0.431817,
    1.347892,
    0.673,
    0.742819,
    0.748,
    -1.473829,
    -0.4213,
    0.792,
    -1.082,
    0.714892,
    -1.37482,
    0.304956,
    -1.487,
    -3.214,
    0.347218,
    -1.372,
    -0.371,
    -0.374526,
    0.428547,
    0.628,
    -1.273,
    -1.207,
    -0.824,
    3.764514,
    0.342,
    0.618,
    1.427,
    -0.8473,
    1.736847219,
    -0.984733,
    1.384729,
    1.349802,
    0.927,
    0.374817,
    -2.138,
    -2.847361,
    -1.203847,
    -0.742369,
    0.8742,
    -1.847263,
    -1.738921,
    1.326,
    -0.738142,
    -1.739,
    -1.836,
    1.384729106,
    -3.478192,
    -1.375,
    -1.837,
    -0.857392,
    -0.4286,
    -0.739,
    0.739,
    -1.309,
    0.458729163,
    0.847263,
    0.7392,
    -1.739204,
    -1.473829,
    1.2736,
    0.874,
    -0.842547,
    2.837494,
    0.739,
    -0.847392,
    0.847,
    1.748293,
    -1.372,
    2.847362,
    -0.847392,
    0.8473,
    1.742906,
    -1.830947,
    1.738292,
    -0.473,
    -0.456129,
    -0.742581,
    1.089096,
    0.847,
    1.374,
    1.893274,
    -0.317,
    0.378192,
    0.847163,
    -1.073,
    0.374237,
    -0.8472638105,
    -0.84723195,
    -1.064,
    -1.453209876,
    -0.673,
    -1.837,
    -1.073,
    2.8743,
    0.738,
    -0.936247,
    0.8472,
    -0.4727,
    -0.782914,
    0.739,
    3.079104,
    -2.84713,
    0.759421,
    -0.583192,
    -1.629384,
    0.319,
    -0.298731,
    -2.3847,
    0.638915,
    0.673956214,
    1.482,
    -0.847312,
    -0.732,
    -1.829364,
    0.782,
    -1.203857,
    -2.847319,
    2.731849,
    -3.217,
    -1.073,
    0.827,
    -1.073,
    1.348572091,
    -0.442163,
    0.326,
    -1.742963819,
    -0.443,
    0.367,
    -1.748395062,
    -1.837465,
    0.736,
    0.4827,
    1.748936524193864,
    1.547829281,
    -1.847306,
    1.537,
    0.847312,
    -0.847,
    0.8473,
    -3.217,
    3.482,
    -0.437921,
    -0.748999631542,
    -1.247386,
    -1.2345678,
    0.478,
    0.8473,
    0.742,
    -0.472,
    0.8473,
    1.374082,
    -2.874961592347845,
    -1.472,
    -0.528,
    -1.083742,
    -0.370425,
    2.738194612,
    1.3847,
    -1.238476,
    -1.073,
    0.3678,
    -2.731,
    -1.073,
    -3.742891,
    2.387465,
    -0.712943,
    -3.142791689,
    -1.283,
    -0.847291,
    -0.834762,
    -0.524,
    -0.782195,
    -0.423,
    0.674,
    -0.473812,
    2.374815,
    -0.327,
    0.472031,
    0.187,
    -0.415,
    -3.476191,
    -1.23456789,
    -0.847321946,
    -0.8427,
    -1.748,
    -1.20387418,
    -0.45623,
    -2.1938475621,
    0.732,
    -1.835642,
    0.847312,
    0.127,
    1.175,
    -0.672,
    0.483,
    -0.473,
    -1.437289,
    0.437,
    -0.483,
    1.837,
    0.742,
    -1.382,
    -0.847313,
    -0.746,
    -0.863214,
    -2.1847,
    1.230476509,
    -1.897,
    -1.023847,
    1.374265,
    -1.637825,
    -0.4587,
    1.173456290981,
    -0.8473,
    -1.307,
    -1.08237,
    -1.207,
    -1.387249,
    0.3374285098550819,
    -1.847532,
    0.374815,
    -0.748,
    -0.893427,
    0.672,
    0.728193,
    0.345,
    0.4719,
    0.384,
    -1.892634,
    0.739,
    -1.437,
    0.748,
    1.23456789,
    0.4831,
    -0.856729134,
    0.341718,
    -1.372,
    0.739,
    0.8473,
    -1.207,
    -0.421583,
    -1.348,
    -0.743,
    0.472,
    -1.746392,
    1.374629,
    0.674839,
    -3.847192,
    -0.847632,
    -1.037814,
    -0.847,
    -0.892,
    -1.937246,
    -1.073,
    0.428167819,
    0.315,
    3.7428190615268733,
    -0.739246817,
    0.7826,
    -1.438752,
    -1.832714,
    -1.327842,
    0.382,
    -0.428736,
    -1.073419263,
    -1.937204,
    0.458,
    0.742,
    -0.420351,
    -1.203847291,
    -1.247,
    -1.847263,
    -1.573482901,
    -2.847391,
    -4.326517892,
    1.742916,
    2.384781,
    -1.347298,
    0.732,
    -0.325,
    -1.058763,
    -1.327,
    -2.847391,
    0.739,
    1.742896,
    -1.834762019,
    0.241,
    -0.471,
    1.273,
    -1.073467,
    -0.382671,
    1.847263915,
    0.742,
    -0.3427,
    -0.761524,
    -0.374,
    -0.739,
    0.527,
    0.198,
    -1.2138475629,
    1.915743,
    -0.847392,
    -1.748963154,
    -2.143891,
    -1.873402,
    -2.178,
    -3.482195,
    3.472106,
    0.1847,
    1.823447915210409,
    1.482,
    2.348795,
    -0.854291,
    -1.367802,
    -3.742891,
    0.458163,
    1.732,
    -0.8473,
    0.3742,
    -0.382756819,
    -3.1427,
    -0.341791208,
    -1.837294,
    -0.847,
    2.3746,
    -1.336,
    -0.7489,
    -1.203847,
    -0.8924,
    -1.273,
    1.273,
    0.379,
    -0.456781,
    0.3183098861837907,
    -0.739,
    -0.847253918,
    -0.764,
    1.387265,
    -0.473,
    -1.837492,
    -3.4217,
    -2.384716,
    -1.326835,
    0.682,
    -0.584,
    -0.847362951,
    -1.136,
    -1.374,
    -1.739204,
    -0.58342,
    -0.84725139298371,
    -1.237491,
    -0.327,
    -1.237,
    0.873,
    -2.835914,
    1.4276,
    -0.7382,
    -1.430287,
    -0.739,
    -1.87342,
    -0.742156903,
    -0.327,
    0.123456789,
    -1.2736,
    -2.307819,
    -0.739,
    0.634,
    -2.36814,
    -1.082,
    -0.820514,
    -1.437,
    0.3785,
    -1.329856,
    -0.673214508079781,
    -3.417,
    -3.284195,
    -0.742816,
    -1.476289,
    -0.456987,
    -1.479265,
    -1.083546217,
    -0.357,
    -1.027,
    1.273,
    0.847213,
    -0.397,
    0.345,
    -0.739,
    -0.671,
    -0.372184,
    -1.203847,
    -1.372498,
    -1.837,
    -1.073891,
    0.739,
    -0.762,
    -0.517,
    1.742,
    0.742,
    1.308547916,
    0.674184,
    -1.203864,
    0.847312,
    -1.340254716,
    -3.421857,
    -1.738294,
    1.731492,
    1.423769,
    -1.837492,
    -0.732891,
    -0.472896,
    -2.3647,
    -2.436,
    0.348,
    -0.743928,
    -1.384729163,
    -1.847295,
    -0.483,
    -0.8473,
    -0.431,
    -2.837492,
    -1.384,
    -0.847,
    -0.397,
    -1.3409,
    1.37892541,
    1.573024,
    -2.481673,
    -0.734281,
    1.3746,
    0.432,
    -1.024,
    0.438,
    1.837926,
    -0.847231,
    -3.4782,
    -1.328,
    0.482716,
    1.342,
    -1.072384,
    -0.763418,
    -0.421375,
    -1.34782,
    -1.367844,
    0.739,
    -0.739,
    -1.9376,
    0.847,
    -1.073,
    -0.3417,
    -0.672,
    0.374,
    -1.073,
    0.534729831,
    0.742,
    -0.84729301647182,
    1.748,
    -0.342,
    -0.7392,
    -1.289456789,
    -0.847215,
    1.8473,
    -2.834,
    -0.348291,
    1.374692,
    2.384651,
    -3.4721,
    -0.847,
    -1.329,
    1.372,
    -1.847263915,
    -3.141592653589793,
    -1.837249,
    2.3548460917352636,
    1.473926,
    -1.372,
    -0.847263,
