{
  "model": "deepseek-ai/DeepSeek-V3.2-Exp",
  "distribution": "Gamma(shape={shape}, scale={scale})",
  "mode": "independent_requests",
  "requested_samples": 1000,
  "generation_time": 693.6010794639587,
  "statistics": {
    "total_samples": 999,
    "failed_requests": 1,
    "unique_values": 990,
    "unique_rate": 99.09909909909909,
    "mean": 1008.2754814659048,
    "std": 30432.242068629035,
    "min": 0.174391,
    "max": 961376.0,
    "ks_statistic": 0.23530684205346064,
    "ks_pvalue": 3.8757415880838645e-49
  },
  "samples": [
    4.37174258,
    33.6562,
    3.1987,
    2.67143394191784,
    3.196942,
    3.0856,
    4.171558,
    9.02,
    7.63,
    6.897704,
    9.693,
    1.5457,
    5.4217,
    4.57379,
    5.813,
    6.173045,
    14.424,
    1.2263,
    34.5129,
    1.118414109743483,
    8.8195243423,
    1.2143,
    1.0374,
    44.855,
    15.442,
    12.76,
    3.7982,
    8.541852,
    4.8765023,
    4.32675,
    4.077818,
    9.95990815160649,
    12.39532174,
    14.0581,
    19.867814,
    8.518,
    51.41234189827475,
    2.344752,
    11.06096,
    8.33319152306428,
    1.645,
    3.936206364,
    2.43251,
    7.833,
    4.967,
    2.21,
    4.980069125377,
    4.2268,
    8.583673,
    2.533,
    4.132531,
    6.485296816,
    7.1256,
    5.571465,
    2.844301759648865,
    3.702,
    4.363,
    12.823658477905354,
    2.0696939818351345,
    3.696049914811415,
    8.8539,
    10.682,
    2.975340322709116,
    2.8695,
    1.792674594,
    2.569,
    28.25360545883475,
    0.174391,
    2.897581,
    8.665,
    2.373,
    26.748502941900423,
    2.202129194,
    2.272,
    4.800895520244547,
    2.137,
    2.137824469085,
    1.604152237557764,
    2.599684576322942,
    2.0,
    2.529582,
    2.277555292067744,
    4.3196,
    7.02557,
    2.58,
    0.8505,
    1.9749270030429706,
    15.1485,
    2.497844,
    1.427,
    3.5893,
    18.796,
    2.335482,
    2.712673,
    11.07087,
    2.886,
    2.5094,
    2.374891863,
    1.231,
    10.6731,
    2.3579,
    6.994,
    0.9823503389759438,
    14.878,
    2.102,
    3.834,
    14.562038164053986,
    8.215,
    4.987,
    22.151665,
    2.870232,
    5.194673,
    8.7539,
    3.2255,
    3.426585,
    22.638861,
    5.97774,
    2.9111,
    7.146,
    6.237151,
    6.39327,
    3.60329476440728,
    3.775742,
    5.108,
    3.793451,
    3.679692,
    13.46491,
    4.859715514,
    3.587,
    8.125,
    2.435914,
    1.713812430477092,
    6.6163,
    3.986,
    4.9022159708,
    7.563246,
    13.978749,
    3.185552374249763,
    8.024833460289415,
    2.122651,
    40.31938726182737,
    2.3165823449664074,
    2.61,
    25.689774340906,
    3.956942619243,
    15.140081,
    1.5752,
    7.56563,
    17.1031919,
    5.7885,
    4.10899876,
    2.063913,
    3.28543607,
    3.058843249,
    4.864370128865055,
    23.71749,
    17.85813342,
    37.4291,
    4.453,
    3.7438296286,
    18.0891698889,
    2.21189263458658,
    2.157,
    3.1049,
    3.178563587,
    16.57413754,
    0.5078,
    4.246370784,
    2.6316,
    9.684529,
    5.38541326416872,
    2.338644,
    3.3618,
    3.68094,
    0.7853,
    17.952683,
    8.27143,
    11.211537818389155,
    2.976654785,
    18.773429,
    6.274,
    9.577765,
    13.5182,
    10.84957,
    6.378615,
    3.5417,
    7.7353,
    2.786294367,
    1.6032,
    12.70089,
    2.879659,
    6.6201,
    3.3714,
    17.7402,
    2.4936,
    6.78105553,
    1.911324862377813,
    2.4123,
    11.60278,
    9.78238,
    4.749980354020932,
    2.272042684549031,
    0.709,
    2.1398661752632973,
    1.914082579,
    2.3437,
    2.098,
    3.8659,
    8.047342767273808,
    4.8123,
    39.10243,
    2.2783,
    7.42965,
    7.483889,
    17.227645,
    4.462,
    5.324,
    17.288,
    4.627,
    3.431,
    9.1492,
    13.219,
    3.482,
    10.122,
    2.895448608502817,
    16.656,
    1.3306,
    3.850254807,
    9.38745,
    2.5674,
    3.2659,
    3.5031,
    21.748466,
    6.9409,
    24.456179992885215,
    4.985,
    3.902,
    7.962411796617408,
    5.634,
    5.3654,
    3.4596,
    2.441378,
    23.708,
    2.3127456395,
    2.63463,
    5.7324,
    3.94477,
    41.503,
    3.5736,
    6.1004,
    21.0623,
    5.548,
    2.965073847858674,
    2.313652637,
    14.2852,
    7.485,
    13.74822,
    6.17197,
    0.435829,
    7.81492,
    7.195,
    32.5453729376174,
    8.4024,
    14.523891,
    8.07243,
    7.421191,
    5.28794,
    14.182497,
    5.00908,
    5.16584,
    1.807018,
    19.5521,
    25.68992,
    15.927586,
    2.0,
    6.146,
    3.026,
    3.53215,
    0.39,
    17.739819,
    5.96077842,
    12.03961,
    7.26,
    5.968830256756789,
    22.273,
    4.245282,
    7.004275,
    3.634758965,
    2.583,
    2.6540747853312707,
    5.31196,
    8.263409,
    7.1296,
    4.782734,
    16.2804,
    17.3715,
    9.438735558,
    2.0,
    3.76949,
    2.8221,
    6.165782,
    2.56,
    9.790166506957,
    15.835682,
    0.5077388799780954,
    2.073737,
    2.652063632,
    10.122204,
    3.204,
    1.583208,
    2.438384322,
    23.7971738196623,
    32.652,
    4.4188,
    22.621,
    17.265211,
    6.337317,
    3.24931,
    6.725379,
    3.247902,
    5.13039,
    7.8068,
    2.540518,
    1.2992517346007757,
    23.348,
    2.947107,
    8.596713,
    0.265286236402,
    24.12157,
    10.8136,
    4.653,
    5.622,
    5.78491165,
    3.651485880686424,
    1.204178,
    1.828,
    3.794966577885,
    8.35,
    1.947267,
    13.25041844,
    11.1973,
    5.273513,
    4.134489,
    9.90643066947306,
    8.9726,
    2.75,
    26.834702,
    8.448777664896614,
    5.142,
    3.057,
    4.647931,
    2.3698,
    21.6256,
    48.686466,
    5.53537,
    5.113081,
    1.08548,
    3.609,
    13.804,
    0.42,
    5.439865711768143,
    6.6306,
    5.3922,
    4.425,
    2.0195,
    5.89193,
    2.899,
    43.2476664,
    11.788744783427667,
    6.889911,
    4.821694065,
    5.230594,
    3.557,
    5.36137,
    2.157847,
    12.940532,
    5.38749,
    10.9338,
    0.6743,
    20.47181866307669,
    3.133,
    0.6778526,
    4.36,
    2.148426003,
    15.875913,
    0.581,
    3.8721,
    2.0200412064909603,
    9.063,
    6.560942,
    6.298038,
    28.3786,
    10.03245,
    2.678213,
    2.6115,
    5.427956,
    4.255,
    5.624713,
    15.222359,
    10.836876,
    1.637863762,
    28.5459,
    14.276,
    2.712152,
    2.657709115,
    5.6413433,
    6.395,
    9.179657,
    2.782,
    30.77097487728346,
    8.259315622,
    17.7638,
    0.372981,
    4.391561777862111,
    9.96,
    2.5089,
    12.726,
    2.141342040848457,
    2.099184,
    2.112,
    3.922281766,
    5.26169233,
    46.212839,
    3.959775306845888,
    22.39058384524575,
    3.2589,
    4.052512,
    9.4482556,
    2.320446,
    15.375,
    9.216,
    3.1534,
    1.9987169700702068,
    5.72279,
    12.11682,
    4.201945316649198,
    2.327,
    2.4168,
    9.012,
    6.78322,
    62.176166,
    1.17529805,
    3.362,
    33.0696,
    9.3,
    1.969,
    3.3396,
    17.47781081,
    3.9405,
    2.693734,
    38.2697,
    17.38862208,
    12.542897,
    21.52881208,
    3.951571993433902,
    6.522508,
    2.367954,
    5.8546172836,
    6.4249,
    2.65178445,
    22.150624551,
    3.8472,
    2.97,
    6.183463867057912,
    22.5713,
    2.411,
    2.654389735,
    2.63315,
    2.505,
    3.3765,
    17.62708,
    8.756476,
    2.057819,
    6.1132,
    23.4835962266,
    19.752308,
    33.08236692733127,
    19.75872842713532,
    19.32879,
    5.01141883274379,
    6.265031189945577,
    2.4261,
    0.48594018165897507,
    2.8958,
    3.15739,
    1.674307429,
    6.13947,
    5.448921,
    3.7496,
    31.308975,
    9.228607,
    2.155964754,
    2.7365378649,
    2.436,
    10.14786,
    5.2039914355875,
    1.036,
    3.387435590566716,
    3.136,
    7.81,
    2.7365,
    9.27475955092718,
    3.414193534,
    6.6428,
    2.694862,
    6.4388121,
    4.710384123206693,
    51.41193055670397,
    4.717,
