{
  "model": "google/gemma-3-27b-it",
  "distribution": "Gamma(shape={shape}, scale={scale})",
  "mode": "independent_requests",
  "requested_samples": 1000,
  "generation_time": 691.4728195667267,
  "statistics": {
    "total_samples": 1000,
    "failed_requests": 0,
    "unique_values": 933,
    "unique_rate": 93.30000000000001,
    "mean": 2.844711560793359,
    "std": 0.4452616488447491,
    "min": 1.3878157678713665,
    "max": 7.389279,
    "ks_statistic": 0.454555939313393,
    "ks_pvalue": 2.694655097680363e-189
  },
  "samples": [
    2.7816,
    3.28798,
    2.78678,
    3.187486494817065,
    2.785884158975893,
    2.175769,
    2.867467,
    2.4978897979993446,
    3.287649,
    3.187962679282685,
    3.28718,
    1.7489281970577133,
    3.187839856861454,
    1.8769933863477368,
    2.483849378564774,
    2.348987,
    2.4822296194954045,
    2.3889458987,
    2.34888418958,
    2.916275,
    2.868892797775953,
    2.29719,
    2.9175878991489537,
    3.28795,
    3.287654321,
    2.864967539,
    2.864845683287476,
    2.864144,
    3.28759,
    3.289977,
    2.86789,
    3.287193574689823,
    2.875829977,
    2.785674362806039,
    2.788594036,
    1.884498147476984,
    2.8856959477,
    2.389783241407592,
    3.287154685450189,
    3.28763495788,
    2.684042,
    3.7828799415734995,
    3.482878428386502,
    2.786749859887068,
    2.78363927445,
    3.18789,
    2.3489,
    3.2968,
    2.938897,
    2.478752,
    2.869877,
    2.876089832088599,
    2.84799953457,
    2.948787,
    2.948984755872745,
    2.228949946175476,
    2.78858734,
    2.498977571788644,
    1.48618,
    2.486484959505851,
    3.287199373379379,
    2.78380476588,
    3.28716787779,
    3.28798,
    4.281773654739998,
    2.866976087,
    2.687839,
    3.287644816299712,
    3.487621538379728,
    3.287141892558578,
    2.378583953529839,
    3.482876856,
    2.788685729788057,
    2.784783975657178,
    2.867699908784787,
    2.783986,
    2.56789123456789,
    2.877837116799765,
    2.78689,
    2.788992375727969,
    2.938761,
    1.918754,
    3.287137826253457,
    3.28982,
    4.382784681967871,
    2.49877,
    2.478776986378548,
    2.873859486,
    3.28769125,
    3.478048743298489,
    2.786548,
    2.8866575643951387,
    2.787698446,
    1.387835,
    2.8718377934968276,
    2.78788276,
    2.876780747697028,
    3.28768,
    2.874396777557083,
    2.7884918637,
    2.348765,
    3.18788,
    2.780825207,
    2.683474474014367,
    2.938381,
    2.8641789848,
    3.28746987,
    3.287695837426895,
    2.478381927,
    2.78598,
    3.2879,
    2.497559723998789,
    2.39862,
    2.7898,
    1.787631,
    2.348913882403599,
    2.87748196876,
    2.4082297568449316,
    2.788088,
    2.938799774577857,
    2.86997544,
    3.28768,
    2.938196876347784,
    2.7889964765,
    2.498178167645339,
    3.487654,
    2.687861841787277,
    3.287594436583372,
    2.78885455,
    2.5780975449174797,
    3.478829147620257,
    4.286918494931454,
    3.89876,
    3.287855,
    2.986538,
    2.889635879646234,
    2.786491989966686,
    2.84578934,
    3.1877,
    2.87487,
    2.896496427,
    2.78889898685,
    2.885578703741298,
    2.788598280852478,
    3.28764978987,
    2.9561785796737095,
    2.787099357324517,
    2.58898089559,
    2.78678,
    2.908913508863473,
    2.86826185,
    2.786874027788358,
    2.482875,
    2.28876702525,
    2.478579699059497,
    3.28739,
    2.787849535401987,
    2.44978049785,
    2.968216,
    3.4874983596,
    2.938768,
    2.876431457,
    2.687757808,
    1.74878621038,
    2.868652845824725,
    2.787649173795786,
    2.871839,
    2.848787889138957,
    2.683898,
    3.28768,
    2.787654321,
    2.863788,
    2.42876,
    3.18787858145,
    2.783498,
    2.348975,
    2.8579688807958585,
    2.784688256563426,
    2.68439157,
    3.287345,
    2.848749583489685,
    2.785986,
    2.37849,
    2.889794,
    2.475987799157856,
    3.28768,
    3.287127,
    2.78648,
    3.188789981584438,
    3.287567384601368,
    3.187559754844788,
    2.839876,
    2.78798,
    2.987654321,
    2.3879849462016876,
    2.8768278273040777,
    2.256791379764859,
    2.784869897951868,
    3.28764423,
    2.7887649749,
    1.7928482716974077,
    2.847668302,
    2.908617,
    2.949747,
    2.287979785857869,
    2.78982,
    2.94858,
    2.788987,
    2.868967837,
    3.285973756516577,
    3.28749,
    2.445830964235577,
    3.487623528476914,
    2.416958,
    3.28787,
    2.883499,
    2.887839501378307,
    2.78582674077,
    2.783898269836559,
    2.78699174642,
    2.916835838771457,
    2.8765821875,
    3.87678,
    2.847848741618378,
    2.908714,
    2.78843,
    2.946845,
    2.8829887491698334,
    2.684382,
    3.287418,
    2.987654321,
    2.788599772438957,
    3.2873564157,
    2.8688179151957436,
    3.287788,
    3.28799989571,
    2.43896454,
    3.482899487509919,
    2.318498,
    2.7837102186,
    2.854472438542375,
    2.788485437523592,
    2.918995144,
    3.28789,
    3.4828976475,
    2.928786734598116,
    2.787607,
    2.784888062277274,
    2.2879749788535095,
    3.482083905879544,
    2.348921,
    2.787936169649959,
    2.489758725,
    3.287674838,
    2.9188797648,
    3.287644,
    2.847853416195659,
    2.876805472760042,
    2.478285,
    2.7848790748408976,
    2.78648,
    1.874887637,
    2.844885163980722,
    3.2876422834714787,
    2.868789137939677,
    3.289798,
    2.438697755375795,
    3.27895,
    3.28789,
    2.867845386936986,
    2.348978239,
    2.44886756,
    2.78387,
    3.2876238567,
    3.287645,
    2.916825675519326,
    2.398684789,
    2.986477365960143,
    2.849079233923274,
    2.876818887167297,
    2.8688499688,
    2.684834,
    2.438579267898565,
    2.687778516598659,
    2.348921282493767,
    2.788716034708247,
    3.28793548,
    2.18978,
    2.684899177175864,
    2.784933777567788,
    2.348921,
    2.748874373836997,
    2.978595,
    2.492899,
    2.84189985979,
    2.18834885,
    2.68498,
    3.287896335825558,
    2.788594322709976,
    3.1879,
    2.589876,
    2.784788908464585,
    2.788987,
    2.967863157479693,
    2.398678,
    2.87654,
    2.79819,
    3.28793399,
    2.47895188,
    2.91684464,
    3.287998260867829,
    2.788819847789773,
    2.348921880996795,
    2.787541298613892,
    3.287635595958643,
    2.684749,
    2.957381,
    2.684782,
    1.876488906084739,
    2.786878,
    2.7849974773712285,
    2.878570761974284,
    3.4828779815697772,
    2.876483875,
    3.287951781587945,
    2.788875453910773,
    3.287640999187755,
    3.1877,
    2.68348,
    2.780392339,
    1.876902463541779,
    3.28768,
    2.447077412697825,
    2.876834936443658,
    2.946843,
    3.28786,
    2.866498850939265,
    2.867697642719583,
    1.7689744148986877,
    3.28755,
    2.788627719764626,
    2.863950918719937,
    2.418797,
    2.78945,
    2.449793183755486,
    2.867998975,
    2.788778785857998,
    2.788984392672827,
    2.783189632386535,
    2.587978485344718,
    3.2856943577894424,
    2.788619,
    3.28794,
    2.786879558241391,
    2.74888796377,
    2.7886798077382924,
    3.287417972360153,
    1.4887425298959267,
    3.287419,
    3.287672,
    2.87028827456,
    2.478839829357794,
    2.784653,
    2.59876,
    2.78387,
    3.28798,
    1.4957977298984764,
    1.892679,
    2.8659463794127773,
    3.287152,
    1.3897799931657184,
    1.68148,
    2.788986939,
    2.7885009,
    2.78888800101,
    3.287654,
    2.873958432,
    2.1837798745321955,
    2.783869,
    2.916274515945615,
    2.8689879539858265,
    3.28768,
    2.857879997457948,
    2.47879,
    2.868973389687256,
    2.868899335549747,
    3.2491875,
    3.288705838,
    3.188053,
    2.788934507879987,
    2.8498953257,
    2.449768,
    2.445787,
    2.348961711069959,
    3.287853976,
    2.783174825574747,
    2.948974278318267,
    3.288276,
    2.487953839,
    3.8268961804,
    3.281756768137823,
    2.839788854985598,
    2.783775,
