{
  "model": "gpt-4o",
  "distribution": "Gamma(shape={shape}, scale={scale})",
  "mode": "independent_requests",
  "requested_samples": 1000,
  "generation_time": 513.1812863349915,
  "statistics": {
    "total_samples": 1000,
    "failed_requests": 0,
    "unique_values": 992,
    "unique_rate": 99.2,
    "mean": 4.194629210518719,
    "std": 1.3188074912358945,
    "min": 0.5614,
    "max": 12.343,
    "ks_statistic": 0.3051048959220459,
    "ks_pvalue": 4.087850815756218e-83
  },
  "samples": [
    2.598,
    2.943561537292025,
    3.954297429220822,
    5.0863,
    4.6151,
    4.573245,
    4.3552707351,
    3.524078846848923,
    3.919401927886779,
    6.2843,
    5.764708512930988,
    3.4683381308692076,
    3.812176691852317,
    5.351464,
    3.259478,
    1.872947,
    1.0394,
    3.6941,
    6.324213171197151,
    3.9071,
    5.4736576038,
    4.532342,
    3.8727351451126846,
    4.496413524329997,
    3.582437,
    5.378673433842835,
    5.693839034046802,
    5.016759037307453,
    2.421,
    3.177770343347132,
    3.921642,
    3.8747982199483806,
    5.032812501483947,
    3.2847,
    0.5614,
    4.053292848949685,
    5.698328508533726,
    4.279166248570802,
    1.362,
    5.632148274069928,
    2.391481835658014,
    3.914187,
    3.980761827,
    5.231872451816497,
    1.845,
    5.033695323142428,
    5.474269308909214,
    3.4935,
    1.8343074849846617,
    3.849,
    6.047528409924724,
    4.712,
    1.753,
    6.7219,
    3.7153,
    5.598126450929137,
    3.8745962315027067,
    3.212896,
    3.6882,
    5.978512,
    3.283674,
    3.177161334967725,
    2.4475,
    3.539785569499756,
    3.960123,
    3.7243,
    2.9807,
    3.286573823451,
    3.765747654856214,
    3.7449137245379185,
    4.729486309849578,
    3.922,
    4.725286,
    2.8724626794957846,
    7.493853,
    3.874654,
    2.923486,
    4.769364278693955,
    3.529626253447512,
    3.792766213799611,
    3.752892245962345,
    2.9355356053225847,
    4.7764,
    3.912787237249121,
    2.4183149152664787,
    5.3856,
    2.8378413967759726,
    4.637227208475419,
    4.783,
    4.636890317467356,
    4.591927,
    2.9501,
    3.407463,
    3.289160653252693,
    6.217,
    3.41570324,
    2.963487538698559,
    3.8732,
    3.441625980163686,
    3.179742928017233,
    3.645502,
    3.567812,
    3.495276609670116,
    5.033083110214396,
    2.5891,
    4.276642947052801,
    4.532911343784971,
    3.478765,
    3.884923191646763,
    3.7512,
    3.920927055943123,
    4.392805,
    4.337213473721272,
    4.7321,
    3.6475,
    3.7451,
    5.764913927305193,
    3.1260048567369325,
    4.203812055700261,
    5.6913,
    6.261574464866087,
    2.456323228004554,
    3.7044,
    3.7391,
    3.4211053796120647,
    4.896,
    2.906736134871328,
    3.7852630873,
    2.98,
    3.213467582898924,
    3.409213745,
    3.827343,
    6.528844116634835,
    3.945684,
    3.91752134,
    6.097319343141348,
    4.5853,
    3.4267,
    4.992635,
    3.7821,
    3.7690479087711597,
    3.584874663376791,
    2.7386,
    4.002,
    2.3514,
    5.365037491688983,
    2.8345,
    3.6429,
    6.1976642092,
    3.452812,
    5.1791246765,
    3.582315851082962,
    4.367,
    4.561659,
    4.3113097456,
    1.854420925,
    2.6223,
    2.873,
    4.8653876758,
    3.7869184252,
    3.683726340134924,
    2.954387109937365,
    1.775995281703493,
    5.281795,
    4.260061984508195,
    3.8678028859616775,
    3.472675,
    3.9511557432,
    2.9461,
    5.298477,
    3.982280473201943,
    5.017843852021105,
    5.204689129863123,
    5.693064881066042,
    3.9496558994137776,
    4.326875276857943,
    4.630457801895428,
    4.284362478537743,
    3.758077816006966,
    5.2936,
    3.416789,
    5.837352576238542,
    3.8416738929808267,
    3.769004,
    4.639147,
    4.263958,
    2.9031,
    2.769437876812445,
    4.392654233528541,
    5.441674663442673,
    4.57,
    3.1499278759300013,
    3.137,
    3.978462325742276,
    4.358666947133853,
    5.06494708299769,
    4.437485,
    2.897486,
    3.678943,
    3.5981847030343497,
    3.718267920784167,
    3.942176869408702,
    4.327486,
    3.8276,
    3.3467,
    6.618,
    6.545640647977216,
    7.4683,
    3.749313190142631,
    6.781,
    3.468753301192456,
    3.859243,
    3.457833,
    6.334873256344874,
    3.603,
    3.5268,
    7.395732,
    8.639,
    3.186437825098743,
    6.086,
    4.609759961365703,
    2.873924045397309,
    4.36,
    3.936295696324822,
    3.268019815486856,
    3.942015098310078,
    5.419281,
    6.458276349104747,
    4.797734028935623,
    3.977306852148629,
    4.3622,
    2.846071906843,
    4.146863,
    3.897526659789389,
    4.793478206159633,
    4.362729830171065,
    3.2958,
    3.219672493,
    1.746,
    3.627051,
    4.489614,
    9.278178942264905,
    6.331405367442599,
    3.4634488856765815,
    5.317590622147678,
    5.7285,
    3.578263,
    3.712,
    5.182683928680816,
    3.7759820437424283,
    3.876812,
    8.244,
    5.732,
    5.938591670739172,
    6.187301,
    5.2819,
    4.286113974235774,
    5.1193,
    3.125,
    2.743242433126759,
    2.6979,
    5.604312,
    3.795463,
    3.232867209843303,
    5.2071,
    4.015830973592196,
    7.634,
    3.67992778573614,
    3.1374,
    5.719116804495609,
    3.498660898161235,
    5.674706014487501,
    5.293416843811622,
    3.142857,
    5.124281237116292,
    2.615289827348937,
    2.4257,
    5.899157961265082,
    4.655655290787986,
    4.972703,
    3.542923158362674,
    4.293467135705888,
    3.285071229,
    4.1043,
    7.4831,
    3.419147959771214,
    5.934388201562459,
    2.9276483678168157,
    5.8634,
    2.3724,
    2.3174,
    3.124,
    2.782593,
    3.739392485,
    4.957168514676365,
    2.5831195732899124,
    7.4362,
    3.467132,
    4.319178474375495,
    3.568254272605726,
    4.684923,
    1.6601,
    4.515670436278576,
    4.659272,
    3.645,
    3.146732817394265,
    2.979364169639804,
    7.193783,
    3.712,
    4.116,
    5.732459,
    3.864233611243212,
    5.036917,
    3.987524,
    3.6875,
    6.78542746384322,
    2.959843520223472,
    4.799298,
    2.831499844526016,
    3.125467510382404,
    2.68871412435003,
    4.172896615535644,
    3.294853,
    3.05993793,
    3.793573514181337,
    2.6718,
    3.647280346739443,
    3.86471,
    2.548918,
    3.744830555911992,
    2.8476,
    3.9408742298110533,
    3.678947,
    5.583978,
    3.942313510126675,
    4.591201845251911,
    5.498204017403603,
    2.8739,
    2.6385691878308895,
    3.476,
    4.521636205914193,
    4.034285390475843,
    3.562673,
    4.862301318773816,
    6.464508564806511,
    3.29,
    5.632438131817626,
    3.943626,
    4.573507,
    2.389475062,
    3.157469564378982,
    3.5487,
    6.843279374,
    4.601235,
    5.033573,
    3.1572,
    3.7644228252055303,
    4.015933661512134,
    3.5754,
    2.15743673236512,
    3.276527272458435,
    3.7298,
    3.568775982454,
    2.791510197958901,
    4.365774841,
    4.076854,
    5.1293748953,
    3.622726429219033,
    5.464983848011948,
    6.876,
    1.874429234907798,
    3.926024753968284,
    5.374,
    4.5367,
    2.6141,
    3.884712,
    6.4223,
    4.651753696049764,
    3.614527971906178,
    5.392748,
    3.641317,
    3.816646643,
    2.4431,
    3.951607359748599,
    4.563812451734832,
    3.6963,
    4.734315839882465,
    5.647832,
    4.923593735,
    3.531166043166557,
    3.4875,
    3.452367,
    3.3974284998086963,
    4.341742210321581,
    2.837659172508509,
    3.854,
    4.765982563,
    5.332904198,
    4.697865,
    5.13765,
    5.713583435725358,
    4.528946676058729,
    3.9653279338,
    3.6790145427,
    5.446839958944491,
    2.4701428499,
    5.483,
    3.266164628212817,
    3.217748569238314,
    3.416295756,
    3.17,
    5.472831,
    3.707390029877372,
    3.564663741028896,
    3.629194826477396,
    3.9567,
    4.315634,
    5.891032661523524,
    3.4527,
    3.1596,
    3.48913454,
