{
  "model": "openai/gpt-oss-120b",
  "distribution": "Gamma",
  "mode": "independent_requests",
  "max_workers": 40,
  "requested_samples": 1000,
  "generation_time": 83.38753056526184,
  "statistics": {
    "total_samples": 1000,
    "failed_requests": 0,
    "mean": 4.535630866437381,
    "std": 2.1911223776958684,
    "ks_statistic": 0.33905165772604234,
    "ks_pvalue": 4.492867249116121e-103
  },
  "samples": [
    6.938754247766065,
    5.1324178251,
    3.7142,
    5.4321,
    5.2371,
    4.837502,
    3.8421017345,
    4.732891,
    5.2841,
    6.842,
    5.129842,
    4.5370182316,
    4.587231,
    4.1625,
    5.8374,
    4.832957,
    4.2375,
    4.637,
    3.847921,
    7.349812,
    3.652147058703657,
    3.914,
    6.231459,
    7.184562,
    3.369,
    5.823456,
    3.6128,
    3.1245,
    3.1212954,
    4.421,
    4.239671,
    3.4308,
    3.1226,
    5.1839462791,
    3.1213,
    4.103827,
    2.8542327,
    2.854215,
    2.601424,
    4.24,
    6.274,
    2.3158,
    5.432169,
    6.254372,
    3.8614523071,
    5.2370184332,
    13.27177904759737,
    4.587321915,
    3.9314,
    4.672913,
    4.414,
    4.583721,
    2.3648,
    3.121295,
    4.132587,
    5.132834957,
    3.4296,
    4.857263,
    2.386,
    3.1245,
    2.386,
    4.587231,
    4.4571,
    4.1735928141,
    3.847625,
    3.12262,
    5.112937,
    4.56789,
    3.847921,
    2.364,
    6.453217561584291,
    5.026,
    3.12134,
    2.8475199751920393,
    3.9411125874,
    5.3162841012,
    5.112348917162352,
    3.1478926215,
    2.744,
    5.102,
    4.566,
    5.628931,
    4.872631,
    29.724731352044223,
    5.321,
    3.921157,
    2.364,
    4.658244,
    3.7621,
    2.6197,
    2.31,
    5.121432,
    6.1345,
    5.392,
    3.874,
    5.006,
    3.6275421,
    3.1226,
    5.132,
    3.921,
    5.617,
    2.854307,
    3.9323,
    6.7421,
    3.8574269851,
    2.2788,
    5.6312,
    4.532819,
    4.857312,
    4.5271,
    4.282416,
    3.5270481685,
    3.9472,
    3.1226,
    3.9145,
    2.596,
    4.921874,
    2.3612,
    2.36,
    5.3379,
    4.0123,
    3.1226,
    2.96,
    2.7385,
    5.6831,
    4.587,
    2.36,
    3.945627,
    4.41,
    5.1284,
    2.546,
    3.4308,
    3.1213,
    5.317842,
    3.7241,
    3.123,
    4.732154,
    3.276374,
    4.563214,
    5.371642,
    2.603,
    4.2404,
    5.274183694127416,
    6.3745827034,
    3.8427651127,
    3.874,
    6.843212,
    3.1226,
    3.921,
    6.283,
    5.631214,
    4.696,
    5.674321,
    5.132427,
    4.781,
    3.931,
    3.1226,
    5.8372,
    4.271894,
    5.842,
    4.58,
    3.842,
    4.8623,
    4.2404,
    5.4127,
    3.1226,
    4.814,
    5.832451,
    3.9572,
    3.752,
    3.8427,
    30.275276569332473,
    5.264837,
    2.8395,
    5.8147,
    2.9694,
    3.8427191542,
    3.547812,
    3.121295,
    5.647839,
    2.364,
    5.324,
    3.847295,
    4.658731,
    5.322147,
    6.839,
    1.696,
    2.34,
    4.263573,
    4.021,
    5.1248392173,
    5.3768324271,
    4.3582741931,
    5.839274,
    4.2178395123,
    5.432187,
    3.1226,
    4.532871,
    3.874921,
    3.84211,
    4.728,
    5.2374,
    3.874562,
    4.008,
    3.9314,
    4.172018,
    5.2398473912,
    4.517,
    3.12,
    5.8372,
    3.72113,
    5.4326182741,
    5.1241629473,
    3.1246,
    4.374821,
    4.2912,
    4.587,
    5.012837,
    3.1226,
    2.8554,
    6.135,
    4.587219,
    3.7864,
    2.6023,
    22.034632735849012,
    5.7321,
    7.8420414832,
    4.5439,
    3.145762,
    4.7324893581,
    5.263487,
    5.124761932,
    5.437241,
    3.121295,
    5.2164,
    3.9314,
    4.732415,
    2.315,
    4.5789,
    3.897654321,
    2.968,
    4.156,
    4.587302,
    3.842975,
    3.698,
    4.862,
    2.4215,
    5.231,
    4.726,
    5.3478621741,
    5.276,
    5.384721,
    5.183427,
    3.1214,
    4.2627,
    6.4132457132,
    5.4362,
    3.4308,
    5.374912,
    2.03,
    3.842193,
    4.837291,
    6.3174528254,
    5.382147,
    3.714528,
    3.764,
    5.673819,
    2.9384750123,
    4.693271,
    3.1214,
    5.1234569481,
    3.874215,
    3.1214,
    4.5321,
    6.718291,
    5.231,
    6.1245,
    5.0923,
    5.2748316421,
    3.8625218347,
    5.23709,
    3.847562,
    3.847921,
    4.273857,
    5.2473,
    4.03,
    3.1226,
    3.5628749211,
    3.861,
    3.1226,
    5.231742,
    4.532174,
    3.1212956,
    3.274561,
    5.73,
    2.54593,
    3.914821,
    3.1213,
    6.1845,
    4.202,
    3.12,
    5.732,
    4.752,
    4.215803,
    4.126839,
    5.132471,
    4.276,
    1.9418,
    5.132497,
    4.7321,
    5.834271,
    6.145327,
    4.5623,
    4.873185,
    5.327,
    3.914572,
    6.131893937673928,
    2.482,
    4.8372,
    4.682174,
    4.1278,
    3.861593,
    5.237,
    2.7277,
    4.182345,
    2.858,
    5.837462,
    4.2396,
    5.3584621,
    3.921456,
    4.578,
    3.764219,
    2.364,
    3.845,
    5.327,
    2.8554,
    5.314,
    6.1478342715,
    5.2184673641,
    4.236,
    4.8761,
    5.1284793214,
    2.366,
    4.327,
    2.314,
    5.3742,
    5.11234,
    5.231147,
    2.266,
    2.492,
    5.217,
    2.34,
    3.834562,
    4.8123,
    5.294371,
    6.4376,
    3.921645,
    6.1273945152,
    4.37,
    4.2159,
    4.05,
    5.618742,
    3.1214,
    14.435971587293684,
    3.8632745912,
    3.7421,
    5.837462123456789,
    3.847591,
    2.398,
    4.1627,
    3.1226,
    5.231849,
    3.9314,
    7.284,
    4.2371,
    4.317,
    5.1329548231,
    2.5394,
    4.231,
    4.732148,
    5.7328,
    5.4321748592,
    3.7215,
    3.1213,
    4.637281,
    3.12,
    4.231,
    3.7621895421,
    5.436127,
    6.8425,
    3.121294,
    4.5871285941,
    5.314,
    2.894,
    3.758942,
    5.172814443248621,
    4.2763918421,
    3.1214,
    5.4231245871,
    4.182643578,
    3.1226,
    5.6271843121,
    3.9241,
    5.367842,
    4.317594850355552,
    5.6382,
    3.91245,
    3.7568421011,
    3.857,
    4.73,
    5.321,
    3.12134,
    5.716,
    6.054321,
    3.1226,
    2.452,
    3.94,
    3.1247,
    3.527,
    3.429,
    4.565565,
    4.823,
    3.842957,
    3.571,
    13.847262950407885,
    4.872156,
    5.631842,
    5.342917,
    3.914581,
    3.8741511627,
    3.8542,
    3.5178420371731063,
    4.8573112745,
    3.7421,
    5.7621,
    1.8324,
    2.603,
    4.2376841125,
    3.1214,
    4.5872,
    4.487236,
    5.3729,
    3.1212954,
    3.1213,
    3.123,
    3.864,
    2.466123,
    3.4296,
    6.8234115275,
    7.3421,
    3.1214,
    4.817392,
    3.1214,
    12.374935432107197,
    3.871,
    5.143,
    4.2396,
    5.321,
    2.855,
    4.839275,
    5.367,
    4.837529,
    3.0897,
    3.4286,
    4.632148765,
    2.392,
    3.932312,
    4.2396,
    6.145,
    5.2748319472,
    3.8214,
    3.862749,
    3.8764,
    4.132585,
    5.0312,
    3.124839,
    5.231,
    6.147832,
    4.8321470953,
    2.086,
    5.462,
    4.2405,
    4.6372,
    3.8125,
    4.786,
    3.427,
    4.602,
    4.327,
    3.1226,
    5.657263,
    7.8421307153,
    4.587,
    3.1226,
    3.1226,
    6.117,
    2.27886,
    2.244,
    3.8427614521,
    2.3648,
    4.876,
    3.486527,
    5.1284,
    3.4296,
    5.6831741029,
    3.931,
    13.305457591440938,
    4.6573,
    3.1213,
    3.8746,
    6.174832,
    3.1226,
    3.1213,
    13.215476167008003,
    2.316,
    6.038214,
    3.647892,
    3.9322,
    6.204931,
    6.215,
    6.12873694711254,
    3.12456,
    5.367,
    2.54,
    3.1213008206,
    4.527839,
    6.345727,
    3.4308,
    2.9386729417281456,
    5.1273,
    2.9134,
    3.9322,
    4.6923,
    4.762839,
    3.12129,
    2.736842,
    3.1214,
    5.180386,
    2.63,
    5.842713147,
    3.721128,
    3.1226,
    4.837291,
    6.342,
    3.123,
    3.5402,
    3.1226,
    3.874562,
    6.2845,
    3.1214,
    2.386,
    3.1284976425,
    2.386,
    4.8429183261,
    5.3847191621,
    4.7321,
    5.231,
    3.1226,
    5.3721,
    5.234,
    3.1226,
    3.718,
    3.964,
    4.1583928317,
    5.873214,
    5.214,
