{
  "model": "meta-llama/Llama-3.3-70B-Instruct-Turbo",
  "distribution": "Gamma(shape={shape}, scale={scale})",
  "mode": "independent_requests",
  "requested_samples": 1000,
  "generation_time": 361.5344944000244,
  "statistics": {
    "total_samples": 1000,
    "failed_requests": 0,
    "unique_values": 598,
    "unique_rate": 59.8,
    "mean": 3.752608536179566,
    "std": 0.5445736808507697,
    "min": 1.24531943886256,
    "max": 6.497121059964327,
    "ks_statistic": 0.4305599489048284,
    "ks_pvalue": 6.292400703749868e-169
  },
  "samples": [
    3.8776,
    3.1911675899389556,
    3.6731,
    4.473884549438785,
    3.247381,
    3.7719,
    3.6714,
    3.6714,
    4.4738,
    4.4738,
    3.93,
    3.4131141375521126,
    4.4738,
    4.4738,
    4.4738,
    3.46145,
    3.4611,
    3.674769,
    3.1428571429,
    3.219412559,
    3.46108,
    3.4611,
    3.4777,
    3.6714,
    3.41315705553843,
    4.5231,
    3.148065,
    3.4611,
    3.2195,
    3.6718,
    3.4611,
    3.6714,
    3.4778,
    3.9694,
    3.877831641,
    4.4736,
    3.093517,
    3.8771425972708475,
    4.4738,
    4.378147731,
    4.3787,
    3.918236844,
    3.9227,
    3.4611,
    3.2241,
    3.6714,
    3.46107,
    3.2674,
    3.9160649223337556,
    3.142857142857143,
    3.9113,
    3.67138277475374,
    3.9630628,
    3.96177,
    3.46119,
    3.674739555,
    3.142857142857143,
    3.584869,
    3.449067294793066,
    4.37862176948,
    3.8772,
    3.670829051,
    4.5231,
    3.219440178,
    3.9227,
    3.6714,
    3.6741,
    3.6714,
    3.674939942,
    4.7583,
    3.142857,
    3.449268,
    3.142875,
    3.142857142857143,
    3.142857142857143,
    3.142857142857143,
    3.142857142857143,
    3.1428,
    3.87742282,
    3.413469,
    3.46127905,
    4.423118662,
    3.1747,
    3.914,
    3.21977111843535,
    3.92934364765874,
    3.4131,
    3.461163,
    3.670475541,
    3.9227,
    3.142857142857143,
    4.4738,
    4.183098046,
    3.269,
    3.674389,
    3.4281194,
    4.4735,
    3.1427,
    4.4738,
    3.4496198866493466,
    3.149043,
    3.9248,
    4.4738,
    3.8774,
    3.8774210850837267,
    3.6747,
    3.6731,
    3.8772,
    4.4738,
    3.1938,
    3.9316,
    3.1786,
    3.674082541,
    3.67414302973752,
    3.6714,
    3.01927398644,
    3.228847962,
    2.883092043,
    3.9179,
    3.27014,
    3.148430541,
    4.473176,
    3.96154999283531,
    3.67423742903806,
    3.107546872,
    4.47381642,
    4.5231,
    4.4231,
    3.461039,
    3.4778,
    4.4238,
    3.87705258144,
    4.4738,
    4.47360154,
    3.289,
    4.5231,
    3.96487,
    3.670819287,
    4.4738,
    3.6718,
    4.4738,
    4.5231,
    3.8774,
    3.219650858,
    3.413221674127557,
    3.4131,
    3.67031882092,
    3.14329,
    4.4738,
    3.6714,
    3.473615055,
    3.142847,
    3.413157,
    4.4738,
    4.4738,
    3.2198477583829788,
    3.9317,
    3.449938519,
    3.9178,
    4.4738,
    4.183,
    3.4775318694177564,
    3.9327,
    3.149382399,
    4.4738,
    3.46107,
    3.674739938,
    3.9328,
    4.4736,
    4.4738,
    3.9227,
    4.5231,
    3.46107,
    3.249872109,
    3.9617,
    3.461,
    3.9177,
    4.5231,
    3.019236947,
    3.4610703358724266,
    3.67423750927469,
    3.96187,
    3.461538061,
    3.674093498479175,
    4.473068986,
    3.1917,
    3.6745504298354454,
    3.67473959927439,
    3.419475541062946,
    4.4738,
    4.4738,
    4.4738,
    3.9169,
    4.4738,
    3.2198762943479453,
    4.5231,
    3.461,
    4.5231,
    3.247,
    3.6714,
    4.5231,
    3.19192287929545,
    4.4738,
    4.4738,
    4.4738,
    3.247398102556,
    4.473317649,
    4.4738,
    3.6738,
    3.9613,
    3.9812,
    3.8777,
    4.4738,
    3.9249,
    3.149115,
    3.5846,
    3.2193,
    4.378,
    3.67452633199,
    3.46108,
    3.413459,
    4.3789,
    3.21988784,
    3.8772,
    3.6747394530527,
    3.1345296046876188,
    4.4738,
    3.674745835,
    3.674139986415925,
    4.4738698,
    3.6712,
    3.919221441,
    3.393048,
    3.670649901,
    3.673,
    3.96467305,
    3.142857142857143,
    4.4738,
    3.2198476577416986,
    3.9311,
    3.674809,
    3.4132793,
    3.6718,
    3.670085,
    3.9317,
    3.1143,
    4.5231,
    3.142857142857143,
    3.670815279,
    3.89940557,
    3.670859551,
    3.9217,
    3.9318,
    3.6714,
    3.46107,
    3.14979783415221,
    3.249117,
    1.24531943886256,
    3.093517,
    3.67413993942,
    4.5231,
    3.6741142338470216,
    3.673821,
    4.4738,
    3.8774,
    3.148847,
    3.6714,
    3.143519993,
    3.9617,
    3.9179,
    3.413136,
    4.4738,
    4.3783,
    3.461114581,
    3.019291835,
    4.4738,
    3.67118,
    3.413079492,
    3.149843,
    3.2194,
    3.6702924698,
    3.9227,
    3.919016601,
    3.670147,
    3.9224,
    3.67423733851,
    3.4611,
    2.193,
    3.4611,
    3.8778,
    4.4739,
    3.6738210589387905,
    3.9293547669294,
    3.2194,
    3.96187,
    3.393368536,
    3.2194418,
    3.461057,
    3.674739834,
    3.149247,
    3.393088,
    3.411849591818,
    3.8771,
    3.8771,
    3.67403906984764,
    3.8771,
    3.46108,
    3.142857142857143,
    3.461,
    3.142876549,
    3.2452199810566587,
    3.46107,
    3.670819,
    3.4618,
    3.953549355,
    4.4738,
    4.4739,
    4.4738,
    3.219478732,
    4.5231,
    3.9317,
    3.674231498,
    3.670292503,
    3.1428,
    3.2074,
    4.4736,
    3.674237,
    4.4738,
    3.4614,
    3.142857,
    3.5548,
    4.4738,
    4.4738,
    3.1147,
    3.6718,
    4.4738,
    3.9315,
    3.461059453,
    3.461059615,
    3.9618,
    3.0193619648779175,
    4.378542415107982,
    3.6743,
    3.1481,
    4.45387,
    3.9793,
    3.9178,
    3.9694,
    3.46107,
    4.4738,
    4.5231,
    3.71145846,
    4.8614,
    3.6701298640658746,
    3.014379,
    2.1932913069172564,
    3.319559453,
    6.389573,
    3.2190430677,
    3.670498,
    3.46107,
    3.44908745,
    3.2194,
    4.2835,
    3.923115847,
    3.093197,
    3.21943883606271,
    4.4738,
    3.91465696892,
    3.2194,
    4.4738,
    4.4738,
    3.461079,
    3.142857142857143,
    3.4611,
    4.4738,
    3.674739938,
    3.674783,
    3.46105641509506,
    3.461541,
    3.670819,
    3.2193,
    3.674739735,
    4.4738,
    3.671058031650561,
    3.305989,
    3.21944186,
    4.378621,
    3.142857,
    3.96163,
    3.4611,
    3.670942476388976,
    3.46107,
    4.4738,
    3.9225,
    3.91317666,
    3.6714,
    3.019199015,
    3.6719,
    4.4738,
    3.4131578158541225,
    3.899441758,
    3.9317,
    3.142857,
    3.6708595,
    3.764519,
    3.2178,
    3.1640707519754354,
    3.2194168260856184,
    3.2673,
    4.4738,
    3.9345,
    3.6714,
    3.01990543617041,
    3.8777,
    4.4738,
    4.4738,
    3.8772,
    3.461059,
    3.963,
    3.219388569,
    3.142857142857143,
    3.6714,
    3.6714,
    3.17887,
    3.219478735,
    4.5231,
    3.9231,
    3.4615,
    3.413157062,
    3.8931,
    3.6732,
    4.4738,
    3.46106,
    3.6718,
    3.01958106,
    3.9174,
    6.38960496801051,
    3.4618,
    3.85827964,
    3.9327,
    4.4738,
    4.1837,
    3.6714,
    3.219402941,
    3.919176841,
    3.477652321,
    3.1428,
    3.2194,
    3.449136941,
    3.4110571369117855,
    4.4738,
    4.4738,
    3.1428,
    3.6732,
    4.4738,
    3.4297,
    3.2671,
    3.91652131,
    4.4738,
    3.1437,
    3.46106,
    3.8772,
    3.41305772,
    3.0193617734150715,
    3.461,
    3.41312122,
    3.87784196496822,
    3.16378,
    3.670498541,
    3.4611,
    3.21943,
    3.670057237,
    3.46107,
    3.609114689,
    3.4611,
    4.4739,
    3.9643169644156857,
    3.46109,
    3.6714,
    3.1428,
    3.6747398354828285,
    3.641286925,
    3.9013,
    4.4738,
    3.67423684754,
    3.2192,
    3.9167218347368475,
    3.3938310159809557,
    3.473816835,
    3.413157,
    3.4547,
    3.6714,
    3.6714,
    3.219478732,
    4.4738,
    3.19127151,
    4.5231,
    3.91823178,
    3.769868192,
    3.6714,
    3.6714,
    3.41308365264,
