{
  "model": "meta-llama/Llama-4-Scout-17B-16E-Instruct",
  "distribution": "Gamma(shape={shape}, scale={scale})",
  "mode": "independent_requests",
  "requested_samples": 1000,
  "generation_time": 280.6116313934326,
  "statistics": {
    "total_samples": 1000,
    "failed_requests": 0,
    "unique_values": 121,
    "unique_rate": 12.1,
    "mean": 3.5656552258460086,
    "std": 0.08323698902065578,
    "min": 3.295422,
    "max": 3.943152,
    "ks_statistic": 0.49477043407493726,
    "ks_pvalue": 1.4852547984803476e-226
  },
  "samples": [
    3.579912,
    3.579912,
    3.579876,
    3.579876,
    3.943,
    3.579495,
    3.579876,
    3.5796565204,
    3.515743,
    3.579427,
    3.579876,
    3.579876,
    3.579495,
    3.515743,
    3.579876,
    3.515333,
    3.579427,
    3.515743,
    3.421743,
    3.579876,
    3.579876,
    3.579912445,
    3.63535,
    3.579135,
    3.579893926,
    3.579876,
    3.579876,
    3.579495,
    3.579876,
    3.579135,
    3.515743,
    3.579876,
    3.421124609,
    3.579051,
    3.421372,
    3.579912429,
    3.579876,
    3.63535,
    3.579876,
    3.515743,
    3.579796,
    3.579245,
    3.579876,
    3.579876,
    3.579876,
    3.515,
    3.579876,
    3.635077,
    3.515743,
    3.579425,
    3.579427,
    3.421,
    3.579912445,
    3.579876,
    3.421321,
    3.579425,
    3.579876,
    3.57999086,
    3.579566,
    3.579876,
    3.421469,
    3.635912,
    3.579876,
    3.579876,
    3.421,
    3.515743,
    3.579876,
    3.579245,
    3.579876,
    3.579876,
    3.579425,
    3.579051,
    3.579135,
    3.579876,
    3.515743,
    3.579876,
    3.579914,
    3.579876,
    3.579876,
    3.579876,
    3.579595061,
    3.579876,
    3.29583687,
    3.943,
    3.579876,
    3.579876,
    3.421,
    3.421,
    3.63535,
    3.579876,
    3.579135,
    3.579425,
    3.579425,
    3.943,
    3.579876,
    3.579425,
    3.579912,
    3.579876,
    3.579551,
    3.579756,
    3.63535,
    3.421058571,
    3.579876,
    3.579876,
    3.579876,
    3.579656152,
    3.579756,
    3.579499,
    3.515,
    3.579876,
    3.421,
    3.579245,
    3.943,
    3.579796,
    3.579876,
    3.515743,
    3.579876,
    3.515743,
    3.579756471,
    3.579893926,
    3.579912445,
    3.579876,
    3.63535,
    3.421749,
    3.515743,
    3.579876,
    3.57999,
    3.295787,
    3.579876,
    3.421027191,
    3.579876,
    3.421743,
    3.63535,
    3.579876,
    3.579876,
    3.421027191,
    3.579595,
    3.579876,
    3.295636,
    3.579796,
    3.63535,
    3.579876,
    3.943,
    3.579876,
    3.515743,
    3.579914,
    3.943151,
    3.579566,
    3.421743192,
    3.421058571,
    3.579656471,
    3.579876,
    3.579876,
    3.579876,
    3.421032945,
    3.579876,
    3.579876,
    3.63535,
    3.457621,
    3.579495,
    3.579425,
    3.515743,
    3.579876,
    3.579876,
    3.579656893,
    3.579876,
    3.635077,
    3.579595,
    3.579551,
    3.579876,
    3.579495,
    3.579912,
    3.579656185,
    3.579245,
    3.579876,
    3.421032945,
    3.515743,
    3.579876,
    3.579876,
    3.635912,
    3.579876,
    3.579912,
    3.421743,
    3.579876,
    3.63535,
    3.515,
    3.579876,
    3.579876,
    3.579796,
    3.579912,
    3.579876,
    3.579876,
    3.579876,
    3.579595,
    3.579425,
    3.421135,
    3.421372,
    3.579876,
    3.579876,
    3.579756,
    3.515743,
    3.579876,
    3.457698,
    3.515,
    3.579876,
    3.515,
    3.579876,
    3.635,
    3.579135,
    3.579650680529,
    3.42101764,
    3.579876,
    3.579595,
    3.515,
    3.515743,
    3.579876,
    3.5796506805,
    3.515743,
    3.579876,
    3.579275,
    3.579912445,
    3.943,
    3.579876,
    3.579495,
    3.579495,
    3.579990475,
    3.579275,
    3.635077,
    3.579656612,
    3.579425,
    3.579914,
    3.515,
    3.421743,
    3.579495,
    3.579656155,
    3.579876,
    3.635077105,
    3.579135,
    3.63535,
    3.515,
    3.579275,
    3.5796506806,
    3.579427,
    3.515743,
    3.579912,
    3.579876,
    3.421372,
    3.579876,
    3.579876,
    3.579876,
    3.579876,
    3.579656615,
    3.421372,
    3.63535,
    3.421372,
    3.579876,
    3.421743,
    3.421743,
    3.579876,
    3.63535,
    3.579425,
    3.579912,
    3.579876,
    3.579876,
    3.579876,
    3.579656265,
    3.579495,
    3.943,
    3.579876,
    3.579051,
    3.579912,
    3.579876,
    3.579876,
    3.579876,
    3.579495,
    3.579912,
    3.579656303,
    3.943152,
    3.579245,
    3.943,
    3.579912,
    3.421372,
    3.579876,
    3.579912445,
    3.579876,
    3.579876,
    3.421743029,
    3.421872,
    3.579876,
    3.579912,
    3.579427,
    3.63535,
    3.579914478,
    3.579876,
    3.579275,
    3.579876,
    3.579893,
    3.579425,
    3.515,
    3.515743,
    3.515,
    3.579876,
    3.579912,
    3.635077,
    3.579876,
    3.579756,
    3.63535,
    3.515,
    3.63535,
    3.579893,
    3.579656061,
    3.515,
    3.579876,
    3.579876,
    3.579275,
    3.413,
    3.579876,
    3.579495,
    3.579876,
    3.579876,
    3.579876,
    3.515,
    3.579876,
    3.579876,
    3.515743,
    3.579893926,
    3.579595,
    3.457621,
    3.579876,
    3.421749631,
    3.579245,
    3.579495,
    3.579876,
    3.579135,
    3.515743,
    3.579912,
    3.579912,
    3.579051,
    3.579912,
    3.579893,
    3.579876,
    3.421743836,
    3.579876,
    3.579876,
    3.579914,
    3.579876,
    3.579495,
    3.579876,
    3.579275,
    3.515743,
    3.579427,
    3.579876,
    3.579876,
    3.579425,
    3.579876,
    3.579914478,
    3.515743,
    3.943,
    3.515743,
    3.579876,
    3.579876,
    3.515,
    3.5796569709,
    3.579495,
    3.579876,
    3.579425,
    3.943,
    3.579876,
    3.63535,
    3.579656303,
    3.579656387,
    3.579495,
    3.579425,
    3.579876,
    3.579876,
    3.579876,
    3.579135,
    3.579876,
    3.579876,
    3.57965068054,
    3.579876,
    3.579876,
    3.579595,
    3.579425,
    3.579051,
    3.579876,
    3.635077,
    3.579876,
    3.579876,
    3.63535,
    3.63535,
    3.579876,
    3.579876,
    3.515743,
    3.579876,
    3.421372,
    3.579275,
    3.579495,
    3.579876,
    3.579912,
    3.579876,
    3.579595,
    3.579495,
    3.421372,
    3.579876,
    3.421027471,
    3.515,
    3.579876,
    3.579876,
    3.515,
    3.515,
    3.579245,
    3.63535,
    3.579876,
    3.515,
    3.579051,
    3.635077,
    3.579756,
    3.579876,
    3.579876,
    3.579876,
    3.635077,
    3.579796,
    3.579427,
    3.579275,
    3.63535,
    3.579876,
    3.579245,
    3.579495,
    3.943,
    3.57999086,
    3.515743,
    3.515743,
    3.579912445,
    3.579876,
    3.579876,
    3.579876,
    3.515743,
    3.421058571,
    3.579876,
    3.579876,
    3.295787,
    3.579275,
    3.515,
    3.579656427,
    3.579876,
    3.579876,
    3.579876,
    3.515,
    3.579425,
    3.579876,
    3.579876,
    3.579876,
    3.579876,
    3.579656894,
    3.579876,
    3.515743,
    3.579656231,
    3.579912,
    3.515743,
    3.579876,
    3.579876,
    3.579495,
    3.579876,
    3.635077,
    3.579876,
    3.579275,
    3.57999,
    3.579912,
    3.579656,
    3.421273,
    3.57999,
    3.579245,
    3.579893,
    3.579876,
    3.579876,
    3.579876,
    3.579876,
    3.579663893,
    3.421743,
    3.579275,
    3.579427,
    3.579876,
    3.579876,
    3.515,
    3.579876,
    3.421463,
    3.579876,
    3.579656615,
    3.515743,
    3.515743,
    3.579566,
    3.579893926,
    3.295636,
    3.579876,
    3.579245,
    3.579876,
    3.515743,
    3.421042,
    3.579876,
    3.579595,
    3.63535,
    3.579912,
    3.579876,
    3.515743,
    3.579876,
    3.579876,
    3.579656427,
    3.421032945,
    3.579425,
    3.579876,
    3.579876,
    3.579425,
    3.579876,
    3.579876,
    3.579425,
    3.579876,
    3.579876,
    3.635077,
    3.579876,
    3.635077,
    3.515,
    3.515743,
    3.579876,
    3.579912,
    3.57999,
    3.943,
    3.635912,
    3.579876,
