{
  "model": "mistralai/Mistral-Small-3.2-24B-Instruct-2506",
  "distribution": "Gamma(shape={shape}, scale={scale})",
  "mode": "independent_requests",
  "requested_samples": 1000,
  "generation_time": 438.578665971756,
  "statistics": {
    "total_samples": 1000,
    "failed_requests": 0,
    "unique_values": 920,
    "unique_rate": 92.0,
    "mean": 4.422667205733094,
    "std": 1.7296554730767058,
    "min": 0.253,
    "max": 13.64921718146175,
    "ks_statistic": 0.3184878781613316,
    "ks_pvalue": 1.0471935676924063e-90
  },
  "samples": [
    4.57721821589436,
    5.193247,
    7.024384516704296,
    6.870345291623227,
    5.136911,
    3.859866,
    6.12345678,
    3.142754,
    9.412658372161165,
    4.356892,
    4.305628567,
    4.386021543274016,
    4.1236789,
    3.12467505036517,
    8.31250248676,
    4.318292401630202,
    5.12876423,
    3.214785464885771,
    8.321645348,
    5.123487293,
    4.123456789,
    5.123456789,
    3.4572,
    3.36674706,
    4.923516838423174,
    4.1236,
    3.486152225765214,
    5.3420816,
    3.245167,
    4.52713,
    3.17680509886727,
    3.12456,
    4.65192177463,
    1.6187213453897833,
    4.812365968,
    4.241720893,
    5.48284048199,
    5.1234687213,
    4.178065,
    4.670132343,
    4.235789,
    3.21456789,
    4.1352187,
    5.234165871,
    4.103641,
    3.142987654321,
    1.542341,
    3.2123456789,
    5.1234,
    4.28595899850944,
    5.238412,
    4.530127,
    4.378211,
    3.17364862105362,
    3.4556,
    2.4134756789,
    2.647129474,
    7.123456789,
    6.183572342,
    4.379816270707379,
    3.45001,
    3.185621,
    6.34521,
    6.175349,
    6.123456789,
    6.324571428571429,
    3.7512,
    3.146722568427622,
    3.1146307733658,
    2.1456789,
    4.1237,
    7.834652,
    3.45621,
    4.620618766,
    7.183292,
    5.3248875122919,
    2.13456789,
    3.73029704,
    4.3167,
    3.141562,
    3.1246758423,
    3.171719,
    3.780639370194507,
    6.123456789,
    3.54372,
    4.232,
    10.532962370938616,
    4.5639234,
    4.523562,
    8.5123456789,
    3.125642,
    3.516849,
    4.208099239,
    3.793641632612256,
    5.1342486905335,
    4.157282011390604,
    6.12735,
    5.123456789,
    5.432139511,
    3.451287662439112,
    6.377212971248117,
    6.217345,
    7.125634892,
    4.3472,
    5.62341928,
    6.32341,
    3.498155010440158,
    4.670734212,
    2.145,
    3.621741,
    11.2543898725,
    4.686791095770473,
    4.6129,
    7.823167624906292,
    3.89321,
    3.12456,
    13.64921718146175,
    3.512981652,
    3.5221,
    2.341956107,
    2.345789012,
    4.681379,
    4.563218765,
    4.65872236596427,
    6.123456789,
    4.87621,
    5.14678,
    4.6584215,
    4.347646329671398,
    6.18119683947045,
    4.823451027,
    1.973845671,
    4.351827,
    2.702773971,
    1.872567,
    3.141592653589793,
    3.78211,
    5.316,
    4.128925633,
    5.13842766,
    3.462187,
    3.1842714471,
    8.40201,
    5.38621,
    4.391561563925571,
    6.73140099,
    2.042345678,
    6.30012,
    1.2389174,
    1.872345,
    4.2356789,
    4.357219114322397,
    3.671873442652318,
    4.123456789,
    5.1923,
    4.281633145495567,
    5.1234567852,
    2.135,
    3.720651485535157,
    2.341256789,
    4.892,
    1.5672345,
    3.425710241,
    3.5345,
    3.638077563518643,
    3.7188791349619947,
    5.724828093330939,
    3.453876250824973,
    2.45123,
    2.489296938802721,
    4.34015623,
    4.201489,
    3.268759,
    4.12387654,
    2.413,
    5.123456789,
    5.23429817,
    3.18629235,
    3.805566143494016,
    3.4549,
    6.123456789,
    4.91566336,
    3.450021803,
    5.123456789,
    6.12837,
    4.1862814132,
    3.42567918932,
    3.541237654,
    4.123,
    5.380765,
    3.16232456789,
    4.186458,
    3.4826,
    3.874212127431716,
    3.2402465,
    9.6825421,
    3.1256789123,
    3.456789,
    7.3456,
    3.14562837,
    8.35619324,
    4.213574885035976,
    4.692238,
    4.1237,
    6.837163526,
    5.986291038,
    3.621871,
    4.123456789,
    3.45678,
    1.35069542354,
    3.8167005733349435,
    5.6789,
    1.0123456789,
    1.08762135,
    1.8245406191079414,
    3.2146820445386197,
    5.366127324,
    8.17345623,
    5.1872412340983,
    3.24159,
    7.823451237,
    2.345678,
    4.678591236,
    4.35621,
    9.147238456,
    5.462100230301731,
    2.446812,
    5.18123456789,
    5.483256653,
    3.701990624223102,
    4.374215394739997,
    5.123456789,
    4.21764114832,
    3.45246714,
    1.87965412,
    4.52316718681868,
    4.16,
    3.00627329,
    3.012456789,
    4.324839636060322,
    8.1358,
    3.4528124,
    1.9248178164570027,
    1.23456789,
    3.404440708124611,
    6.705742931548945,
    9.486534287,
    6.123456789,
    3.072497655,
    3.45827534,
    4.602247178107755,
    3.885286414,
    4.611942150516499,
    5.123456789,
    3.124689,
    3.12456192,
    4.68532112,
    5.621345,
    5.2319,
    5.628129,
    3.458211,
    4.523127,
    8.12346794,
    2.486,
    3.14159265,
    3.124890255483286,
    2.14837586810716,
    4.567389,
    6.3406,
    5.234089,
    8.235647,
    5.82311234,
    5.829845346,
    4.672018558229471,
    7.883462300600523,
    4.5369,
    3.5702049301214105,
    4.729651032300331,
    5.143287654,
    2.718281828459045,
    3.45678923,
    8.356284182163224,
    2.1357,
    3.817421,
    7.35892314526,
    5.123857,
    5.123456789,
    3.1866640516,
    3.678921451,
    3.458214,
    4.1823,
    4.113215,
    9.2146583506,
    3.557094,
    4.701753624,
    3.1412013672560546,
    7.123456789,
    4.3216,
    6.512345678,
    3.012456789,
    7.841234123,
    5.43721298,
    7.342829,
    8.234567,
    4.123456789,
    5.768192,
    4.092103612165852,
    3.45214267052,
    6.12487,
    2.163314803346539,
    5.679231,
    5.936051,
    2.471658132,
    8.134567,
    7.34821592867,
    2.14531207889,
    3.115,
    5.2347829347,
    5.1234689271,
    9.012345678,
    4.2649950489,
    4.68672,
    4.232419261564462,
    3.45782412587,
    5.123456789,
    7.234,
    3.8436,
    4.123598653,
    9.23362015664,
    4.521866188236517,
    3.444321,
    5.123456789,
    4.611993346,
    4.683,
    3.4213856,
    4.368221964460239,
    4.3709,
    2.791873601234567,
    3.142685,
    5.023177421902839,
    5.14237196130771,
    3.41279456,
    4.6860141343832,
    2.6789234512,
    5.1234,
    1.3456789,
    5.1358992696,
    4.3126,
    4.787312633,
    2.87654321,
    2.1836,
    4.483547,
    3.24120136,
    4.1782329602,
    3.45678234,
    3.28242672232164,
    7.424129113865227,
    1.8670123456789,
    3.41287612345,
    4.12312345587895,
    4.783346,
    5.37134234192119,
    7.825161150241953,
    4.678037236,
    4.5623187,
    4.218872,
    8.347621944860416,
    8.013456789,
    1.732593692413245,
    3.1415926535,
    5.1943,
    9.40842135623731,
    4.629264764123404,
    4.574236027736329,
    9.41236,
    6.820902385222385,
    5.123456789,
    2.104402742500373,
    3.141592653589793,
    4.9890762342,
    4.16856834,
    3.141592653589793,
    3.745215,
    3.45175,
    3.14528675,
    2.453102749806049,
    3.144283,
    5.12345678,
    4.286442341584576,
    4.58272832460933,
    5.23421,
    8.27156,
    3.148965,
    5.12341234567,
    1.992923936125927,
    2.6891,
    3.5829,
    4.760657342854032,
    5.8329932,
    4.67642930701181,
    3.12781934684,
    3.572145396,
    2.176476335832242,
    6.47832,
    5.1452360104,
    3.4126,
    3.425912642,
    4.1253661,
    4.688433,
    4.718752373,
    5.123456789,
    3.489274,
    4.933241,
    4.645,
    8.43721546068,
    4.2101,
    4.127219,
    5.1342,
    3.425483677,
    4.096383912,
    5.183129,
    4.59202936259,
    4.123456789,
    7.123456789,
    5.234189055,
    9.31142738685,
    2.3456789,
    4.352728039324312,
    6.423120577438367,
    5.826,
    3.571341283021402,
    5.123456789,
    2.13597,
    3.451238,
    4.623893,
    7.465243872009043,
    5.123456789,
