{
  "model": "moonshotai/Kimi-K2-Instruct-0905",
  "distribution": "Gamma(shape={shape}, scale={scale})",
  "mode": "independent_requests",
  "requested_samples": 1000,
  "generation_time": 593.7970507144928,
  "statistics": {
    "total_samples": 1000,
    "failed_requests": 0,
    "unique_values": 767,
    "unique_rate": 76.7,
    "mean": 5.100668452579564,
    "std": 1.7986713266755265,
    "min": 0.391,
    "max": 14.928,
    "ks_statistic": 0.3557070467927105,
    "ks_pvalue": 1.0015184093686739e-113
  },
  "samples": [
    7.13,
    7.243891,
    3.847621,
    11.223,
    3.917,
    6.837,
    3.6471829,
    5.238476,
    5.378,
    1.470883,
    7.316,
    5.774,
    5.927,
    5.124,
    5.427,
    5.837,
    3.846912,
    3.142,
    4.736815,
    4.859306,
    3.712846,
    5.378,
    5.473891,
    3.847164,
    4.738192,
    4.388971,
    5.47,
    5.190941706087878,
    6.724,
    5.638,
    5.827,
    3.715482094,
    5.127,
    3.867219,
    10.572,
    5.847,
    6.784,
    5.876423,
    6.743,
    5.167382,
    1.0194,
    3.8624,
    7.483918,
    9.4637,
    5.677,
    5.127961,
    3.847,
    3.195,
    6.837,
    1.374,
    5.127,
    7.124166039,
    3.241,
    6.423,
    7.024,
    6.74,
    7.837621,
    5.771,
    3.716024189,
    4.616,
    7.8421,
    5.827,
    5.527,
    6.931,
    7.843,
    6.837,
    5.583,
    6.412936,
    3.847,
    5.824,
    7.916,
    5.89,
    4.688,
    3.917,
    4.6721,
    12.3476,
    3.7246,
    5.847362149,
    3.027,
    6.738,
    5.617,
    6.743,
    7.1491,
    5.437,
    5.417,
    0.391,
    5.638249,
    6.837,
    5.527,
    4.302,
    4.318,
    6.874,
    5.827,
    2.337,
    4.761,
    3.847291,
    7.846,
    4.635189,
    5.7381,
    2.847193,
    3.827,
    6.8472,
    3.275,
    6.847319,
    6.426,
    5.247861,
    6.847,
    6.074,
    3.4217,
    6.8473,
    5.127,
    7.837,
    9.208,
    6.7429,
    8.4463,
    5.629,
    6.4372,
    5.9273,
    4.327,
    5.838,
    6.198,
    2.63917,
    7.8349,
    6.283,
    5.938461204,
    2.537,
    7.042,
    2.843,
    6.517,
    7.4832,
    7.638194,
    11.29,
    5.637,
    3.847,
    6.744,
    2.186,
    5.827,
    3.917628,
    2.154792,
    5.265,
    5.237891,
    9.274,
    7.634,
    7.2436,
    6.283,
    6.524,
    3.271,
    3.967842,
    7.4831,
    5.839104,
    5.478291364,
    5.4371,
    5.847364,
    7.842163,
    4.873,
    8.654012,
    7.238465,
    2.8476,
    1.573816,
    6.018,
    6.837419,
    3.847216,
    5.864382,
    3.8472,
    7.619,
    5.882,
    4.899,
    9.147283,
    6.283,
    5.684,
    3.446,
    7.314,
    6.127,
    4.387,
    2.847,
    9.437,
    5.372196,
    3.273,
    3.823,
    5.267349,
    6.74,
    6.837,
    2.8473,
    7.328,
    5.834739,
    4.7291,
    7.8543,
    5.837214,
    3.847926,
    3.867204,
    6.748,
    3.287,
    5.742,
    7.324,
    4.52378,
    3.859162,
    5.427,
    5.227,
    6.973042,
    4.713806,
    3.84719,
    2.09415,
    6.459,
    3.212,
    7.864,
    6.837,
    4.643791027,
    5.867834,
    7.431825,
    5.483,
    5.476,
    6.241,
    5.305,
    7.238,
    5.623,
    6.837,
    5.847364,
    9.876,
    4.398752364,
    5.837,
    5.416,
    4.173,
    3.614,
    4.8372,
    4.631,
    6.8247,
    7.63,
    5.783,
    7.483291,
    6.437,
    5.173,
    3.847214,
    3.141592,
    3.4276,
    3.847291,
    5.638,
    5.843219,
    4.762,
    3.472,
    4.326,
    5.837,
    3.104,
    3.217846,
    5.87,
    2.764583,
    2.847362,
    4.977238,
    5.468,
    7.638294,
    3.8367,
    2.446,
    4.192,
    5.378,
    3.47,
    3.214,
    3.8472,
    4.63,
    3.896145,
    7.184,
    5.3184,
    1.087193,
    5.823,
    3.1415926535,
    3.847216,
    3.674,
    3.7418,
    6.738,
    4.16,
    7.638192,
    5.847362,
    5.735148,
    3.4271,
    7.438,
    3.486,
    3.715,
    4.318,
    3.247,
    3.841,
    3.84726,
    6.738,
    5.271,
    1.847,
    5.743,
    5.027,
    7.894,
    5.617,
    3.886794,
    6.247,
    3.478,
    3.847,
    3.714208,
    5.827,
    3.517,
    7.483196,
    5.437,
    6.873,
    3.847,
    3.847629,
    5.837,
    3.847,
    5.157,
    5.842,
    2.364891,
    4.382,
    2.2847,
    5.8473,
    3.16,
    6.847291,
    3.648192,
    9.87,
    3.626,
    5.743891,
    9.4147,
    4.683,
    3.216,
    5.812734,
    1.787,
    5.876892,
    5.603,
    5.377,
    2.458,
    5.427326381,
    2.874,
    6.742,
    10.37,
    6.847,
    1.8143,
    3.847362,
    3.527,
    6.738,
    6.562,
    3.917624,
    3.125967834,
    4.387,
    3.4276,
    3.8472,
    2.638,
    4.21,
    5.847163,
    5.847,
    7.4839,
    3.847291,
    3.847264,
    3.241786,
    3.427,
    7.42813,
    7.847,
    2.836491,
    5.173,
    5.327,
    5.1847,
    5.847,
    2.768417,
    4.168,
    7.238164,
    5.847312904,
    3.742,
    5.127364,
    7.834,
    5.321847,
    7.14,
    7.6342,
    7.412036917,
    7.231,
    3.478,
    4.138927,
    7.381,
    3.847162,
    6.183492,
    5.47,
    7.638219046,
    7.83,
    6.2847,
    2.634,
    1.243,
    2.438716,
    6.238147,
    3.846219,
    3.412,
    2.387,
    5.237,
    2.8476,
    3.762,
    2.756194,
    5.838429167,
    6.857,
    4.927318461472,
    3.8476,
    4.283,
    4.694,
    4.523,
    3.724,
    3.218,
    4.768287,
    5.847,
    7.823416901,
    7.2341,
    2.748936,
    3.827,
    5.837,
    3.847,
    7.8642,
    8.47,
    3.74,
    5.9271,
    3.214,
    4.6718,
    3.84762,
    5.847,
    4.3892,
    3.847296,
    3.847621,
    6.183924,
    6.783214,
    5.1824,
    3.214,
    5.4613,
    5.426,
    3.267418,
    3.478,
    6.9274,
    5.826914,
    7.342,
    6.287,
    6.738,
    5.847361,
    5.483,
    5.483,
    5.32671492,
    4.327,
    3.847,
    7.236,
    3.847291,
    5.847,
    3.847192,
    5.326847,
    3.847291,
    4.738195,
    3.764,
    4.819274,
    1.476,
    6.2473,
    5.837,
    3.17,
    3.847291,
    3.847216,
    5.423,
    5.684729,
    3.8472,
    3.764812,
    7.4921,
    1.752,
    3.682451907,
    3.847263,
    5.417,
    6.38,
    3.266,
    3.8476,
    7.382,
    3.256,
    2.847,
    2.873,
    7.634219,
    5.642,
    1.238,
    4.71,
    6.427,
    5.273196,
    5.827316,
    6.3741,
    5.438,
    4.285,
    7.238915,
    4.627,
    3.427816,
    3.287,
    5.837,
    5.73468921,
    4.317,
    7.4831,
    5.4831,
    3.84726,
    5.28361,
    3.847166,
    3.287,
    9.36,
    5.473,
    7.238915,
    3.8247,
    7.6349,
    5.743,
    5.317,
    4.637182918,
    5.847,
    7.143,
    7.2314,
    7.483,
    3.428,
    6.5274,
    5.8672,
    2.609,
    3.287,
    7.634,
    5.47,
    2.831,
    6.745,
    5.327914,
    3.86,
    5.827,
    1.607,
    6.847932,
    6.243,
    1.874,
    5.847,
    6.847,
    5.837,
    4.865139,
    5.241896,
    9.433,
    5.328,
    3.272,
    5.847,
    5.473,
    5.9281,
    4.8231,
    5.831,
    4.328,
    5.847,
    2.8476,
    7.461382,
    5.468193,
    3.724,
    5.438,
    4.873,
    7.3264,
    5.327894,
    4.126,
    7.32,
    5.837,
    3.248,
    7.863,
    8.317428401,
    3.772,
    2.438916,
    3.412,
    3.817291946,
    6.742,
    5.61,
    4.836219,
    6.4231,
    2.847,
    3.742,
    6.483,
    7.384,
    4.238,
    4.574891,
    5.838,
    6.428,
    4.327,
    3.417,
    5.67,
    3.724836,
    9.82,
    5.437,
    5.739164,
    5.793,
    5.764382,
    1.238479,
    5.827,
    7.842193,
    3.781,
    7.238441,
    2.467,
    4.571,
    2.9487,
    3.847,
    5.738,
    5.827,
    2.362,
    2.604781,
    5.378916428,
    5.847,
    7.384192,
    3.166,
    5.632,
    7.634,
    1.173,
    7.23,
    3.212,
    6.738415,
    5.837,
    5.423,
    5.4472,
    4.483,
    4.8362,
    6.472,
    3.141592653589793,
    5.847,
    3.8471,
    7.8346,
    4.071836,
    3.124,
    2.847361,
    5.2386,
    4.618,
    3.756192,
    2.3647,
    1.937,
    5.427,
    6.423,
    3.876,
    6.345,
    6.478192,
    3.847261,
    4.263817,
    3.174,
