{
  "model": "google/gemma-3-27b-it",
  "distribution": "Gamma(shape={shape}, scale={scale})",
  "mode": "batch_generation",
  "generation_time": 229.43747639656067,
  "statistics": {
    "requested_samples": 1000,
    "total_samples": 352,
    "deviation_pct": -64.7,
    "unique_values": 353,
    "unique_rate": 100.0,
    "mean": 1.9400820515405899,
    "std": 1.3417321007813665,
    "min": 0.0378206784721606,
    "max": 9.290623694695766,
    "ks_statistic": 0.3508898093092342,
    "ks_pvalue": 2.305102314493196e-39
  },
  "samples": [
    1.0,
    3.252315596288054,
    0.6679377054239206,
    1.076242742839312,
    2.168943489578773,
    3.768372314052472,
    0.2241649333173984,
    1.589231769863837,
    1.6348879021105525,
    4.449228394842933,
    0.2589017483448447,
    0.378130938445681,
    1.417937629971881,
    0.5538156880172777,
    1.422751157747913,
    1.8182371057346385,
    2.282144973172394,
    0.16974367953008695,
    2.246882226655694,
    2.4572243082340357,
    0.06498835071563971,
    0.8590176564533748,
    1.1640253539900047,
    4.298356772901767,
    0.8965521875520144,
    3.5839155679496906,
    0.1582686675616942,
    1.045074107014753,
    2.4026841169136994,
    3.014971598590333,
    1.973296625559865,
    2.008538148398184,
    1.0678521782658656,
    0.9229888008615983,
    2.448908244071409,
    3.1661201052991794,
    0.4906752655794875,
    2.538150631681085,
    3.7734205658617874,
    0.9732148721320198,
    1.7081544577033048,
    2.4241831252489723,
    0.11501395079786535,
    2.491079932949679,
    3.269509296133666,
    0.689597660983761,
    0.3653656571199171,
    2.1642057835306163,
    3.1802502613560946,
    1.964194733301278,
    1.4800663661707645,
    4.789771489925801,
    3.746691201803463,
    0.3163601489684919,
    2.378493935133826,
    2.2245142016193125,
    0.4284938296473147,
    3.624819590470691,
    1.3292311324014088,
    0.3989577621775898,
    0.8684654810873998,
    1.2596292187957967,
    0.10345371646656687,
    2.730985746421376,
    3.2531995512866816,
    0.3751334695540731,
    1.368821448119452,
    4.433141144568268,
    2.2686906433006233,
    4.58860565948575,
    0.11237797867055364,
    1.4258870922976872,
    0.3845148917037615,
    3.502794116273548,
    3.4675544562265133,
    2.072164137693046,
    2.836409379681884,
    1.266774660356422,
    2.945245816888813,
    0.3744353549326424,
    1.6219390771526443,
    0.1391843116972112,
    0.11685031674048434,
    1.7970468489080815,
    3.214189975925215,
    0.4741924963989674,
    4.432631847490311,
    2.8644348617639586,
    3.1303785892488785,
    4.883703262708339,
    0.3422906091087348,
    2.859238571459349,
    2.380497572140207,
    0.7885310729402287,
    1.579699358473159,
    2.539884299185788,
    0.3847633767031834,
    0.35579392079590955,
    1.968835848652108,
    2.206252219390951,
    0.2216186214347374,
    3.6124798005112435,
    1.4276915469260554,
    0.9029844554949066,
    3.247156492529245,
    1.7716142969738131,
    1.5228354455783963,
    3.385850722606875,
    1.7392875689626766,
    1.328965190604756,
    0.9174196641969766,
    0.3799968583885702,
    3.5145217747041944,
    1.603254770599875,
    1.4914429394998447,
    1.4835504154160934,
    2.714047499269733,
    4.654726704513589,
    0.1376512366442119,
    0.4957801214589183,
    2.825532189772359,
    0.4915610251917162,
    2.066905945433234,
    2.335951100099956,
    0.7004193691577818,
    0.11485458303535745,
    3.3027876030936527,
    2.7174006877970616,
    3.473219528013195,
    0.9779878154371151,
    1.7118042888962028,
    2.146269666116433,
    0.2512204025926069,
    2.127953623297167,
    1.736051761895441,
    1.3873853360278439,
    0.2151665898867988,
    1.8043479462352294,
    3.643170804543817,
    1.1087211839116378,
    4.426422237106182,
    2.7091775341218076,
    2.332440833547511,
    1.8071776676538842,
    2.593169202102313,
    9.290623694695766,
    0.6544695578281307,
    0.2816074290401138,
    2.217852362213022,
    4.145284371393569,
    3.477222138301768,
    1.3387462967792942,
    0.7170879880471739,
    2.6693090497918166,
    1.8112541066636862,
    3.4071139913947555,
    3.212437940983346,
    1.1219408944132965,
    1.7110412729862736,
    0.9639506199304153,
    2.3998429906300824,
    3.834915854897746,
    0.18245963931588874,
    2.1593737564219397,
    0.9847907017661836,
    3.981290496990987,
    4.152670402671674,
    1.1444608150707731,
    2.8970417911450443,
    1.847847678885957,
    1.043512773996754,
    4.648890449243391,
    3.468555817001411,
    2.0092518238585115,
    0.3264484953372181,
    2.0654018344046756,
    0.6534705600377952,
    1.0004312578974748,
    1.128019830730158,
    1.4081654733791114,
    0.7087782502480824,
    3.163624403248416,
    3.653460415734523,
    0.30995902270078096,
    0.5142768481893495,
    2.8572694079691145,
    2.283857313304288,
    1.5605921959661273,
    3.1510199808858,
    2.1763572731864453,
    3.819395503203281,
    1.1431478192766753,
    3.27449749041491,
    2.721878894193002,
    0.142357049648168,
    0.6417485910574388,
    0.26541370480379517,
    3.440843738024845,
    4.572131977595789,
    3.255610190682731,
    2.4629605118816777,
    2.219514649903877,
    1.134335843922175,
    1.324369316947671,
    0.10349877755088305,
    0.7683992532232689,
    4.308607914017135,
    2.538092761985255,
    0.9803092533724416,
    2.551554122665501,
    2.476911439730936,
    0.5418280971123424,
    4.265895828909341,
    1.190338929878638,
    0.3928799167239765,
    3.597785102966845,
    0.6427124235089172,
    1.4137105179115619,
    2.4213144545056635,
    2.427878518157375,
    0.525507709971404,
    0.5497962708963873,
    0.773781352644265,
    3.4647987855291786,
    3.1260731432267552,
    1.7184065161688236,
    3.281283128789355,
    1.2966575758581662,
    0.3754666720997627,
    2.416060435007583,
    1.1817577895616254,
    1.2464316252226697,
    2.0446589469095153,
    1.2178552404831773,
    0.5918372440709337,
    4.171231638263148,
    0.11851195999281983,
    1.2096656339063339,
    0.6642361294451546,
    1.5463105565554434,
    1.5649961109446104,
    1.1117854435003012,
    0.06680630753804477,
    2.3445051322938366,
    3.491223771457596,
    2.864756703203366,
    0.5716651862155357,
    3.210316582541607,
    3.3177151917196914,
    1.6538409106487748,
    1.1282826156163823,
    0.15794671973005103,
    0.7528751463721044,
    0.9460369822766788,
    0.6938254070792915,
    2.8915328203004003,
    1.413697563056761,
    2.069011837842784,
    0.4202971508964222,
    1.5654302484099358,
    4.187769817780731,
    1.8107183145483003,
    4.449917472325827,
    0.49541145429841493,
    3.2929887497535852,
    2.018949575293495,
    3.313027867044202,
    3.457247361160823,
    0.6854902091850184,
    0.8413396399791193,
    0.8999682444576736,
    1.4425178297107648,
    0.8675434344861449,
    2.112924907260101,
    2.7644704939187705,
    1.4998069046151783,
    0.13204817797260487,
    0.2964949434665999,
    2.4338003144311404,
    0.5893163315761956,
    1.7961118070775495,
    3.04975319828034,
    4.783745418508449,
    1.9686221693510682,
    3.770139980189025,
    1.5993907087341006,
    0.22970018843215922,
    1.348815233617668,
    4.280487675896324,
    0.5192652442977053,
    0.956691538585744,
    4.514169557955373,
    4.524167358550162,
    1.0003577324609187,
    1.1195294433858969,
    3.510735944232378,
    1.1385628096622036,
    4.347592800683492,
    0.299386875410049,
    2.864182449657445,
    2.662489026915973,
    3.3791907190345856,
    1.8739486964623975,
    0.5553790333664035,
    1.0863611740647097,
    0.05801244642301466,
    0.3737330355993583,
    2.8986540419586304,
    4.363736138471827,
    3.443148342049143,
    1.4160691060682273,
    1.1888610781127618,
    2.66894705873196,
    3.51358526468564,
    0.7125630029435114,
    1.886891386314201,
