{
  "model": "gpt-4o",
  "distribution": "Gamma(shape={shape}, scale={scale})",
  "mode": "batch_generation",
  "generation_time": 38.720032930374146,
  "statistics": {
    "requested_samples": 1000,
    "total_samples": 932,
    "deviation_pct": -6.800000000000001,
    "unique_values": 866,
    "unique_rate": 92.91845493562232,
    "mean": 3.292523605150214,
    "std": 1.7274332698870485,
    "min": 0.234,
    "max": 10.317,
    "ks_statistic": 0.13948647111937762,
    "ks_pvalue": 2.785353727020122e-16
  },
  "samples": [
    4.068,
    2.806,
    3.972,
    0.601,
    3.568,
    5.137,
    1.422,
    5.274,
    3.49,
    8.127,
    2.799,
    5.634,
    5.727,
    1.537,
    2.11,
    3.327,
    2.993,
    3.523,
    4.405,
    3.0,
    2.024,
    0.771,
    3.732,
    3.09,
    1.542,
    2.63,
    1.481,
    3.098,
    6.019,
    4.784,
    1.375,
    1.679,
    5.144,
    3.228,
    5.883,
    5.648,
    2.161,
    6.721,
    0.819,
    4.529,
    3.983,
    4.131,
    2.109,
    9.763,
    3.466,
    6.521,
    5.661,
    2.878,
    4.467,
    3.146,
    2.249,
    4.19,
    2.993,
    6.148,
    3.435,
    3.52,
    0.831,
    5.158,
    2.48,
    2.593,
    0.916,
    2.486,
    3.38,
    2.625,
    3.386,
    2.122,
    4.203,
    2.749,
    2.672,
    2.835,
    7.206,
    2.985,
    4.128,
    7.079,
    3.155,
    6.528,
    1.936,
    3.191,
    0.837,
    6.046,
    4.495,
    2.811,
    0.835,
    6.428,
    4.442,
    3.83,
    1.256,
    3.397,
    4.098,
    3.78,
    5.207,
    1.061,
    2.153,
    5.052,
    3.24,
    3.981,
    4.284,
    2.491,
    1.985,
    2.716,
    3.452,
    3.893,
    3.72,
    2.448,
    1.71,
    1.283,
    3.242,
    5.218,
    2.879,
    1.988,
    4.991,
    1.616,
    3.428,
    3.273,
    3.264,
    4.418,
    5.131,
    1.873,
    6.632,
    5.488,
    3.061,
    5.83,
    2.808,
    4.422,
    2.888,
    3.048,
    3.884,
    0.556,
    3.315,
    2.344,
    4.256,
    1.79,
    3.905,
    1.84,
    1.814,
    2.885,
    0.936,
    1.714,
    6.586,
    6.065,
    1.139,
    5.742,
    6.434,
    7.044,
    6.172,
    5.377,
    3.386,
    2.15,
    4.718,
    2.924,
    4.83,
    1.912,
    6.203,
    4.527,
    3.496,
    4.278,
    1.694,
    4.235,
    4.759,
    2.417,
    0.757,
    2.073,
    9.191,
    3.763,
    4.476,
    1.182,
    4.223,
    0.946,
    3.214,
    3.045,
    2.983,
    3.247,
    3.728,
    4.445,
    1.808,
    0.761,
    1.614,
    3.384,
    5.703,
    5.102,
    2.962,
    2.54,
    3.953,
    2.307,
    4.58,
    2.835,
    1.913,
    2.342,
    3.753,
    2.096,
    3.637,
    3.139,
    3.455,
    3.677,
    4.139,
    2.629,
    1.06,
    1.633,
    3.428,
    4.241,
    4.565,
    2.612,
    3.332,
    7.425,
    5.12,
    2.856,
    5.062,
    3.905,
    1.985,
    7.038,
    2.456,
    2.141,
    3.232,
    3.827,
    1.899,
    2.797,
    3.102,
    2.153,
    2.943,
    3.214,
    3.445,
    1.508,
    5.497,
    3.596,
    2.176,
    1.939,
    3.164,
    2.286,
    1.893,
    3.29,
    3.631,
    5.146,
    8.291,
    4.324,
    1.509,
    8.264,
    3.783,
    6.687,
    6.929,
    6.32,
    4.501,
    2.761,
    2.028,
    0.791,
    3.098,
    4.734,
    5.609,
    1.365,
    2.913,
    3.159,
    2.098,
    1.436,
    3.343,
    3.278,
    2.666,
    3.407,
    4.134,
    6.767,
    2.875,
    1.938,
    2.642,
    9.0,
    1.126,
    6.875,
    3.525,
    2.039,
    2.651,
    4.243,
    1.744,
    2.882,
    2.489,
    2.344,
    3.151,
    4.169,
    4.234,
    1.752,
    2.984,
    2.866,
    4.381,
    1.111,
    4.146,
    4.569,
    3.441,
    5.887,
    1.446,
    3.243,
    4.036,
    2.672,
    3.377,
    0.8,
    3.209,
    3.066,
    1.637,
    3.541,
    4.125,
    1.073,
    2.689,
    0.321,
    2.337,
    2.099,
    2.546,
    1.507,
    0.755,
    0.946,
    0.307,
    1.457,
    2.692,
    1.961,
    4.729,
    4.203,
    1.384,
    2.383,
    3.736,
    1.684,
    3.706,
    0.814,
    2.547,
    7.364,
    1.07,
    0.912,
    3.573,
    3.234,
    3.469,
    2.814,
    1.242,
    2.906,
    2.249,
    4.996,
    2.129,
    2.94,
    1.471,
    1.19,
    2.789,
    2.34,
    0.419,
    2.37,
    5.302,
    0.993,
    2.605,
    2.905,
    7.287,
    1.13,
    4.104,
    3.609,
    0.616,
    0.479,
    1.436,
    3.19,
    3.162,
    3.63,
    2.429,
    1.355,
    4.007,
    2.291,
    2.781,
    4.152,
    2.27,
    2.874,
    1.557,
    1.064,
    3.127,
    4.538,
    4.177,
    2.601,
    1.687,
    5.019,
    6.756,
    3.914,
    3.626,
    5.713,
    4.86,
    4.378,
    5.634,
    2.26,
    4.912,
    2.766,
    2.463,
    3.743,
    2.201,
    0.234,
    2.648,
    0.903,
    3.022,
    6.599,
    2.275,
    3.781,
    0.68,
    2.843,
    1.54,
    5.909,
    1.991,
    3.105,
    7.52,
    4.292,
    4.594,
    1.847,
    4.797,
    1.176,
    2.497,
    3.757,
    6.105,
    1.21,
    3.605,
    5.865,
    6.185,
    3.47,
    4.311,
    3.157,
    1.418,
    2.673,
    2.852,
    5.121,
    4.769,
    4.774,
    2.482,
    3.81,
    6.072,
    4.869,
    1.194,
    3.021,
    1.271,
    1.601,
    2.147,
    1.245,
    2.091,
    1.366,
    1.857,
    2.532,
    3.692,
    3.985,
    4.009,
    0.997,
    1.538,
    2.079,
    3.201,
    2.137,
    7.459,
    0.79,
    5.178,
    2.778,
    6.509,
    4.786,
    6.206,
    6.803,
    2.571,
    3.116,
    4.56,
    2.401,
    5.271,
    4.238,
    3.346,
    2.49,
    1.843,
    2.87,
    1.122,
    2.887,
    2.399,
    5.727,
    2.805,
    6.325,
    2.644,
    0.88,
    2.976,
    2.787,
    6.362,
    3.964,
    1.419,
    0.844,
    2.518,
    4.55,
    4.419,
    2.107,
    2.074,
    2.831,
    4.305,
    1.36,
    2.655,
    1.624,
    3.398,
    2.287,
    2.708,
    2.807,
    2.427,
    4.195,
    3.713,
    1.755,
    4.101,
    1.191,
    0.685,
    4.681,
    1.546,
    2.019,
    2.036,
    7.13,
    4.381,
    5.133,
    0.94,
    3.968,
    2.432,
    2.881,
    4.996,
    5.875,
    6.133,
    3.643,
    4.26,
    5.108,
    2.876,
    1.314,
    2.707,
    1.628,
    5.288,
    2.239,
    3.343,
    4.466,
    3.272,
    1.547,
    4.163,
    3.225,
    4.989,
    1.71,
    3.502,
    3.61,
    3.113,
    2.427,
    1.067,
    3.829,
    2.456,
    4.309,
    2.737,
    6.012,
    3.004,
    4.84,
    2.586,
    2.553,
    3.377,
    1.928,
    1.783,
    3.347,
    1.557,
    2.345,
    3.117,
    1.793,
    1.279,
    5.287,
    3.38,
    5.877,
    2.994,
    1.584,
    3.802,
    2.416,
    2.45,
    6.192,
    3.309,
    2.37,
    3.612,
    3.045,
    2.209,
    3.57,
    1.471,
    3.437,
    2.889,
    5.398,
    2.442,
    3.364,
    4.914,
    2.66,
    4.764,
    1.379,
    1.838,
    2.12,
    6.422,
    3.314,
    1.861,
    3.312,
    2.49,
    3.455,
    1.631,
    3.693,
    1.024,
    3.056,
    5.059,
    4.147,
    1.163,
    2.05,
    2.894,
    1.7,
    1.264,
    6.181,
    1.47,
    3.319,
    6.276,
    2.427,
    3.813,
    7.252,
    5.91,
    1.131,
    2.935,
    2.116,
    2.015,
    2.185,
    8.819,
    4.838,
    4.646,
    2.358,
    3.968,
    2.213,
    2.744,
    8.498,
    4.002,
    2.157,
    1.191,
    2.01,
    2.226,
    3.153,
    5.151,
    0.542,
    3.939,
    3.036,
    0.948,
    4.292,
    2.496,
    3.325,
    2.315,
    3.217,
    1.31,
    6.394,
    2.749,
    2.765,
    1.071,
    4.671,
    2.096,
    3.034,
    2.276,
    1.058,
    2.776,
    2.945,
    0.29,
    5.034,
    4.176,
    2.954,
    6.366,
    3.758,
    2.125,
    3.712,
    0.62,
    4.304,
    4.502,
    2.387,
    1.112,
    5.8,
    0.701,
    2.005,
    5.392,
    2.638,
    4.375,
    3.805,
    3.268,
    2.462,
    3.895,
    1.559,
    2.578,
    5.886,
    1.839,
    3.785,
    2.387,
    1.752,
    8.2,
    2.808,
    0.913,
    5.62,
    5.877,
    4.593,
    1.558,
    2.646,
    1.648,
    3.644,
    6.34,
    1.824,
    6.024,
    4.69,
    6.62,
    7.127,
    0.804,
    3.549,
    2.448,
    3.639,
