{
  "model": "meta-llama/Llama-4-Scout-17B-16E-Instruct",
  "distribution": "Gamma(shape={shape}, scale={scale})",
  "mode": "batch_generation",
  "generation_time": 24.659979820251465,
  "statistics": {
    "requested_samples": 1000,
    "total_samples": 220,
    "deviation_pct": -77.9,
    "unique_values": 36,
    "unique_rate": 16.289592760180994,
    "mean": 2.1254636363636363,
    "std": 0.8651870389193597,
    "min": 0.123,
    "max": 3.654,
    "ks_statistic": 0.45292589390273175,
    "ks_pvalue": 6.341512643887622e-42
  },
  "samples": [
    1.234,
    2.456,
    0.789,
    3.012,
    1.654,
    2.109,
    0.456,
    1.89,
    3.456,
    2.782,
    0.123,
    2.345,
    1.098,
    3.654,
    2.456,
    1.234,
    0.987,
    2.109,
    1.765,
    3.21,
    2.543,
    1.432,
    0.654,
    2.876,
    3.109,
    1.987,
    2.321,
    0.765,
    1.432,
    2.987,
    1.109,
    3.432,
    2.654,
    0.987,
    1.765,
    2.21,
    3.098,
    1.654,
    2.543,
    0.876,
    2.109,
    1.432,
    3.21,
    2.765,
    1.098,
    0.654,
    2.321,
    1.987,
    3.456,
    2.982,
    1.234,
    0.987,
    2.456,
    3.109,
    1.765,
    2.432,
    0.765,
    1.654,
    2.109,
    3.654,
    2.321,
    1.432,
    2.876,
    1.098,
    3.21,
    2.543,
    0.987,
    2.765,
    1.654,
    3.432,
    1.765,
    2.109,
    2.982,
    0.654,
    1.234,
    3.098,
    2.456,
    1.987,
    2.321,
    1.432,
    2.876,
    3.109,
    2.654,
    0.765,
    2.432,
    1.098,
    3.456,
    2.782,
    1.654,
    2.109,
    0.987,
    1.765,
    3.21,
    2.543,
    1.432,
    2.876,
    1.987,
    3.432,
    2.321,
    0.654,
    1.234,
    2.456,
    3.098,
    2.765,
    1.654,
    0.987,
    2.109,
    1.432,
    3.21,
    2.982,
    2.543,
    1.765,
    0.765,
    2.321,
    1.987,
    3.456,
    2.654,
    1.098,
    2.432,
    0.876,
    1.654,
    2.109,
    3.654,
    2.782,
    1.234,
    0.654,
    2.876,
    3.109,
    1.987,
    2.321,
    1.432,
    2.987,
    1.765,
    3.432,
    2.543,
    0.987,
    1.654,
    2.21,
    3.098,
    1.654,
    2.456,
    1.098,
    3.456,
    2.982,
    1.234,
    2.109,
    0.765,
    1.432,
    2.987,
    3.21,
    2.765,
    1.098,
    0.654,
    2.321,
    1.987,
    3.456,
    2.654,
    1.432,
    2.876,
    1.765,
    3.432,
    2.543,
    0.987,
    1.654,
    2.109,
    3.654,
    2.782,
    1.234,
    0.987,
    2.456,
    3.109,
    1.765,
    2.432,
    0.765,
    1.654,
    2.109,
    3.654,
    2.321,
    1.432,
    2.876,
    1.987,
    3.432,
    2.543,
    0.987,
    1.654,
    2.21,
    3.098,
    1.654,
    2.456,
    1.098,
    3.456,
    2.982,
    1.234,
    2.109,
    0.765,
    1.432,
    2.987,
    3.21,
    2.765,
    1.098,
    0.654,
    2.321,
    1.987,
    3.456,
    2.654,
    1.432,
    2.876,
    1.765,
    3.432,
    2.543,
    0.987,
    1.654,
    2.109,
    3.654,
    2.782,
    1.234,
    0.987,
    2.456,
    3.109,
    1.765
  ],
  "timestamp": "2025-11-23 15:45:00"
}