{
  "model": "mistralai/Mistral-Small-3.2-24B-Instruct-2506",
  "distribution": "Gamma(shape={shape}, scale={scale})",
  "mode": "batch_generation",
  "generation_time": 94.24984240531921,
  "statistics": {
    "requested_samples": 1000,
    "total_samples": 596,
    "deviation_pct": -40.1,
    "unique_values": 37,
    "unique_rate": 6.176961602671119,
    "mean": 2.3979093959731546,
    "std": 1.181063037196228,
    "min": 0.123,
    "max": 6.234,
    "ks_statistic": 0.3518415693081699,
    "ks_pvalue": 8.194198414864802e-67
  },
  "samples": [
    2.0,
    2.0,
    5.318,
    3.125,
    1.764,
    2.987,
    4.562,
    0.873,
    3.214,
    2.456,
    1.032,
    5.678,
    6.234,
    2.112,
    3.89,
    0.567,
    2.345,
    4.012,
    1.456,
    3.789,
    2.012,
    3.901,
    4.567,
    1.876,
    2.345,
    3.213,
    0.456,
    2.987,
    1.678,
    3.012,
    4.567,
    2.345,
    3.123,
    0.89,
    2.567,
    1.234,
    3.789,
    2.456,
    0.123,
    3.678,
    4.567,
    1.901,
    2.345,
    3.012,
    1.678,
    4.567,
    2.345,
    0.901,
    3.123,
    2.567,
    1.456,
    3.789,
    6.234,
    1.876,
    2.345,
    3.678,
    0.456,
    3.123,
    1.678,
    4.567,
    2.345,
    3.012,
    1.901,
    2.456,
    0.123,
    3.789,
    2.567,
    1.456,
    3.678,
    0.89,
    2.345,
    3.123,
    4.567,
    1.678,
    3.012,
    2.345,
    0.456,
    3.789,
    1.901,
    2.456,
    1.234,
    3.678,
    0.567,
    2.345,
    1.456,
    3.123,
    2.89,
    1.678,
    4.567,
    2.345,
    3.012,
    0.901,
    3.123,
    1.678,
    2.456,
    0.123,
    3.789,
    2.567,
    1.456,
    3.678,
    0.89,
    2.345,
    3.123,
    4.567,
    1.678,
    3.012,
    2.345,
    0.456,
    3.789,
    1.901,
    2.456,
    1.234,
    3.678,
    0.567,
    2.345,
    1.456,
    3.123,
    2.89,
    1.678,
    4.567,
    2.345,
    3.012,
    0.901,
    3.123,
    1.678,
    2.456,
    0.123,
    3.789,
    2.567,
    1.456,
    3.678,
    0.89,
    2.345,
    3.123,
    4.567,
    1.678,
    3.012,
    2.345,
    0.456,
    3.789,
    1.901,
    2.456,
    1.234,
    3.678,
    0.567,
    2.345,
    1.456,
    3.123,
    2.89,
    1.678,
    4.567,
    2.345,
    3.012,
    0.901,
    3.123,
    1.678,
    2.456,
    0.123,
    3.789,
    2.567,
    1.456,
    3.678,
    0.89,
    2.345,
    3.123,
    4.567,
    1.678,
    3.012,
    2.345,
    0.456,
    3.789,
    1.901,
    2.456,
    1.234,
    3.678,
    0.567,
    2.345,
    1.456,
    3.123,
    2.89,
    1.678,
    4.567,
    2.345,
    3.012,
    0.901,
    3.123,
    1.678,
    2.456,
    0.123,
    3.789,
    2.567,
    1.456,
    3.678,
    0.89,
    2.345,
    3.123,
    4.567,
    1.678,
    3.012,
    2.345,
    0.456,
    3.789,
    1.901,
    2.456,
    1.234,
    3.678,
    0.567,
    2.345,
    1.456,
    3.123,
    2.89,
    1.678,
    4.567,
    2.345,
    3.012,
    0.901,
    3.123,
    1.678,
    2.456,
    0.123,
    3.789,
    2.567,
    1.456,
    3.678,
    0.89,
    2.345,
    3.123,
    4.567,
    1.678,
    3.012,
    2.345,
    0.456,
    3.789,
    1.901,
    2.456,
    1.234,
    3.678,
    0.567,
    2.345,
    1.456,
    3.123,
    2.89,
    1.678,
    4.567,
    2.345,
    3.012,
    0.901,
    3.123,
    1.678,
    2.456,
    0.123,
    3.789,
    2.567,
    1.456,
    3.678,
    0.89,
    2.345,
    3.123,
    4.567,
    1.678,
    3.012,
    2.345,
    0.456,
    3.789,
    1.901,
    2.456,
    1.234,
    3.678,
    0.567,
    2.345,
    1.456,
    3.123,
    2.89,
    1.678,
    4.567,
    2.345,
    3.012,
    0.901,
    3.123,
    1.678,
    2.456,
    0.123,
    3.789,
    2.567,
    1.456,
    3.678,
    0.89,
    2.345,
    3.123,
    4.567,
    1.678,
    3.012,
    2.345,
    0.456,
    3.789,
    1.901,
    2.456,
    1.234,
    3.678,
    0.567,
    2.345,
    1.456,
    3.123,
    2.89,
    1.678,
    4.567,
    2.345,
    3.012,
    0.901,
    3.123,
    1.678,
    2.456,
    0.123,
    3.789,
    2.567,
    1.456,
    3.678,
    0.89,
    2.345,
    3.123,
    4.567,
    1.678,
    3.012,
    2.345,
    0.456,
    3.789,
    1.901,
    2.456,
    1.234,
    3.678,
    0.567,
    2.345,
    1.456,
    3.123,
    2.89,
    1.678,
    4.567,
    2.345,
    3.012,
    0.901,
    3.123,
    1.678,
    2.456,
    0.123,
    3.789,
    2.567,
    1.456,
    3.678,
    0.89,
    2.345,
    3.123,
    4.567,
    1.678,
    3.012,
    2.345,
    0.456,
    3.789,
    1.901,
    2.456,
    1.234,
    3.678,
    0.567,
    2.345,
    1.456,
    3.123,
    2.89,
    1.678,
    4.567,
    2.345,
    3.012,
    0.901,
    3.123,
    1.678,
    2.456,
    0.123,
    3.789,
    2.567,
    1.456,
    3.678,
    0.89,
    2.345,
    3.123,
    4.567,
    1.678,
    3.012,
    2.345,
    0.456,
    3.789,
    1.901,
    2.456,
    1.234,
    3.678,
    0.567,
    2.345,
    1.456,
    3.123,
    2.89,
    1.678,
    4.567,
    2.345,
    3.012,
    0.901,
    3.123,
    1.678,
    2.456,
    0.123,
    3.789,
    2.567,
    1.456,
    3.678,
    0.89,
    2.345,
    3.123,
    4.567,
    1.678,
    3.012,
    2.345,
    0.456,
    3.789,
    1.901,
    2.456,
    1.234,
    3.678,
    0.567,
    2.345,
    1.456,
    3.123,
    2.89,
    1.678,
    4.567,
    2.345,
    3.012,
    0.901,
    3.123,
    1.678,
    2.456,
    0.123,
    3.789,
    2.567,
    1.456,
    3.678,
    0.89,
    2.345,
    3.123,
    4.567,
    1.678,
    3.012,
    2.345,
    0.456,
    3.789,
    1.901,
    2.456,
    1.234,
    3.678,
    0.567,
    2.345,
    1.456,
    3.123,
    2.89,
    1.678,
    4.567,
    2.345,
    3.012,
    0.901,
    3.123,
    1.678,
    2.456,
    0.123,
    3.789,
    2.567,
    1.456,
    3.678,
    0.89,
    2.345,
    3.123,
    4.567,
    1.678,
    3.012,
    2.345,
    0.456,
    3.789,
    1.901,
    2.456,
    1.234,
    3.678,
    0.567,
    2.345,
    1.456,
    3.123,
    2.89,
    1.678,
    4.567,
    2.345,
    3.012,
    0.901,
    3.123,
    1.678,
    2.456,
    0.123,
    3.789,
    2.567,
    1.456,
    3.678,
    0.89,
    2.345,
    3.123,
    4.567,
    1.678,
    3.012,
    2.345,
    0.456,
    3.789,
    1.901,
    2.456,
    1.234,
    3.678,
    0.567,
    2.345,
    1.456,
    3.123,
    2.89,
    1.678,
    4.567,
    2.345,
    3.012,
    0.901,
    3.123,
    1.678,
    2.456,
    0.123,
    3.789,
    2.567,
    1.456,
    3.678,
    0.89,
    2.345,
    3.123,
    4.567,
    1.678,
    3.012,
    2.345,
    0.456,
    3.789,
    1.901,
    2.456,
    1.234,
    3.678,
    0.567,
    2.345,
    1.456,
    3.123,
    2.89,
    1.678,
    4.567,
    2.345,
    3.012,
    0.901,
    3.123,
    1.678,
    2.456,
    0.123,
    3.789,
    2.567,
    1.456,
    3.678,
    0.89,
    2.345,
    3.123,
    4.567,
    1.678,
    3.012,
    2.345,
    0.456,
    3.789,
    1.901,
    2.456,
    1.234,
    3.678,
    0.567,
    2.345,
    1.456,
    3.123,
    2.89,
    1.678,
    4.567,
    2.345,
    3.012,
    0.901,
    3.123,
    1.678,
    2.456,
    0.123,
    2.0,
    2.0,
    2.0,
    2.0
  ],
  "timestamp": "2025-11-23 15:59:35"
}