{
  "model": "moonshotai/Kimi-K2-Instruct-0905",
  "distribution": "Gamma(shape={shape}, scale={scale})",
  "mode": "batch_generation",
  "generation_time": 44.339431047439575,
  "statistics": {
    "requested_samples": 1000,
    "total_samples": 527,
    "deviation_pct": -47.3,
    "unique_values": 498,
    "unique_rate": 94.49715370018976,
    "mean": 2.394426944971537,
    "std": 1.2364400595231055,
    "min": 0.144,
    "max": 8.415,
    "ks_statistic": 0.3072555655929291,
    "ks_pvalue": 1.1460613672415244e-44
  },
  "samples": [
    0.469,
    1.332,
    0.506,
    1.444,
    8.415,
    1.589,
    2.253,
    0.852,
    1.236,
    2.555,
    0.908,
    1.991,
    1.338,
    2.144,
    2.959,
    5.406,
    1.654,
    1.962,
    2.211,
    3.778,
    1.336,
    1.823,
    6.015,
    2.308,
    2.362,
    1.834,
    0.63,
    4.924,
    2.266,
    2.421,
    2.663,
    0.253,
    0.943,
    4.199,
    1.143,
    1.5,
    2.373,
    0.267,
    1.104,
    3.296,
    4.187,
    5.085,
    1.765,
    2.959,
    1.854,
    3.429,
    2.799,
    3.305,
    2.305,
    1.8,
    1.824,
    4.573,
    3.617,
    2.178,
    1.517,
    2.282,
    0.979,
    3.195,
    1.102,
    2.743,
    3.575,
    2.074,
    1.436,
    3.4,
    2.347,
    1.456,
    6.087,
    1.128,
    3.563,
    3.052,
    1.136,
    2.028,
    0.544,
    3.242,
    1.441,
    1.517,
    0.451,
    0.808,
    2.809,
    2.676,
    2.987,
    0.253,
    2.436,
    3.006,
    2.08,
    0.609,
    0.639,
    0.772,
    0.523,
    4.2,
    1.203,
    2.965,
    4.125,
    4.163,
    4.694,
    2.637,
    4.639,
    2.198,
    2.907,
    3.397,
    6.747,
    1.709,
    1.988,
    1.815,
    1.695,
    0.487,
    0.913,
    2.617,
    1.308,
    3.852,
    0.826,
    1.194,
    4.142,
    2.923,
    2.889,
    2.274,
    1.505,
    1.466,
    1.698,
    0.462,
    2.643,
    2.923,
    2.204,
    2.507,
    1.148,
    4.071,
    2.838,
    3.268,
    4.707,
    2.267,
    3.507,
    3.003,
    5.602,
    3.178,
    4.326,
    2.36,
    3.936,
    0.909,
    2.994,
    2.815,
    6.318,
    1.901,
    4.679,
    1.179,
    1.165,
    4.903,
    3.268,
    2.097,
    0.974,
    1.942,
    0.773,
    3.3,
    2.043,
    0.636,
    0.946,
    3.689,
    1.39,
    1.532,
    3.704,
    1.512,
    1.504,
    1.969,
    3.486,
    1.213,
    1.182,
    3.458,
    4.819,
    0.85,
    2.764,
    1.176,
    1.599,
    1.964,
    2.119,
    2.101,
    3.401,
    4.37,
    1.393,
    5.328,
    4.557,
    4.323,
    2.221,
    4.011,
    1.423,
    4.727,
    1.976,
    2.78,
    4.078,
    3.037,
    4.178,
    2.678,
    0.723,
    0.444,
    5.76,
    1.806,
    0.338,
    4.077,
    4.557,
    1.574,
    1.873,
    1.742,
    1.027,
    2.273,
    2.085,
    1.462,
    2.579,
    2.134,
    2.158,
    0.774,
    4.749,
    2.031,
    6.361,
    2.332,
    1.308,
    2.658,
    2.237,
    3.105,
    3.52,
    4.064,
    1.474,
    2.601,
    0.555,
    2.374,
    5.055,
    2.619,
    2.749,
    2.398,
    1.85,
    1.802,
    2.101,
    4.759,
    0.767,
    1.295,
    1.751,
    3.678,
    1.778,
    0.55,
    4.059,
    2.689,
    1.617,
    4.221,
    1.032,
    1.963,
    1.714,
    1.993,
    2.272,
    2.773,
    1.243,
    2.306,
    3.33,
    1.791,
    0.902,
    4.176,
    0.813,
    0.417,
    1.681,
    3.273,
    1.546,
    1.152,
    1.82,
    3.266,
    1.901,
    3.738,
    3.312,
    2.093,
    2.959,
    1.917,
    1.722,
    2.82,
    2.973,
    2.288,
    2.325,
    0.466,
    1.273,
    4.222,
    3.15,
    1.341,
    0.527,
    1.265,
    1.893,
    1.305,
    1.292,
    1.985,
    4.141,
    2.155,
    0.853,
    1.974,
    3.968,
    1.698,
    4.48,
    2.764,
    4.613,
    1.117,
    1.861,
    1.482,
    4.124,
    2.694,
    1.389,
    1.935,
    1.198,
    6.252,
    1.305,
    0.144,
    1.059,
    2.195,
    0.528,
    5.224,
    1.571,
    1.371,
    0.665,
    1.155,
    4.938,
    3.21,
    2.888,
    3.283,
    2.078,
    3.012,
    1.439,
    2.513,
    2.029,
    1.391,
    2.527,
    1.414,
    2.432,
    2.953,
    1.544,
    2.067,
    1.537,
    3.394,
    1.641,
    3.476,
    3.235,
    2.871,
    2.649,
    1.47,
    2.237,
    3.621,
    3.348,
    3.678,
    2.24,
    1.634,
    4.189,
    2.197,
    1.696,
    2.962,
    5.497,
    2.459,
    2.849,
    2.486,
    1.438,
    4.083,
    1.959,
    1.465,
    2.508,
    0.805,
    2.827,
    1.65,
    0.673,
    0.823,
    1.635,
    1.887,
    1.698,
    2.584,
    1.905,
    3.207,
    2.085,
    1.567,
    3.097,
    1.734,
    1.524,
    2.819,
    1.612,
    1.478,
    2.237,
    2.524,
    2.06,
    1.227,
    2.036,
    2.767,
    1.846,
    3.428,
    1.938,
    5.725,
    1.549,
    2.744,
    2.864,
    2.803,
    0.813,
    1.321,
    4.344,
    2.478,
    1.956,
    3.489,
    4.18,
    2.022,
    3.79,
    1.255,
    1.972,
    3.595,
    4.293,
    1.452,
    1.597,
    5.16,
    1.161,
    3.768,
    1.378,
    3.764,
    1.85,
    3.154,
    2.008,
    2.919,
    1.787,
    2.438,
    1.154,
    1.562,
    2.425,
    2.594,
    2.536,
    1.289,
    1.363,
    2.798,
    1.72,
    1.092,
    3.226,
    1.576,
    2.062,
    2.002,
    1.824,
    2.241,
    2.789,
    2.284,
    2.273,
    1.93,
    0.914,
    1.016,
    2.203,
    1.763,
    2.143,
    3.735,
    2.226,
    3.173,
    0.664,
    3.123,
    3.146,
    1.887,
    1.499,
    2.624,
    1.468,
    3.779,
    2.701,
    1.649,
    2.23,
    1.944,
    2.38,
    4.031,
    1.527,
    3.414,
    2.295,
    1.962,
    4.018,
    2.223,
    1.13,
    4.027,
    1.385,
    3.145,
    1.078,
    2.719,
    1.017,
    2.375,
    3.906,
    2.729,
    0.926,
    1.202,
    1.692,
    3.885,
    2.492,
    0.936,
    1.439,
    2.635,
    2.124,
    2.587,
    3.372,
    2.622,
    3.387,
    2.589,
    0.965,
    3.459,
    2.475,
    1.664,
    1.015,
    1.749,
    1.987,
    2.511,
    3.64,
    2.775,
    1.98,
    2.798,
    3.447,
    2.343,
    1.743,
    3.191,
    1.745,
    1.114,
    3.259,
    1.964,
    0.853,
    2.004,
    4.101,
    2.218,
    1.357,
    3.31,
    2.105,
    2.901,
    3.973,
    2.58,
    0.859,
    2.192,
    3.524,
    1.539,
    2.302,
    1.271,
    4.178,
    1.646,
    4.061,
    1.968,
    1.581,
    3.448,
    2.0
  ],
  "timestamp": "2025-11-23 16:00:22"
}