{
  "model": "deepseek-ai/DeepSeek-V3.2-Exp",
  "distribution": "Beta(2, 2)",
  "mode": "independent_requests",
  "requested_samples": 1000,
  "generation_time": 678.3040716648102,
  "statistics": {
    "total_samples": 999,
    "failed_requests": 1,
    "unique_values": 858,
    "unique_rate": 85.88588588588588,
    "mean": 0.5661027244478282,
    "std": 0.1412950889676526,
    "min": 0.10511802849560793,
    "max": 2.0,
    "ks_statistic": 0.27767255433488885,
    "ks_pvalue": 1.3648728409620666e-68
  },
  "samples": [
    0.79,
    0.26135,
    0.548735,
    0.6389,
    0.563,
    0.532917468,
    0.372947,
    0.73442,
    0.5146,
    0.4219,
    0.638462819,
    0.605678,
    0.6345,
    0.3275,
    0.6023,
    0.617,
    0.679,
    0.6814,
    0.6724,
    0.609,
    0.6042,
    0.4967,
    0.4268,
    0.3529,
    0.5734,
    0.687443524581,
    0.5934,
    0.571,
    0.4397927176,
    0.646,
    0.649,
    0.612,
    0.567174,
    0.817,
    0.7312044371883116,
    0.3986,
    0.4503,
    0.4683,
    0.78639,
    0.5107,
    0.56365,
    0.4627,
    0.577835571,
    0.67845,
    0.67345,
    0.5924,
    0.731654,
    0.4312,
    0.626548,
    0.6214,
    0.63785,
    0.4591,
    0.613432,
    0.623,
    0.416,
    0.54,
    0.473,
    0.63,
    0.8372,
    0.62998,
    0.512,
    0.6988,
    0.597,
    0.6413,
    0.4782646253,
    0.6713,
    0.6514,
    0.6271,
    0.456789123,
    0.514,
    0.438179618984,
    0.398564,
    0.624,
    0.4563,
    0.6473258971136658,
    0.4067,
    0.588166,
    0.6473,
    0.67852,
    0.532,
    0.548,
    0.49631,
    0.4305,
    0.734,
    0.6374,
    0.631,
    0.349793,
    0.4376,
    0.685469,
    0.6286,
    0.4126,
    0.5340873419,
    0.4417,
    0.583723,
    0.3782,
    0.7342,
    0.6217388207907844,
    0.46381,
    0.6274,
    0.473691,
    0.573,
    0.3741,
    0.5243,
    0.61293,
    0.568,
    0.582,
    0.4893,
    0.5592,
    0.42876,
    0.2291,
    0.3127,
    0.649798,
    0.4835569354,
    0.3479,
    0.467892,
    0.473,
    0.671839465,
    0.7893,
    0.6314,
    0.578,
    0.7432,
    0.5641347592,
    0.5164,
    0.6481,
    0.561,
    0.1247,
    0.678934,
    0.45713,
    0.6234,
    0.5724,
    0.6684,
    0.6821,
    0.60487,
    0.6088,
    0.7829,
    0.486,
    0.5453,
    0.4376298368,
    0.4563,
    0.4976,
    0.5379546159320483,
    0.4862398765,
    0.538,
    0.639,
    0.473,
    0.374,
    0.6302,
    0.5853,
    0.5783,
    0.537221,
    0.581,
    0.619569273,
    0.57384,
    0.3987,
    0.636,
    0.5956465978,
    0.63451,
    0.5694,
    0.496,
    0.568,
    0.8,
    0.5732,
    0.468,
    0.4867,
    0.651,
    0.648216,
    0.73854,
    0.3176,
    0.721,
    0.6196,
    0.537,
    0.641,
    0.6228169623145098,
    0.59558,
    0.920818563,
    0.260139,
    0.5378,
    0.4376,
    0.4075,
    0.6141,
    0.6534710922,
    0.5864,
    0.4861,
    0.6271,
    0.428,
    0.6874,
    0.72375228,
    0.6483,
    0.647356480829,
    0.4785,
    0.563732,
    0.5739,
    0.5732,
    0.5527617,
    0.581547,
    0.596281,
    0.614657,
    0.4127,
    0.599557,
    0.5734,
    0.48027,
    0.468359,
    0.5436,
    0.6173,
    0.483618499,
    0.716,
    0.486725,
    0.577,
    0.486432,
    0.71947,
    0.463,
    0.6814,
    0.536149792955,
    0.7634,
    0.673,
    0.7321,
    0.639,
    0.6894,
    0.567,
    0.5147,
    0.525634,
    0.687,
    0.5879428597361777,
    0.485,
    0.7354167430915848,
    0.634,
    0.569267,
    0.6497,
    0.4953,
    0.325,
    0.573,
    0.6823,
    0.512226,
    0.458396871230703,
    0.743,
    0.615,
    0.6842,
    0.6819,
    0.63509,
    0.6832,
    0.676,
    0.732,
    0.439763,
    0.70959,
    0.4329,
    0.623045,
    0.619317,
    0.536187952,
    0.7485,
    0.563293,
    0.6343083469136241,
    0.6074,
    0.5043,
    0.536,
    0.5946204,
    0.465,
    0.5643,
    0.4783,
    0.640581,
    0.624319,
    0.6432,
    0.5873,
    0.638,
    0.414536,
    0.5478,
    0.3982147549,
    0.683,
    0.256874,
    0.6037,
    0.624638,
    0.7235,
    0.801307,
    0.4734161497629664,
    0.542,
    0.6376,
    0.6013,
    0.5,
    0.630524,
    0.3419864090552416,
    0.4033279856,
    0.2643,
    0.432,
    0.4273,
    0.6083961076143996,
    0.6216499419214296,
    0.7384,
    0.5807,
    0.6103,
    0.483,
    0.723865,
    0.7045,
    0.507381,
    0.6872,
    0.637,
    0.507309618,
    0.398234,
    0.4837,
    0.685776,
    0.6912,
    0.5468,
    0.516,
    0.6933,
    0.5734,
    0.7345,
    0.583,
    0.5328491721586305,
    0.4973,
    0.457,
    0.476312,
    0.475469832,
    0.513,
    0.6714,
    0.4859,
    0.4823,
    0.24689,
    0.5143,
    0.5963,
    0.46219,
    0.462329,
    0.633,
    0.605847,
    0.5763,
    0.743,
    0.637539,
    0.5724,
    0.47726,
    0.617,
    0.578,
    0.648573,
    0.7235,
    0.4215,
    0.519,
    0.5856,
    0.743187,
    0.5736291867656125,
    0.5893,
    0.4493298264157847,
    0.6115,
    0.659,
    0.4783,
    0.66494,
    0.412338925,
    0.4763,
    0.2256,
    0.5864,
    0.6241,
    0.717067,
    0.7864,
    0.6484,
    0.6074,
    0.678394,
    0.791375,
    0.483,
    0.6695616720596725,
    0.473,
    0.68423,
    0.687,
    0.5809,
    0.3827,
    0.5327,
    0.512,
    0.6374,
    0.4937,
    0.7843,
    0.571,
    0.782356,
    0.5934,
    0.543,
    0.449,
    0.698327,
    0.495954,
    0.662514,
    0.6703,
    0.394367,
    0.476,
    0.638124871,
    0.627891,
    0.458917231,
    0.575,
    0.6445,
    0.5382,
    0.6234,
    0.6372305,
    0.5924,
    0.563849,
    0.663717664,
    0.548817746,
    0.745816,
    0.7436,
    0.5832,
    0.5194,
    0.47072,
    0.337895809206898,
    0.42,
    0.6347,
    0.557398,
    0.573495,
    0.6093,
    0.539,
    0.497,
    0.7155,
    0.613438265165,
    0.7669,
    0.723,
    0.4782,
    0.522,
    0.543,
    0.6178905989370127,
    0.5874,
    0.546,
    0.405273,
    0.513497,
    0.541,
    0.6175,
    0.5794,
    0.6374,
    0.7569,
    0.67774553372,
    0.5348,
    0.432,
    0.638,
    0.6357,
    0.52137,
    0.4435,
    0.589,
    0.673,
    0.638297,
    0.469,
    0.6465,
    0.451237,
    0.634902259,
    0.6555,
    0.6342,
    0.6086954557,
    0.5736429445,
    0.4026,
    0.4532,
    0.536735,
    0.6554,
    0.453721,
    0.7234,
    0.686097,
    0.3647,
    0.4932119738410122,
    0.432,
    0.576,
    0.768,
    0.6278,
    0.37765,
    0.419372749,
    0.6106,
    0.7485,
    0.543,
    0.6482,
    0.458721973,
    0.274,
    0.6328,
    0.437281292,
    0.598416,
    0.4372,
    0.4465,
    0.4279,
    0.4139,
    0.2943,
    0.576,
    0.370615,
    0.5201745840895565,
    0.614,
    0.5912,
    0.4374902,
    0.5857,
    0.5354,
    0.4721,
    0.538,
    0.4265,
    0.4739,
    0.35413,
    0.6852,
    0.7564,
    0.6273,
    0.473,
    0.7128,
    0.6074,
    0.5978,
    0.1713,
    0.624334056491,
    0.637602,
    0.683445206,
    0.374683,
    0.3896,
    0.6345,
    0.5763,
    0.584936,
    0.5935,
    0.5966,
    0.673,
    0.7249,
    0.5462,
    0.5638,
    0.702381,
    0.4632,
    0.7953,
    0.473811,
    0.623,
    0.3872,
    0.4371,
    0.713,
    0.6145,
    0.6437,
    0.624574826171875,
    0.6096,
    0.60032,
    0.616218,
    0.6122,
    0.664213,
    0.357,
    0.61925,
    0.576,
    0.683417,
    0.537896,
    0.4326,
    0.6073074478971064,
    0.6234,
    0.5937,
    0.634,
    0.23615,
    0.29435,
    0.503,
    0.6284049914686833,
    0.5502658287053721,
    0.673456,
    0.593,
    0.728,
    0.6347,
    0.543,
    0.7214877802192434,
    0.754573,
    0.4693,
    0.463,
    0.573,
    0.652,
    0.7314,
    0.483,
    0.485,
    0.4871,
    0.5734,
    0.4015,
    0.538,
    0.6582,
    0.5672,
    0.4276,
    0.4953,
    0.7926270284790755,
    0.2416549348284801,
    0.6274,
    0.5389,
    0.5563,
    0.637,
    0.457,
    0.623,
    0.4268,
    0.5023,
    0.1101,
    0.65982,
    0.456,
    0.5738,
    0.6085248479428316,
