{
  "model": "google/gemma-3-27b-it",
  "distribution": "Beta(2, 2)",
  "mode": "independent_requests",
  "requested_samples": 1000,
  "generation_time": 702.2561242580414,
  "statistics": {
    "total_samples": 1000,
    "failed_requests": 0,
    "unique_values": 602,
    "unique_rate": 60.199999999999996,
    "mean": 0.5777297683353815,
    "std": 0.07757671517884465,
    "min": 0.386826,
    "max": 0.683819,
    "ks_statistic": 0.42998784924784944,
    "ks_pvalue": 1.853627460498743e-168
  },
  "samples": [
    0.6318,
    0.63857398505,
    0.482376,
    0.638853,
    0.638479,
    0.638927,
    0.638792,
    0.638998,
    0.638979,
    0.482889679,
    0.638879,
    0.638978,
    0.638987,
    0.48274399267,
    0.488374,
    0.638987,
    0.638197,
    0.638979,
    0.638942,
    0.638794,
    0.6389723363789268,
    0.4682760372474599,
    0.483729,
    0.632879,
    0.4587923611315615,
    0.482973,
    0.6389241877,
    0.49281768567,
    0.482956,
    0.638857,
    0.428763,
    0.487682,
    0.638976,
    0.4829,
    0.638478,
    0.638577,
    0.638927,
    0.482789,
    0.631872,
    0.487382,
    0.4828835279,
    0.638957,
    0.638875,
    0.631817,
    0.638954,
    0.6389,
    0.638924,
    0.483759,
    0.468237,
    0.4857,
    0.638974,
    0.638978,
    0.632876,
    0.638702,
    0.483729,
    0.638518,
    0.4827879527,
    0.6385729741,
    0.632897,
    0.638579,
    0.458792,
    0.48283728466,
    0.4829,
    0.638592,
    0.638987,
    0.6384,
    0.638979,
    0.63217457,
    0.482935726,
    0.6378494636,
    0.48298432984,
    0.458739,
    0.47828762048,
    0.4821734529914739,
    0.4583997760357553,
    0.48372916,
    0.638858,
    0.638979,
    0.638854,
    0.63849,
    0.458378959,
    0.4728888349,
    0.48294891507,
    0.638977,
    0.63895,
    0.482793947,
    0.4887321963,
    0.638798,
    0.4829,
    0.6385759753,
    0.487231,
    0.637849,
    0.6384,
    0.638923,
    0.638183,
    0.482937,
    0.482357,
    0.632867,
    0.487393,
    0.48372917,
    0.638972,
    0.6837,
    0.638917,
    0.632857,
    0.482781,
    0.6384,
    0.483729,
    0.485936,
    0.63818,
    0.638859853,
    0.48735,
    0.48739676,
    0.638978,
    0.638873,
    0.638574,
    0.638578,
    0.482875,
    0.6387,
    0.638927,
    0.638987,
    0.631808,
    0.638879,
    0.6385922864079387,
    0.631859,
    0.4582730868680125,
    0.638979,
    0.482761,
    0.63858,
    0.478877,
    0.638857,
    0.487394,
    0.638492,
    0.478561,
    0.638976,
    0.638927,
    0.638987,
    0.482947,
    0.63827173,
    0.4828329374,
    0.638396,
    0.4827808256078122,
    0.6389726,
    0.483729,
    0.48372917,
    0.638978,
    0.638497,
    0.488373,
    0.48217935876,
    0.638987,
    0.6389829504,
    0.638917,
    0.634879,
    0.638987,
    0.63898718,
    0.638917,
    0.68373,
    0.487623,
    0.634879,
    0.6384,
    0.6385921389,
    0.482783,
    0.63858,
    0.482927,
    0.634857,
    0.482781,
    0.63838683,
    0.638701,
    0.638971,
    0.628724,
    0.47858426,
    0.4928379421,
    0.482947,
    0.4829678135,
    0.4829277317986397,
    0.631781,
    0.4827869782,
    0.638578,
    0.638948,
    0.638897,
    0.638947,
    0.638582,
    0.638942,
    0.482789179,
    0.482743962,
    0.482175,
    0.638959,
    0.4829,
    0.638978,
    0.638937,
    0.638962,
    0.482157,
    0.638927,
    0.482957,
    0.4829837527,
    0.482973,
    0.4827847892,
    0.6318479991429766,
    0.4828969891,
    0.631847,
    0.638957,
    0.638976,
    0.4897447630358941,
    0.4821089456,
    0.6389744719676755,
    0.638924,
    0.6381747758,
    0.483927,
    0.6391827274886929,
    0.638474,
    0.473859,
    0.6321738,
    0.632876,
    0.63897192,
    0.4827938562,
    0.6328,
    0.4857178350590917,
    0.6389718919,
    0.638879,
    0.638792,
    0.638957,
    0.638987,
    0.638479,
    0.487393,
    0.472954,
    0.638987,
    0.482875,
    0.4887889783979879,
    0.632879,
    0.4785889002,
    0.631778,
    0.638599859,
    0.638974,
    0.488732,
    0.638979,
    0.638478,
    0.638985,
    0.6385721728,
    0.487326,
    0.638578,
    0.634887,
    0.6384,
    0.638987,
    0.6387427,
    0.63847,
    0.4821743571372978,
    0.638157,
    0.488763,
    0.638975,
    0.638978,
    0.485707,
    0.4837291782697662,
    0.638174,
    0.638979,
    0.483729,
    0.638957,
    0.638794,
    0.482937,
    0.483751,
    0.638985,
    0.638573,
    0.638991,
    0.638571,
    0.638987,
    0.638921,
    0.638997,
    0.683819,
    0.638943,
    0.638951,
    0.638979,
    0.458739065,
    0.4857199769702654,
    0.628888,
    0.482359,
    0.6381757785,
    0.638579,
    0.4887468729014845,
    0.48716268,
    0.488596,
    0.478538,
    0.482783,
    0.638858,
    0.638592728714287,
    0.482987,
    0.6837,
    0.638878,
    0.48287397751,
    0.638479,
    0.4682387897,
    0.632875,
    0.638758,
    0.482935,
    0.628895,
    0.4829,
    0.478583,
    0.487392,
    0.482937,
    0.6384,
    0.483729,
    0.482754648,
    0.6389728482967777,
    0.638978,
    0.482871,
    0.482379,
    0.638578,
    0.638482,
    0.638578,
    0.638949,
    0.6378918589728951,
    0.4823854943,
    0.638976,
    0.481778,
    0.638487,
    0.6389173857,
    0.638979,
    0.638542,
    0.638987,
    0.487629837,
    0.638578,
    0.638964,
    0.488372,
    0.638582,
    0.6380977139575656,
    0.638987,
    0.638849733,
    0.483729277,
    0.63884712,
    0.483729,
    0.6389789532,
    0.6384,
    0.638987,
    0.492869937,
    0.638987,
    0.638972,
    0.485719635,
    0.638955,
    0.638579,
    0.482739,
    0.6389282926544773,
    0.638987091,
    0.482936,
    0.487329,
    0.457892354,
    0.638978,
    0.483729278,
    0.482785,
    0.487396457,
    0.638579,
    0.638955,
    0.638987,
    0.638587,
    0.482857,
    0.638472,
    0.63782915,
    0.638921,
    0.4828498578,
    0.6389846941,
    0.638592,
    0.3871,
    0.638978,
    0.638978,
    0.4829,
    0.638978,
    0.483729,
    0.638936,
    0.478539,
    0.478529,
    0.4823718395726991,
    0.4829,
    0.638975,
    0.482175,
    0.4837291737798518,
    0.48751235,
    0.4948187190815374,
    0.488391973,
    0.638972,
    0.63845,
    0.63189472,
    0.48297382495,
    0.488977,
    0.478579,
    0.4829,
    0.63885,
    0.63888857,
    0.63588853,
    0.6834,
    0.638987,
    0.483729,
    0.482197,
    0.483729,
    0.638979,
    0.482788,
    0.458792345,
    0.6389877745,
    0.638478,
    0.482917,
    0.482961,
    0.482785,
    0.482987,
    0.638987,
    0.638976,
    0.458732,
    0.4825997887773946,
    0.45873921677,
    0.638478,
    0.4828713877,
    0.638582,
    0.48291376177,
    0.638942,
    0.6385720677,
    0.48635,
    0.482788,
    0.482973,
    0.632885,
    0.638775,
    0.482879,
    0.6388964157,
    0.4827839475,
    0.482736,
    0.6384,
    0.4827863931,
    0.482781,
    0.458937,
    0.4861,
    0.638791,
    0.638975,
    0.4387927963880088,
    0.478579,
    0.48287576,
    0.638172,
    0.638959,
    0.638959,
    0.6837,
    0.4829739,
    0.482837679,
    0.638961271,
    0.6389748578,
    0.4827639770144436,
    0.6389847536,
    0.638995,
    0.6387821827,
    0.6389872997880854,
    0.482377,
    0.6388997556,
    0.63186532,
    0.4821991545776786,
    0.634728,
    0.4828869516,
    0.63894,
    0.638859,
    0.638582,
    0.482924754,
    0.6389726,
    0.632847,
    0.6389721971,
    0.638572,
    0.386826,
    0.638482,
    0.638284,
    0.632879,
    0.638937,
    0.482385,
    0.63988578,
    0.6132844488978817,
    0.483729,
    0.638995,
    0.6384,
    0.628869,
    0.638987,
    0.638567,
    0.632176,
    0.6385827578,
    0.638978,
    0.638578,
    0.48739273857,
    0.483729,
    0.638942,
    0.638967,
    0.482947,
    0.458739,
    0.638818,
    0.6385720289758477,
    0.4828475729471891,
    0.48298374651,
    0.638972,
    0.63892485,
    0.63858,
    0.48278498426,
    0.638975,
