{
  "model": "gpt-4o",
  "distribution": "Beta(2, 2)",
  "mode": "independent_requests",
  "requested_samples": 1000,
  "generation_time": 491.63766074180603,
  "statistics": {
    "total_samples": 1000,
    "failed_requests": 0,
    "unique_values": 734,
    "unique_rate": 73.4,
    "mean": 0.4792856693779984,
    "std": 0.1255170686351021,
    "min": 0.1456,
    "max": 0.8294,
    "ks_statistic": 0.19135998475000005,
    "ks_pvalue": 1.5193168234743089e-32
  },
  "samples": [
    0.6246,
    0.3572,
    0.5296,
    0.4382,
    0.6573,
    0.3941,
    0.4324,
    0.5823,
    0.6432,
    0.576482,
    0.3912,
    0.4037,
    0.3568,
    0.3084,
    0.4635,
    0.5763,
    0.4186,
    0.4567,
    0.3072,
    0.3629,
    0.6445,
    0.7315,
    0.437,
    0.6543,
    0.4193,
    0.5364,
    0.3493,
    0.2743,
    0.4568,
    0.3842,
    0.4383,
    0.5283,
    0.7325,
    0.3281,
    0.3514,
    0.5963,
    0.3476,
    0.5442,
    0.6432,
    0.6574,
    0.5387,
    0.3384,
    0.4831,
    0.3724,
    0.5627,
    0.5287,
    0.5465,
    0.5672,
    0.3747,
    0.3542,
    0.4515,
    0.3585,
    0.3742,
    0.3347,
    0.6893,
    0.3485,
    0.5923,
    0.3743,
    0.5463,
    0.4679,
    0.5891,
    0.6148,
    0.4236,
    0.6375,
    0.4193,
    0.5913,
    0.5043,
    0.3349,
    0.4162,
    0.4765,
    0.4322,
    0.3389,
    0.3947,
    0.4213,
    0.5272,
    0.6537,
    0.5362,
    0.3946,
    0.482,
    0.4462,
    0.6523,
    0.6881,
    0.4674,
    0.5514,
    0.4367,
    0.4673,
    0.4124,
    0.5763,
    0.4318,
    0.5221,
    0.5437,
    0.3851,
    0.4189,
    0.4167,
    0.4387,
    0.6734,
    0.5861,
    0.6467,
    0.6943,
    0.3859,
    0.3524,
    0.6623,
    0.5274,
    0.4083,
    0.3985,
    0.6312,
    0.3974,
    0.5764,
    0.5873,
    0.8214,
    0.3392,
    0.6347,
    0.3492,
    0.3749,
    0.6375,
    0.6793,
    0.4765,
    0.3771,
    0.3433,
    0.4842,
    0.3922,
    0.5871,
    0.5837,
    0.4052,
    0.3864,
    0.4217,
    0.3763,
    0.3279,
    0.5324,
    0.3317,
    0.4846,
    0.3268271042,
    0.4629,
    0.2763,
    0.5138,
    0.3758,
    0.2721,
    0.4387,
    0.3415,
    0.7125,
    0.6235,
    0.2293,
    0.6053,
    0.2347,
    0.3437,
    0.6743,
    0.3471,
    0.4732,
    0.3745,
    0.4683,
    0.5374,
    0.7723,
    0.5753,
    0.3725,
    0.5623,
    0.5712,
    0.7035,
    0.667,
    0.3642,
    0.4527,
    0.4735,
    0.3837,
    0.4165,
    0.4719,
    0.3471,
    0.3377,
    0.4873,
    0.5634,
    0.5612,
    0.3931,
    0.4873,
    0.3479,
    0.5729,
    0.5832,
    0.6342,
    0.3065,
    0.3244,
    0.3665,
    0.5137,
    0.7325,
    0.4537,
    0.5548,
    0.6471,
    0.3387,
    0.4761,
    0.6457,
    0.5612,
    0.6328,
    0.4315,
    0.6373,
    0.4261,
    0.5153,
    0.6512,
    0.2871,
    0.3873,
    0.6369,
    0.4312,
    0.6674,
    0.2371,
    0.3478,
    0.4896,
    0.4511,
    0.3951,
    0.5863,
    0.5962,
    0.6235,
    0.5372,
    0.4935,
    0.5923,
    0.6034,
    0.5672,
    0.5387,
    0.5772,
    0.3768,
    0.3472,
    0.4442,
    0.4873,
    0.3745,
    0.5421,
    0.2315,
    0.6081,
    0.3745,
    0.3741,
    0.6374,
    0.5183,
    0.4236,
    0.5949,
    0.3124,
    0.4362,
    0.4872,
    0.4152,
    0.6152,
    0.4286,
    0.7861,
    0.6248,
    0.6351,
    0.3547,
    0.5579,
    0.4728,
    0.6371,
    0.3762,
    0.5463,
    0.4326,
    0.2376,
    0.3358,
    0.3725,
    0.3654,
    0.5134,
    0.7345,
    0.5839,
    0.4736,
    0.6753,
    0.2671,
    0.4665,
    0.3741,
    0.3678,
    0.3238,
    0.3046,
    0.6465,
    0.4367,
    0.3641,
    0.2557,
    0.3229,
    0.6317,
    0.4328,
    0.3742,
    0.4176,
    0.5883,
    0.3748,
    0.3742,
    0.6123,
    0.3108,
    0.4134,
    0.3832,
    0.6925,
    0.5308,
    0.4218,
    0.3768,
    0.6782,
    0.4682,
    0.3122,
    0.3447,
    0.5164,
    0.6859,
    0.4356,
    0.549480539,
    0.6974,
    0.3728,
    0.5149,
    0.1456,
    0.4582,
    0.4725,
    0.5623,
    0.6473,
    0.5641,
    0.3386,
    0.6873,
    0.4635,
    0.6354,
    0.3312,
    0.6537,
    0.6281,
    0.6572,
    0.5417,
    0.4273,
    0.2716,
    0.7154,
    0.6895,
    0.3726,
    0.2847,
    0.3434,
    0.2914,
    0.7381,
    0.3046,
    0.6142,
    0.3721,
    0.2778,
    0.2764,
    0.5713,
    0.3271,
    0.6842,
    0.5628,
    0.684,
    0.5731,
    0.4926,
    0.5436,
    0.7355,
    0.6142,
    0.6375,
    0.4782,
    0.3306,
    0.6425,
    0.3564,
    0.3725,
    0.6394,
    0.5291,
    0.4689,
    0.5723,
    0.4783,
    0.4367,
    0.3541,
    0.3741,
    0.6342,
    0.5347,
    0.5294,
    0.5284,
    0.2764,
    0.3472,
    0.3272,
    0.3452,
    0.5853,
    0.3211,
    0.6632,
    0.4386,
    0.5283,
    0.2873,
    0.4678,
    0.6374,
    0.4513,
    0.6013,
    0.5738,
    0.5728,
    0.3594,
    0.3659,
    0.7745,
    0.5942,
    0.5029,
    0.3271,
    0.3649,
    0.7465,
    0.3442,
    0.3271,
    0.4873,
    0.3153,
    0.4413,
    0.2484,
    0.4319,
    0.4568,
    0.5437,
    0.6749,
    0.3217,
    0.6174,
    0.4672,
    0.6734,
    0.3425,
    0.4375,
    0.6543,
    0.3881,
    0.6731,
    0.3176,
    0.4829,
    0.4381,
    0.6375,
    0.2738,
    0.3141,
    0.3478,
    0.5812,
    0.6031,
    0.4215,
    0.4125,
    0.6341,
    0.3832,
    0.3279,
    0.5314,
    0.5613,
    0.3673,
    0.5283,
    0.4728,
    0.3115,
    0.4753,
    0.4183,
    0.5213,
    0.4817,
    0.5147,
    0.4235,
    0.4536,
    0.6341,
    0.6793,
    0.5249,
    0.4032,
    0.5987,
    0.5932,
    0.3316,
    0.3448,
    0.3561,
    0.3347,
    0.3947,
    0.6832,
    0.3457,
    0.4267,
    0.5343,
    0.6249,
    0.6744,
    0.3274,
    0.5321,
    0.6105,
    0.6382,
    0.7327,
    0.2874,
    0.5462,
    0.3262,
    0.4532,
    0.4021,
    0.6083,
    0.3932,
    0.6815,
    0.4862,
    0.3714,
    0.4325,
    0.4093,
    0.5312,
    0.2614,
    0.3351,
    0.3482,
    0.4843,
    0.2938,
    0.401321,
    0.6223,
    0.4725,
    0.3674,
    0.4602,
    0.3729,
    0.7139,
    0.3472,
    0.2863,
    0.3781,
    0.4763,
    0.5172,
    0.3274,
    0.4884,
    0.6071,
    0.3906,
    0.7412,
    0.4321,
    0.4567,
    0.3673,
    0.6237,
    0.4673,
    0.3475,
    0.3728,
    0.4927,
    0.3221,
    0.2871,
    0.4229,
    0.3289,
    0.4315,
    0.4732,
    0.5321,
    0.431627,
    0.5678,
    0.7135,
    0.4865,
    0.5473,
    0.6471,
    0.3724,
    0.3748,
    0.3769,
    0.4507,
    0.6245,
    0.6593,
    0.7132,
    0.5681,
    0.5542,
    0.4517,
    0.5623,
    0.2371,
    0.3942,
    0.5651,
    0.5348,
    0.5793,
    0.3297,
    0.4532,
    0.5347,
    0.3542,
    0.4572,
    0.6412,
    0.3719,
    0.3427,
    0.4927,
    0.4112,
    0.4784,
    0.5987,
    0.4236,
    0.4867,
    0.6043,
    0.3752,
    0.6372,
    0.8294,
    0.4857,
    0.4761,
    0.3178,
    0.6789,
    0.2537,
    0.4531,
    0.4836,
    0.5753,
    0.3785,
    0.4597,
    0.4278,
    0.7271,
    0.5678,
    0.5593,
    0.3157,
    0.5132,
    0.7118,
    0.4981,
    0.4327,
    0.4512,
    0.6743,
    0.6372,
    0.5934,
    0.5433,
    0.6361,
    0.4627,
    0.2175,
    0.5984,
    0.5462,
    0.4452,
    0.4571,
    0.4803,
    0.3925,
    0.3198,
    0.5963,
    0.2874,
    0.6914,
    0.6612,
    0.3891,
    0.6574,
    0.3742,
    0.3081,
    0.6284,
    0.3657,
    0.6731,
    0.4671,
    0.2537,
    0.4837,
    0.4325,
    0.4721,
    0.3742,
    0.6142,
    0.5932,
    0.4116,
    0.4365,
    0.5378,
    0.6372,
    0.6375,
    0.4375,
    0.4271,
    0.5147,
    0.3912,
    0.4375,
    0.3627,
    0.5382,
    0.4753,
    0.3281,
    0.6321,
    0.3785,
    0.6243,
    0.3376,
    0.4625,
    0.4372,
    0.5897,
    0.4325,
    0.6072,
    0.5623,
    0.5324,
    0.318957462623863,
    0.5812,
    0.6451,
    0.3942,
    0.5341,
    0.4825,
    0.6785,
    0.3498,
    0.5613,
    0.4032,
    0.5071,
    0.4345,
    0.2625,
    0.3771,
    0.5271,
    0.7486,
    0.4632,
    0.5783,
