{
  "model": "openai/gpt-oss-120b",
  "distribution": "Beta",
  "mode": "independent_requests",
  "max_workers": 50,
  "requested_samples": 1000,
  "generation_time": 61.30078339576721,
  "statistics": {
    "total_samples": 1000,
    "failed_requests": 0,
    "mean": 0.4588958710429823,
    "std": 0.0880114942730059,
    "min": 0.0,
    "max": 0.765,
    "ks_statistic": 0.30251823452422366,
    "ks_pvalue": 1.090633963937158e-81
  },
  "samples": [
    0.3821,
    0.4173,
    0.3621,
    0.621,
    0.374523,
    0.437196,
    0.3678,
    0.4731,
    0.437821,
    0.4289,
    0.4381,
    0.487652,
    0.3715,
    0.6314,
    0.4371,
    0.4173,
    0.4372,
    0.468231,
    0.473182,
    0.2745,
    0.428791,
    0.382157,
    0.462839,
    0.423,
    0.421736,
    0.371842,
    0.374,
    0.632,
    0.462839,
    0.6073421951,
    0.3742,
    0.467,
    0.4187,
    0.564321,
    0.432145,
    0.3765,
    0.4371,
    0.473215,
    0.543212345,
    0.3821,
    0.438,
    0.4231,
    0.3847,
    0.423,
    0.4613,
    0.437291,
    0.421867,
    0.412345,
    0.527,
    0.634192,
    0.4297,
    0.3845,
    0.699,
    0.4729,
    0.36485,
    0.699,
    0.368,
    0.3665,
    0.317,
    0.4173,
    0.371294,
    0.4227,
    0.427891,
    0.322682,
    0.6253,
    0.4678,
    0.472831,
    0.428915,
    0.3342,
    0.57,
    0.3827,
    0.618,
    0.437,
    0.423,
    0.467,
    0.371,
    0.487,
    0.617,
    0.6621,
    0.453,
    0.423,
    0.471283,
    0.4267,
    0.4382,
    0.4627,
    0.371,
    0.471,
    0.467,
    0.428915,
    0.503742,
    0.3745,
    0.421837,
    0.4523,
    0.632148,
    0.354732,
    0.423,
    0.3746,
    0.4172,
    0.374195,
    0.317645,
    0.467,
    0.3796,
    0.6416,
    0.3847,
    0.427,
    0.437,
    0.4172,
    0.4713,
    0.432761,
    0.483219,
    0.617354,
    0.6274,
    0.2875,
    0.437192,
    0.5274,
    0.423587,
    0.334215,
    0.437215,
    0.4381,
    0.4731,
    0.436281,
    0.437185,
    0.357,
    0.463721,
    0.4671,
    0.6006,
    0.476393,
    0.438957,
    0.472,
    0.3521,
    0.426,
    0.384527,
    0.467,
    0.382,
    0.432589,
    0.4235,
    0.423,
    0.3606,
    0.4231,
    0.587,
    0.432,
    0.613842,
    0.4627,
    0.467839,
    0.4627,
    0.361,
    0.4115,
    0.4671829471,
    0.423571,
    0.4381,
    0.413592,
    0.374,
    0.424,
    0.483291,
    0.6432,
    0.382745,
    0.3712,
    0.3847,
    0.428,
    0.3742,
    0.4713,
    0.4371,
    0.423,
    0.57,
    0.3841,
    0.4627,
    0.404,
    0.4237,
    0.417532,
    0.48,
    0.5271,
    0.417,
    0.60056,
    0.386,
    0.581237,
    0.4278,
    0.483726,
    0.558,
    0.347,
    0.7115,
    0.642731,
    0.423,
    0.4731,
    0.4187,
    0.6182,
    0.3271,
    0.467,
    0.463527,
    0.3847,
    0.4281,
    0.4738271492,
    0.5114,
    0.3812,
    0.567,
    0.3614,
    0.617839,
    0.547823,
    0.437529,
    0.4732,
    0.421,
    0.4623,
    0.563,
    0.374215,
    0.3721,
    0.463178,
    0.374,
    0.427,
    0.3764,
    0.3625,
    0.374862,
    0.473,
    0.4721,
    0.374821,
    0.587,
    0.382157,
    0.587,
    0.583274,
    0.342157,
    0.462989,
    0.423761,
    0.632145,
    0.482931,
    0.432187,
    0.54321,
    0.421567,
    0.5088,
    0.428716,
    0.583174,
    0.342,
    0.467312,
    0.6381,
    0.3764,
    0.372156,
    0.378,
    0.437212,
    0.5821,
    0.3745,
    0.543,
    0.673845,
    0.421837,
    0.6312,
    0.421,
    0.3867,
    0.423,
    0.438,
    0.4835,
    0.372,
    0.4763,
    0.374821,
    0.374,
    0.4237,
    0.417,
    0.4235,
    0.4267,
    0.4623,
    0.423,
    0.4382,
    0.4231,
    0.428921,
    0.4235,
    0.384,
    0.4372,
    0.4712,
    0.4235,
    0.4321,
    0.4721,
    0.387,
    0.421983,
    0.428917,
    0.3742,
    0.417829,
    0.426,
    0.423587,
    0.374821,
    0.711317,
    0.428924,
    0.413527,
    0.6521,
    0.4381,
    0.4127,
    0.423,
    0.3942,
    0.421,
    0.4231,
    0.617,
    0.389,
    0.386,
    0.374658,
    0.627,
    0.636,
    0.4472,
    0.423687,
    0.527,
    0.4628,
    0.3841,
    0.662,
    0.382174,
    0.4628,
    0.432918,
    0.4721,
    0.462938,
    0.4237,
    0.467,
    0.5862,
    0.627191,
    0.374812,
    0.463217,
    0.4627,
    0.437261,
    0.4837,
    0.4372,
    0.41,
    0.473,
    0.438726,
    0.423,
    0.3842,
    0.537,
    0.4178,
    0.483,
    0.6005,
    0.476,
    0.374921,
    0.4235,
    0.4732,
    0.3847,
    0.432,
    0.483921,
    0.4271,
    0.4025,
    0.578,
    0.4178427617892253,
    0.5127,
    0.48,
    0.4217,
    0.382938,
    0.462315,
    0.4371,
    0.387,
    0.473291,
    0.472315,
    0.4766,
    0.344,
    0.312847,
    0.4721,
    0.432157,
    0.4385,
    0.437291,
    0.658,
    0.473815,
    0.421637,
    0.4379,
    0.6235,
    0.3478,
    0.4387,
    0.462751,
    0.383,
    0.432145,
    0.4721385921,
    0.423,
    0.4681214753,
    0.432158,
    0.383,
    0.421367,
    0.4835,
    0.324716,
    0.3742,
    0.576839,
    0.3627,
    0.4627,
    0.483921,
    0.4735,
    0.483,
    0.473851,
    0.5712,
    0.417,
    0.417364,
    0.483927,
    0.4731,
    0.4547,
    0.4837,
    0.432,
    0.3745,
    0.3847,
    0.4732,
    0.4178,
    0.421839,
    0.478291,
    0.473218,
    0.4237,
    0.3827,
    0.4678,
    0.463215,
    0.4375,
    0.4831247351,
    0.5421,
    0.5123,
    0.48,
    0.433928,
    0.527,
    0.3821,
    0.527,
    0.378,
    0.432814,
    0.3625,
    0.621,
    0.523418,
    0.468921,
    0.376,
    0.617,
    0.5,
    0.367,
    0.566,
    0.4235,
    0.463719,
    0.371,
    0.374152,
    0.437,
    0.427158,
    0.384172,
    0.3745,
    0.4127,
    0.662,
    0.307,
    0.3846,
    0.4371628945,
    0.4732,
    0.423,
    0.437,
    0.437,
    0.427,
    0.3649,
    0.472985,
    0.427,
    0.587,
    0.4736429512,
    0.3627,
    0.473251,
    0.5174,
    0.623,
    0.58,
    0.5641,
    0.3578,
    0.423759,
    0.387,
    0.447,
    0.278,
    0.374,
    0.4025,
    0.641,
    0.37,
    0.483,
    0.462,
    0.418,
    0.391,
    0.448,
    0.384517,
    0.4271,
    0.534221,
    0.7321,
    0.317842,
    0.6305,
    0.374,
    0.437182,
    0.423718,
    0.441742,
    0.487236,
    0.617,
    0.374582,
    0.424673,
    0.4245,
    0.4267,
    0.423913,
    0.4387,
    0.4321,
    0.4271,
    0.4321,
    0.3741,
    0.5812,
    0.4281,
    0.3721,
    0.472,
    0.417,
    0.428,
    0.6725,
    0.632,
    0.4972,
    0.48,
    0.374,
    0.538721,
    0.7115,
    0.3745,
    0.463528,
    0.412351,
    0.3271,
    0.643211,
    0.374986,
    0.4247,
    0.527184,
    0.6414,
    0.3845,
    0.386,
    0.432,
    0.473291,
    0.453721,
    0.3761,
    0.43,
    0.423,
    0.367891,
    0.3178,
    0.404,
    0.3749505872,
    0.617,
    0.438217,
    0.423,
    0.63,
    0.4678,
    0.371,
    0.4217,
    0.617423,
    0.4187,
    0.627,
    0.417263,
    0.374825,
    0.521,
    0.4732,
    0.426,
    0.3674,
    0.3612,
    0.618246,
    0.4371,
    0.463728,
    0.463527,
    0.641532,
    0.374,
    0.404,
    0.371842,
    0.584732,
    0.4237,
    0.3667,
    0.4671,
    0.437,
    0.629,
    0.4265,
    0.4731,
    0.463,
    0.421,
    0.4171,
    0.4289572631,
    0.317,
    0.4673,
    0.417253,
    0.4635,
    0.3745,
    0.483721,
    0.4173,
    0.4321,
    0.423,
    0.5862,
    0.4817,
    0.384,
    0.6215,
    0.7116,
    0.417,
    0.3842,
    0.438917,
    0.423,
    0.42,
    0.421,
    0.4267,
    0.462751,
    0.437182,
    0.423517,
    0.3929,
    0.462874,
    0.371642,
    0.617,
    0.483729,
    0.432157,
    0.4231,
    0.4671,
    0.374,
    0.387,
    0.437095,
    0.367891,
    0.367,
    0.571428,
    0.5372,
    0.6615,
    0.4812,
    0.4712,
    0.5743,
    0.374156,
    0.3846,
    0.4289,
    0.421682,
    0.641,
    0.4172,
    0.758401,
    0.517483,
    0.623194,
    0.372,
    0.4265,
    0.4381,
    0.3072,
    0.6275,
    0.3647,
    0.618721,
