{
  "model_name": "gpt-5.2",
  "test_type": "independent_requests",
  "distribution": "Beta",
  "parameters": {
    "alpha": 2,
    "beta": 2
  },
  "requested_samples": 1000,
  "actual_samples": 1000,
  "failed_requests": 0,
  "samples": [
    0.614328,
    0.431782,
    0.428391,
    0.583927,
    0.537184,
    0.571834,
    0.548392,
    0.6143729238,
    0.6814290573,
    0.582914,
    0.608347,
    0.637418,
    0.4839172651,
    0.461782,
    0.632741,
    0.432817,
    0.613742,
    0.584271,
    0.4279183642,
    0.582947,
    0.612847,
    0.637428,
    0.438271,
    0.639482,
    0.634781,
    0.584231,
    0.641739,
    0.618473,
    0.432718,
    0.6284173926,
    0.707381,
    0.613742,
    0.4027369158,
    0.4682093174,
    0.427916,
    0.5862143927,
    0.4837291654,
    0.482716,
    0.618473,
    0.6928431714,
    0.5839162473,
    0.632847,
    0.594237,
    0.6143729184,
    0.438217,
    0.671428,
    0.628417,
    0.6184372159,
    0.4317829452,
    0.6184372419,
    0.643817,
    0.637284,
    0.703812,
    0.614832,
    0.431782,
    0.682947,
    0.532846,
    0.4837291654,
    0.6318470293,
    0.6158427391,
    0.613847,
    0.4217389156,
    0.432817,
    0.5739184621,
    0.4837162941,
    0.4176329184,
    0.674382,
    0.6128473961,
    0.631847,
    0.617384,
    0.638472,
    0.463817,
    0.465839,
    0.4872916432,
    0.462913,
    0.634817,
    0.583194,
    0.6637284215,
    0.671384,
    0.682941,
    0.437281,
    0.6143729185,
    0.583721,
    0.563829,
    0.5632748193,
    0.431762,
    0.584237,
    0.638472,
    0.634728,
    0.573914,
    0.582971,
    0.4649137305,
    0.4367291805,
    0.452817,
    0.613847,
    0.641839,
    0.614782,
    0.463817,
    0.609317,
    0.4682719734,
    0.623914,
    0.6162847385,
    0.613728,
    0.614238,
    0.534781,
    0.583271,
    0.4638127992,
    0.4568923174,
    0.6318473925,
    0.618472,
    0.6183472956,
    0.687439,
    0.4729638513,
    0.431892,
    0.4617392846,
    0.4837162941,
    0.731482,
    0.423781,
    0.4138725961,
    0.468291,
    0.4172839461,
    0.604271,
    0.3847162935,
    0.6842731962,
    0.639274,
    0.613847,
    0.4168297429,
    0.4783612947,
    0.634817,
    0.4182764399,
    0.624931,
    0.3927486153,
    0.426913,
    0.681923,
    0.5739182641,
    0.496832,
    0.586317,
    0.631728,
    0.684217,
    0.685247,
    0.6873159426,
    0.571832,
    0.435872,
    0.417392,
    0.4379281643,
    0.463817,
    0.613847,
    0.614738,
    0.628417,
    0.477105,
    0.628491,
    0.731548,
    0.4718362942,
    0.4279184632,
    0.568392,
    0.613842,
    0.3147629851,
    0.618472,
    0.4137289456,
    0.463817,
    0.428613,
    0.639274,
    0.687392,
    0.613847,
    0.417286,
    0.4729183615,
    0.684217,
    0.7042819632,
    0.684237,
    0.637284,
    0.641972,
    0.637418,
    0.588417,
    0.564328,
    0.6184379213,
    0.7364182947,
    0.648372,
    0.532847,
    0.4378629513,
    0.583294,
    0.639247,
    0.548317,
    0.6062483947,
    0.5639482714,
    0.438271,
    0.684172,
    0.538274,
    0.634718,
    0.562913,
    0.589274,
    0.593274,
    0.682947,
    0.6138472931,
    0.7439183625,
    0.581742,
    0.478219,
    0.675132,
    0.637421,
    0.5746183029,
    0.4763819274,
    0.5783642179,
    0.462918,
    0.613847,
    0.372918,
    0.3785261839,
    0.6358472931,
    0.623917,
    0.562947,
    0.631742,
    0.636529,
    0.621483,
    0.462817,
    0.593742,
    0.4137268952,
    0.574193,
    0.6173840291,
    0.610274,
    0.4331924176,
    0.612743,
    0.7063181947,
    0.615732,
    0.6153728941,
    0.462781,
    0.583742,
    0.583217,
    0.7138468925,
    0.372941,
    0.584236,
    0.517284,
    0.6362841729,
    0.637418,
    0.582914,
    0.584213,
    0.432716,
    0.6284917342,
    0.4472859312,
    0.573819,
    0.573194,
    0.6184729135,
    0.581394,
    0.4817396205,
    0.612847,
    0.573804,
    0.613842,
    0.524817,
    0.623941,
    0.573862,
    0.4338172619,
    0.462938,
    0.632847,
    0.6274189352,
    0.671392,
    0.667238,
    0.6037492812,
    0.4673190162,
    0.463781,
    0.678431,
    0.615834,
    0.673821,
    0.4639175821,
    0.6342786159,
    0.587416,
    0.624831,
    0.463829,
    0.594372,
    0.6143821759,
    0.634817,
    0.682417,
    0.631847,
    0.518392,
    0.4873629158,
    0.608742,
    0.538274,
    0.734186,
    0.472391,
    0.6328402179,
    0.682491,
    0.6137429184,
    0.482719,
    0.6173842961,
    0.5829146732,
    0.6374289103,
    0.612847,
    0.403728,
    0.3769142305,
    0.653184,
    0.462739,
    0.512843,
    0.4281392517,
    0.593817,
    0.574839,
    0.342817,
    0.584723,
    0.6347289153,
    0.5638291742,
    0.4217369132,
    0.637284,
    0.612847,
    0.621483,
    0.443781,
    0.614739,
    0.7148624913,
    0.4167328473,
    0.6427183491,
    0.682931,
    0.632948,
    0.6239147531,
    0.652381,
    0.527384,
    0.4372869124,
    0.6137482719,
    0.612847,
    0.6138427194,
    0.463182,
    0.578361,
    0.734918,
    0.6137482941,
    0.672431,
    0.468392,
    0.684237,
    0.612843,
    0.433817,
    0.6137429184,
    0.632714,
    0.612847,
    0.633741,
    0.4127368953,
    0.4637291842,
    0.6349281673,
    0.6229149376,
    0.4472186329,
    0.6174208319,
    0.608391,
    0.641872,
    0.4167283029,
    0.638417,
    0.521843,
    0.624793,
    0.618473,
    0.4187362495,
    0.523841,
    0.5873629145,
    0.4317829146,
    0.587342,
    0.436792,
    0.573928,
    0.607384,
    0.612748,
    0.6138743921,
    0.638417,
    0.4718623195,
    0.6183479264,
    0.634817,
    0.431927,
    0.437286,
    0.634718,
    0.6382147285,
    0.628417,
    0.428371,
    0.6148921735,
    0.517384,
    0.4638172941,
    0.673829,
    0.467182,
    0.431792,
    0.639274,
    0.419273,
    0.583741,
    0.4739182746,
    0.687392,
    0.584217,
    0.6348271935,
    0.702381,
    0.463812,
    0.467238,
    0.6382742961,
    0.6132746829,
    0.431728,
    0.3918462753,
    0.4271968213,
    0.576384,
    0.427193,
    0.4793826157,
    0.684729,
    0.614382,
    0.642738,
    0.638274,
    0.632914,
    0.6184729315,
    0.629417,
    0.4738162931,
    0.631482,
    0.423781,
    0.4739182461,
    0.658327,
    0.5783612047,
    0.6138472094,
    0.613942,
    0.6318472053,
    0.583724,
    0.408173,
    0.637284,
    0.432781,
    0.537284,
    0.673842,
    0.4517382659,
    0.614273,
    0.3647192038,
    0.421735,
    0.5718364281,
    0.4187360294,
    0.705831,
    0.623941,
    0.4873261094,
    0.412683,
    0.678392,
    0.4873629146,
    0.613847,
    0.6923842751,
    0.517284,
    0.4186379125,
    0.4128631754,
    0.524173,
    0.573914,
    0.623714,
    0.4187362941,
    0.613847,
    0.431728,
    0.467193,
    0.4769023187,
    0.643872,
    0.655381,
    0.623814,
    0.6183749231,
    0.692841,
    0.534712,
    0.431728,
    0.4639172841,
    0.3719482065,
    0.4627183953,
    0.439728,
    0.682731,
    0.623817,
    0.613847,
    0.4837162294,
    0.724918,
    0.4638192741,
    0.618372,
    0.582947,
    0.543762,
    0.583742,
    0.7093187342,
    0.647382,
    0.4372918642,
    0.583274,
    0.4639182741,
    0.638271,
    0.6318429724,
    0.603817,
    0.4273618582,
    0.4372196938,
    0.624718,
    0.391742,
    0.4863927451,
    0.587243,
    0.6183479205,
    0.594216,
    0.4369821713,
    0.4837264519,
    0.632814,
    0.4672918436,
    0.613842,
    0.6173248391,
    0.4639182741,
    0.372491,
    0.684217,
    0.5638429174,
    0.613742,
    0.427391,
    0.4327718049,
    0.564283,
    0.472913,
    0.5937482063,
    0.6384179023,
    0.6148723619,
    0.632781,
    0.637418,
    0.587416,
    0.4572813962,
    0.4316829047,
    0.6228743168,
    0.3926481473,
    0.612847,
    0.604317,
    0.426913,
    0.623871,
    0.6184739206,
    0.586317,
    0.617943,
    0.6184729136,
    0.657381,
    0.4372186974,
    0.587314,
