{
  "model": "meta-llama/Llama-4-Scout-17B-16E-Instruct",
  "distribution": "Beta(2, 2)",
  "mode": "independent_requests",
  "requested_samples": 1000,
  "generation_time": 547.9362945556641,
  "statistics": {
    "total_samples": 1000,
    "failed_requests": 0,
    "unique_values": 50,
    "unique_rate": 5.0,
    "mean": 0.469892968634535,
    "std": 0.13055191651085032,
    "min": 0.304,
    "max": 0.7589,
    "ks_statistic": 0.34850069136708506,
    "ks_pvalue": 4.785658467251248e-109
  },
  "samples": [
    0.551,
    0.377,
    0.377,
    0.758,
    0.551,
    0.431591,
    0.758663,
    0.431591,
    0.377,
    0.7481,
    0.431591,
    0.351,
    0.337,
    0.431,
    0.431519,
    0.431,
    0.598135,
    0.304,
    0.431901,
    0.551,
    0.431,
    0.377,
    0.339426,
    0.431591,
    0.315227,
    0.431591,
    0.431591,
    0.351,
    0.431372,
    0.431591,
    0.431372,
    0.431901,
    0.431429,
    0.377,
    0.431,
    0.431591,
    0.7481,
    0.377,
    0.758198,
    0.377,
    0.431591,
    0.431591,
    0.431591,
    0.431591,
    0.431,
    0.431,
    0.315,
    0.377,
    0.551,
    0.7481,
    0.431591,
    0.431591,
    0.377,
    0.551,
    0.431591,
    0.337,
    0.431649,
    0.753,
    0.7481,
    0.431372,
    0.431591,
    0.598135,
    0.598135,
    0.431,
    0.337,
    0.431,
    0.431912,
    0.377,
    0.758499,
    0.431372,
    0.377,
    0.377,
    0.431901,
    0.377,
    0.431591,
    0.598,
    0.351,
    0.7481,
    0.758445,
    0.431,
    0.431901,
    0.304,
    0.431591,
    0.431901,
    0.431912,
    0.431,
    0.431,
    0.351,
    0.304,
    0.351,
    0.337851,
    0.431372,
    0.7481,
    0.431901,
    0.377,
    0.431591,
    0.377,
    0.7481,
    0.7481,
    0.431901,
    0.551,
    0.377,
    0.598,
    0.431591,
    0.431901,
    0.431,
    0.431,
    0.431591,
    0.598135,
    0.551,
    0.431901,
    0.377,
    0.551,
    0.7481,
    0.377,
    0.431591,
    0.351,
    0.431,
    0.431,
    0.431901,
    0.431901,
    0.377,
    0.377,
    0.551,
    0.431,
    0.551,
    0.315,
    0.431,
    0.431591,
    0.431591,
    0.431901,
    0.351,
    0.551,
    0.551,
    0.7481,
    0.7481,
    0.758,
    0.377,
    0.758198,
    0.748,
    0.7481,
    0.551,
    0.431,
    0.431591,
    0.431649,
    0.351,
    0.431,
    0.431,
    0.551,
    0.431,
    0.431591,
    0.431901,
    0.7581,
    0.304,
    0.598135,
    0.431,
    0.758663,
    0.551,
    0.431,
    0.431591,
    0.431,
    0.377,
    0.377,
    0.598135,
    0.598135,
    0.758445,
    0.431591,
    0.7481,
    0.431,
    0.551,
    0.377,
    0.431901,
    0.351,
    0.351,
    0.431901,
    0.377,
    0.758,
    0.377,
    0.431591,
    0.337,
    0.377,
    0.431591,
    0.431901,
    0.7532,
    0.377,
    0.431,
    0.431591,
    0.351,
    0.351,
    0.7481,
    0.431591,
    0.431549,
    0.431901,
    0.758,
    0.551,
    0.337,
    0.758894,
    0.315,
    0.431591,
    0.377,
    0.758894,
    0.431591,
    0.351,
    0.337851,
    0.431,
    0.377,
    0.351,
    0.431912,
    0.431591,
    0.431591,
    0.431901,
    0.431591,
    0.377,
    0.351,
    0.431,
    0.551,
    0.304,
    0.431912,
    0.431549,
    0.431591,
    0.551,
    0.337,
    0.551,
    0.431591,
    0.377,
    0.551,
    0.431,
    0.431,
    0.431591,
    0.351,
    0.431591,
    0.431591,
    0.7481,
    0.431,
    0.431591,
    0.758,
    0.431591,
    0.377,
    0.758894,
    0.377,
    0.377,
    0.431591,
    0.431,
    0.351,
    0.551,
    0.431591,
    0.431591,
    0.337,
    0.304,
    0.431901,
    0.351,
    0.431,
    0.377,
    0.377,
    0.431591,
    0.431591,
    0.551,
    0.431,
    0.431,
    0.431901,
    0.431,
    0.7481,
    0.551,
    0.431,
    0.758198,
    0.377,
    0.377,
    0.377,
    0.431549,
    0.431,
    0.377,
    0.431591,
    0.758198,
    0.377,
    0.431591,
    0.551,
    0.431912,
    0.431819,
    0.431,
    0.431901,
    0.598135,
    0.431,
    0.431591,
    0.431901,
    0.315,
    0.431591,
    0.351,
    0.431591,
    0.377,
    0.431,
    0.431591,
    0.337,
    0.377,
    0.304,
    0.551,
    0.431591,
    0.377,
    0.551,
    0.431091,
    0.431,
    0.431591,
    0.431591,
    0.377,
    0.377,
    0.551,
    0.377,
    0.377,
    0.431,
    0.551,
    0.431591,
    0.351,
    0.431901,
    0.551,
    0.431591,
    0.315,
    0.431912,
    0.431,
    0.377,
    0.431591,
    0.758403,
    0.431591,
    0.519,
    0.431591,
    0.431,
    0.377,
    0.431912,
    0.431,
    0.431,
    0.431591,
    0.7581,
    0.431372,
    0.377,
    0.431,
    0.758,
    0.431591,
    0.758198,
    0.431591,
    0.748,
    0.598135,
    0.431372,
    0.431591,
    0.431372,
    0.431591,
    0.758894,
    0.748,
    0.551,
    0.7481,
    0.431591,
    0.304,
    0.7481,
    0.351,
    0.377,
    0.431901,
    0.431591,
    0.377,
    0.758403,
    0.431,
    0.7481,
    0.304,
    0.431912,
    0.7481,
    0.431591,
    0.431,
    0.598135,
    0.351,
    0.551,
    0.431901,
    0.7481,
    0.431591,
    0.7481,
    0.431,
    0.431519,
    0.431372,
    0.377,
    0.7481,
    0.377,
    0.431649,
    0.337,
    0.431,
    0.7481,
    0.431591,
    0.551,
    0.431,
    0.758663,
    0.551,
    0.431,
    0.431,
    0.377,
    0.351,
    0.315,
    0.431372,
    0.431,
    0.7481,
    0.431591,
    0.431591,
    0.431591,
    0.315,
    0.431901,
    0.7481,
    0.431901,
    0.43155,
    0.377,
    0.431591,
    0.551,
    0.351,
    0.431,
    0.431591,
    0.431,
    0.431,
    0.758403,
    0.351,
    0.598135,
    0.748,
    0.7481,
    0.431,
    0.7481,
    0.551,
    0.598135,
    0.431,
    0.377,
    0.758,
    0.337,
    0.431591,
    0.431912,
    0.748,
    0.377,
    0.377,
    0.748,
    0.351,
    0.431,
    0.431649,
    0.431591,
    0.431,
    0.431,
    0.7481,
    0.377,
    0.7481,
    0.431,
    0.431,
    0.431,
    0.431,
    0.758,
    0.431901,
    0.431901,
    0.377,
    0.431,
    0.551,
    0.598135,
    0.431591,
    0.551,
    0.315,
    0.431591,
    0.431591,
    0.377,
    0.315,
    0.431901,
    0.598135,
    0.431,
    0.431519,
    0.551,
    0.551,
    0.315,
    0.431,
    0.377,
    0.551,
    0.7481,
    0.758894,
    0.7481,
    0.304,
    0.431591,
    0.431,
    0.377,
    0.431901,
    0.431,
    0.431591,
    0.431372,
    0.758,
    0.431901,
    0.431591,
    0.431591,
    0.431901,
    0.431591,
    0.551,
    0.431591,
    0.431,
    0.431,
    0.431591,
    0.431901,
    0.431901,
    0.377,
    0.431,
    0.431,
    0.431591,
    0.598135,
    0.337,
    0.7581,
    0.431,
    0.598463,
    0.431901,
    0.431,
    0.351,
    0.431591,
    0.431550987,
    0.315,
    0.431,
    0.551,
    0.7481,
    0.351,
    0.758198,
    0.431,
    0.431591,
    0.431,
    0.431901,
    0.758499,
    0.758,
    0.377,
    0.431591,
    0.304,
    0.431519,
    0.377,
    0.551,
    0.7481,
    0.315,
    0.351,
    0.758894,
    0.431,
    0.758663,
    0.431591,
    0.304,
    0.304,
    0.758198,
    0.431901,
    0.431591,
    0.431591,
    0.431912,
    0.431,
    0.7481,
    0.377,
    0.431,
    0.337227,
    0.431591,
    0.431,
    0.431591,
    0.551,
    0.337,
    0.431901,
    0.431901,
    0.431372,
    0.431591,
    0.551,
    0.431912,
    0.431,
    0.431,
    0.7481,
    0.551,
    0.431901,
    0.431591,
    0.431429,
    0.551,
    0.351,
    0.431901,
    0.431901,
    0.431591,
    0.426135,
    0.431591,
    0.377,
    0.431,
    0.351,
    0.431,
    0.377,
    0.758,
    0.7481,
    0.337,
    0.431591,
    0.431591,
    0.7481,
    0.431912,
    0.431,
    0.337,
    0.315,
    0.431901,
    0.377,
    0.431,
    0.758,
    0.431,
    0.431,
    0.431,
    0.7481,
    0.431591,
    0.431591,
    0.431429,
    0.431,
    0.7481,
    0.431,
    0.377,
    0.377,
    0.758198,
    0.431549,
    0.431591,
    0.431,
    0.758663,
    0.431,
    0.431591,
    0.351,
    0.551,
    0.351,
    0.337,
    0.5987,
    0.758894,
