{
  "model": "meta-llama/Llama-3.3-70B-Instruct-Turbo",
  "distribution": "Beta(2, 2)",
  "mode": "independent_requests",
  "requested_samples": 1000,
  "generation_time": 349.4480097293854,
  "statistics": {
    "total_samples": 1000,
    "failed_requests": 0,
    "unique_values": 286,
    "unique_rate": 28.599999999999998,
    "mean": 0.5406704167248381,
    "std": 0.03574468772859598,
    "min": 0.1682,
    "max": 0.7310929383,
    "ks_statistic": 0.4298665725045311,
    "ks_pvalue": 2.330184840798605e-168
  },
  "samples": [
    0.597449,
    0.5628,
    0.554233,
    0.5527,
    0.554738697,
    0.554279,
    0.5547,
    0.554279,
    0.554327,
    0.462132,
    0.457831,
    0.554759,
    0.5543,
    0.603832,
    0.5526,
    0.5527,
    0.554319,
    0.492873,
    0.5528,
    0.5527,
    0.4877,
    0.554233,
    0.5547397855,
    0.554319,
    0.462317,
    0.5528,
    0.5528,
    0.554321,
    0.5523,
    0.554739,
    0.5132,
    0.554739,
    0.5528,
    0.5528,
    0.554279,
    0.554739957,
    0.5524,
    0.554219,
    0.554279,
    0.5134,
    0.5527,
    0.5529,
    0.554321,
    0.5528,
    0.5521,
    0.554279,
    0.5132,
    0.467138,
    0.5528,
    0.4897,
    0.513212,
    0.55284799,
    0.5134,
    0.5562,
    0.554739,
    0.554239,
    0.554239,
    0.604339,
    0.5528,
    0.5542330438871462,
    0.554279,
    0.554239,
    0.554739,
    0.4732,
    0.4871,
    0.513421,
    0.462917,
    0.5528,
    0.554279,
    0.4921,
    0.5525,
    0.554379,
    0.459821,
    0.5528,
    0.5527,
    0.5132,
    0.5528,
    0.4621396,
    0.554279,
    0.5132,
    0.5527,
    0.554339,
    0.4581396,
    0.5527,
    0.5527,
    0.554739,
    0.554279,
    0.5528,
    0.554239,
    0.546231,
    0.512351,
    0.554239,
    0.459371,
    0.5527,
    0.5527,
    0.5528,
    0.554239,
    0.5528,
    0.462319,
    0.5639,
    0.552588,
    0.5527,
    0.5527,
    0.5528,
    0.5528,
    0.5527,
    0.5623,
    0.5527,
    0.55822764,
    0.467819435,
    0.459827,
    0.5132,
    0.5522,
    0.5529,
    0.4678,
    0.554239,
    0.462139,
    0.5132,
    0.417537,
    0.513942,
    0.5527,
    0.4581145,
    0.554739,
    0.5523,
    0.513421,
    0.513562,
    0.554239,
    0.5526,
    0.554839,
    0.554783,
    0.554279,
    0.5628,
    0.552371,
    0.5523,
    0.5568,
    0.604339,
    0.476191,
    0.554739,
    0.554279898,
    0.5527,
    0.513221,
    0.5528,
    0.5632,
    0.4581396,
    0.4889,
    0.458119,
    0.554276,
    0.5526,
    0.5528,
    0.5528,
    0.5527,
    0.5521,
    0.5528,
    0.554739,
    0.554379,
    0.554279,
    0.517834,
    0.513212,
    0.603098,
    0.462131549,
    0.554839,
    0.5524,
    0.554233,
    0.554321,
    0.5527,
    0.505631,
    0.5528,
    0.5527,
    0.554839,
    0.5528,
    0.5637,
    0.5578,
    0.462317,
    0.5528,
    0.47321867,
    0.5632,
    0.554279,
    0.5529,
    0.554739,
    0.473989,
    0.462131,
    0.5527,
    0.5528,
    0.517375,
    0.5523,
    0.5527,
    0.5587,
    0.554279,
    0.513427,
    0.5527,
    0.509473,
    0.554279,
    0.476189,
    0.554739819,
    0.552768942,
    0.554823,
    0.5528,
    0.554739,
    0.603832,
    0.554279,
    0.5137,
    0.554279,
    0.462719,
    0.554319,
    0.5543,
    0.554239,
    0.5132,
    0.5549,
    0.554739,
    0.5528,
    0.5623,
    0.5528,
    0.554239,
    0.554279,
    0.5529,
    0.5528,
    0.554279,
    0.552371,
    0.603832,
    0.554739,
    0.554279,
    0.467851,
    0.5547,
    0.513432,
    0.554739,
    0.513212,
    0.5548,
    0.554279,
    0.5547,
    0.5528,
    0.554279,
    0.5547,
    0.554233,
    0.554279,
    0.554321,
    0.554279,
    0.603198,
    0.5528,
    0.554339,
    0.554279,
    0.4572411189,
    0.5524,
    0.554279,
    0.5527,
    0.554279,
    0.554219,
    0.5526,
    0.554219,
    0.554879,
    0.5527,
    0.5528,
    0.5528,
    0.473083,
    0.554279,
    0.5547,
    0.473684,
    0.5528,
    0.5132,
    0.457831,
    0.5527,
    0.5528,
    0.512831,
    0.554319,
    0.554239,
    0.5527,
    0.5543,
    0.554321,
    0.5527,
    0.554239,
    0.604739,
    0.5528,
    0.603832,
    0.554339,
    0.513217,
    0.455704,
    0.554279,
    0.554279,
    0.5527,
    0.552068,
    0.5522,
    0.554739,
    0.5527,
    0.554321,
    0.5132,
    0.5528,
    0.5543,
    0.554321,
    0.554239,
    0.5528,
    0.5527,
    0.554279,
    0.5527,
    0.554339,
    0.554739846,
    0.519,
    0.5528,
    0.513497,
    0.5847,
    0.552581,
    0.5528,
    0.5628,
    0.5132,
    0.5529,
    0.5528,
    0.554732,
    0.5528,
    0.46239,
    0.5528,
    0.5528,
    0.5134,
    0.5528,
    0.462131,
    0.554739095,
    0.5525,
    0.552,
    0.45782069,
    0.603015,
    0.5527,
    0.603873,
    0.462135,
    0.554237,
    0.553421,
    0.554279,
    0.509735,
    0.552,
    0.5528,
    0.603832,
    0.603832,
    0.554739,
    0.5132,
    0.457208,
    0.5527,
    0.5527,
    0.5132,
    0.5528,
    0.5527,
    0.554739717,
    0.5528,
    0.4821398,
    0.554279,
    0.5528,
    0.5521,
    0.554279,
    0.5528,
    0.554279,
    0.554739621,
    0.457431,
    0.5528,
    0.554239,
    0.5528,
    0.5527,
    0.5528,
    0.554319,
    0.5132,
    0.512379,
    0.554739834,
    0.5528,
    0.487853,
    0.5527,
    0.5628,
    0.5628,
    0.5528,
    0.4732,
    0.5527,
    0.603198,
    0.513789,
    0.513497,
    0.5528,
    0.5527,
    0.467852,
    0.554379,
    0.5528,
    0.5628,
    0.554339,
    0.5543,
    0.5527,
    0.5538,
    0.5548,
    0.459731,
    0.5547,
    0.603088,
    0.5634,
    0.5528,
    0.467819,
    0.552768532,
    0.553021,
    0.552769,
    0.513142,
    0.554351,
    0.5544,
    0.554279,
    0.5843,
    0.554279,
    0.513,
    0.5543,
    0.562415,
    0.554279,
    0.554279,
    0.554279,
    0.5527,
    0.5527,
    0.513421,
    0.5528,
    0.5623,
    0.462319,
    0.5547,
    0.554739027,
    0.5528,
    0.4883,
    0.554279,
    0.5527,
    0.5543,
    0.5543,
    0.5578,
    0.46231,
    0.554339,
    0.5527,
    0.5547,
    0.554279,
    0.513459624,
    0.463541,
    0.5847,
    0.5568,
    0.554739824,
    0.5527,
    0.554319,
    0.554339,
    0.5527,
    0.554279,
    0.5132,
    0.5528,
    0.554329,
    0.5528,
    0.457192,
    0.554279,
    0.5561,
    0.5547,
    0.467143,
    0.554279,
    0.51743109,
    0.554779,
    0.5528,
    0.5528,
    0.5527,
    0.554279,
    0.462131,
    0.554339,
    0.5528,
    0.4878,
    0.5548,
    0.5547,
    0.463021547,
    0.5528,
    0.5528,
    0.5628,
    0.554219,
    0.554739,
    0.462319,
    0.554321,
    0.5123517,
    0.5527,
    0.554279,
    0.5528,
    0.513112,
    0.554279,
    0.5523,
    0.554279,
    0.554739,
    0.5547,
    0.463719,
    0.554739,
    0.513497,
    0.4607,
    0.603839,
    0.554279,
    0.456198,
    0.5132,
    0.554339,
    0.5531287,
    0.5528,
    0.5528,
    0.5528,
    0.552431,
    0.554279,
    0.5528,
    0.5528,
    0.5543,
    0.5523,
    0.554319,
    0.554739,
    0.554239,
    0.55473,
    0.5547,
    0.554339,
    0.5527,
    0.5132,
    0.5527,
    0.5547,
    0.5521,
    0.5529,
    0.5528,
    0.4678,
    0.552,
    0.4467,
    0.5528,
    0.462131549,
    0.5528,
    0.5527,
    0.5528,
    0.554239,
    0.4878,
    0.5541,
    0.5528,
    0.554279,
    0.554279,
    0.554219,
    0.554739589,
    0.5528,
    0.5528,
    0.476219,
    0.554321,
    0.5521,
    0.5132,
    0.554239,
    0.554279,
    0.5547,
    0.5527,
    0.5528,
    0.4571394,
    0.554279,
    0.5528,
    0.473821,
    0.457453121,
    0.554279,
    0.5573,
    0.603813,
    0.464532,
    0.5524,
    0.5527,
    0.554739,
    0.5527,
    0.5543,
    0.554739,
    0.554839,
    0.562831,
    0.463719,
    0.554239,
    0.5527,
    0.554279,
    0.474839,
    0.554732,
    0.5527,
    0.554279,
    0.5548,
    0.513279,
    0.554239,
    0.462319,
    0.5527,
    0.461013,
    0.6038,
    0.554739,
    0.5528,
    0.463871,
    0.6039121,
    0.5522,
