{
  "model": "mistralai/Mistral-Small-3.2-24B-Instruct-2506",
  "distribution": "Beta(2, 2)",
  "mode": "independent_requests",
  "requested_samples": 1000,
  "generation_time": 491.23248195648193,
  "statistics": {
    "total_samples": 1000,
    "failed_requests": 0,
    "unique_values": 883,
    "unique_rate": 88.3,
    "mean": 0.41909018978738594,
    "std": 0.14900577876431562,
    "min": 0.0850662920391055,
    "max": 0.870231,
    "ks_statistic": 0.2653792124757681,
    "ks_pvalue": 1.175231622401951e-62
  },
  "samples": [
    0.3726,
    0.412371,
    0.437892104,
    0.7123,
    0.3721425,
    0.345678,
    0.256783124,
    0.613472,
    0.6243192832,
    0.372156281409922,
    0.3729416547375346,
    0.3584,
    0.5687,
    0.472321663,
    0.35284375,
    0.3745125653942422,
    0.347281242409917,
    0.3921,
    0.61237,
    0.23421359388326335,
    0.123456789,
    0.123456789,
    0.378423256,
    0.3521,
    0.345678,
    0.318,
    0.612738629,
    0.34567,
    0.34298164537411296,
    0.3452147896,
    0.3715181801943675,
    0.34567231,
    0.41990219,
    0.4723197307,
    0.5389,
    0.4123,
    0.4321835,
    0.456872,
    0.123456789,
    0.621932892147,
    0.2546871942467645,
    0.147292,
    0.123456789,
    0.24138672,
    0.375214,
    0.3123,
    0.357214,
    0.5721904578281006,
    0.421356789,
    0.342756,
    0.6720930455,
    0.12456,
    0.523,
    0.374200433,
    0.618722,
    0.541235678,
    0.3472319537797359,
    0.45682195,
    0.4123,
    0.374523489,
    0.372412993,
    0.4167,
    0.3721450789,
    0.6345202722258667,
    0.452314,
    0.27022959966277316,
    0.4201764823,
    0.291856613,
    0.452319,
    0.372197,
    0.3452,
    0.43721234,
    0.3145260124434757,
    0.315,
    0.1253,
    0.6754831911,
    0.731245,
    0.345671298,
    0.345214372,
    0.5357,
    0.6742182051911831,
    0.4321,
    0.51237984,
    0.6341274903432168,
    0.428312,
    0.3456214789,
    0.34523412987,
    0.4206,
    0.762314,
    0.62345,
    0.345214,
    0.23456789,
    0.23456789,
    0.6284361,
    0.4578,
    0.3745223,
    0.32459,
    0.672,
    0.331298,
    0.673421,
    0.36785421,
    0.23456789012345677,
    0.5672439831,
    0.37841203,
    0.3789,
    0.5723,
    0.5623412,
    0.258731,
    0.6721999999999999,
    0.375124231,
    0.61328125,
    0.3724,
    0.37214871140715,
    0.5387202489491223,
    0.473509,
    0.532481,
    0.3729851284,
    0.3142168849390986,
    0.471961832,
    0.34234576,
    0.6432874518135958,
    0.6423833226051134,
    0.7134285714,
    0.6721472110572237,
    0.4377812527,
    0.123456789,
    0.34128739,
    0.3456789,
    0.374513829,
    0.54321,
    0.345672,
    0.641237890123,
    0.73456789,
    0.6243,
    0.64123,
    0.472412,
    0.3452,
    0.5287421483563793,
    0.5423678129318446,
    0.4123,
    0.3428571428571429,
    0.36420002294611203,
    0.3721463253,
    0.416,
    0.314986254,
    0.34567821,
    0.6897231,
    0.634529371,
    0.372185,
    0.31469,
    0.41234567,
    0.345678921,
    0.3472,
    0.6172318,
    0.472319,
    0.345213,
    0.3406,
    0.379,
    0.23456789,
    0.456238,
    0.5123,
    0.623174247787524,
    0.613245698712345,
    0.342561982,
    0.371429,
    0.3247706832486453,
    0.52314272,
    0.37125873,
    0.3728912545,
    0.193647,
    0.3643661000512109,
    0.275618,
    0.67812345,
    0.674123,
    0.641863,
    0.4236,
    0.5198723068942315,
    0.37452203243639604,
    0.3708823529411764,
    0.372181273,
    0.6245348328,
    0.452167,
    0.4721163715,
    0.3927,
    0.798244,
    0.328421225,
    0.473312,
    0.3452865729,
    0.4236,
    0.6237,
    0.7231456789,
    0.372513,
    0.412365,
    0.6427,
    0.371248,
    0.1862164037189014,
    0.3654181198461958,
    0.37142857142857144,
    0.345678912,
    0.314723,
    0.345678,
    0.312456,
    0.3712482976,
    0.372587,
    0.458216,
    0.123456789,
    0.2543,
    0.3456789,
    0.487256,
    0.462169,
    0.634528923,
    0.4216938967,
    0.4721,
    0.572,
    0.3721551,
    0.317213,
    0.4236,
    0.671234567,
    0.6123456,
    0.41234567,
    0.473215,
    0.13867539660602202,
    0.43729837,
    0.372512455181085,
    0.17234567821,
    0.732456,
    0.423821,
    0.487123,
    0.2143156654,
    0.412938,
    0.45319,
    0.3846153846153846,
    0.37218642105,
    0.3745238623,
    0.287152,
    0.472856,
    0.5672341209,
    0.436563,
    0.6231917183,
    0.6321456892,
    0.67,
    0.6721234567,
    0.123657892,
    0.7156,
    0.6735942,
    0.3429576341512695,
    0.6027339082769119,
    0.31294165,
    0.612370749598257,
    0.6957914776649186,
    0.345678,
    0.452365,
    0.563421,
    0.188116,
    0.3724191662848916,
    0.21567498701299337,
    0.178321,
    0.3712836,
    0.3458229203,
    0.14783769173,
    0.36281433,
    0.621355182,
    0.3429823719,
    0.3429817242044363,
    0.423716,
    0.437123252,
    0.34210345,
    0.47227000342068,
    0.3824901073,
    0.432957,
    0.452365,
    0.6743,
    0.45822,
    0.34298,
    0.61237,
    0.623456789,
    0.567318,
    0.712345678,
    0.51237,
    0.234567,
    0.6984230768,
    0.1923456789,
    0.41235678,
    0.6712,
    0.45221,
    0.4123716245960253,
    0.3745231959370685,
    0.483521,
    0.4723,
    0.123456789,
    0.432145678,
    0.4238095,
    0.41231764447318486,
    0.3728123285,
    0.2378426935619716,
    0.6123456789,
    0.28321583965621233,
    0.4123555741494517,
    0.23456789,
    0.156,
    0.345678901,
    0.7263489271553505,
    0.234567,
    0.370827,
    0.4523,
    0.6187762831175991,
    0.632546123,
    0.3789,
    0.64512237,
    0.380457216,
    0.41237126,
    0.43515426,
    0.618324,
    0.3641453,
    0.3745219382,
    0.165348723,
    0.64213503,
    0.265685424949236,
    0.624376901,
    0.123456789,
    0.4123,
    0.4369822555,
    0.3456780921,
    0.21768343194304138,
    0.357142,
    0.419,
    0.45672143829123457,
    0.312,
    0.2468,
    0.1527216959209603,
    0.4231965,
    0.452365,
    0.4327628410813381,
    0.4721865651674086,
    0.23445678,
    0.1723640346025989,
    0.1345239473,
    0.2091,
    0.3724816839773736,
    0.37452066,
    0.6143173200632563,
    0.6180263004971227,
    0.5872314625,
    0.123456789,
    0.4725,
    0.3572821,
    0.3182160818376501,
    0.3942365742,
    0.6435,
    0.234567,
    0.351736,
    0.3456789,
    0.31472619845678157,
    0.6142857142857143,
    0.3715,
    0.4123,
    0.3745214033679312,
    0.4532419110625241,
    0.5873,
    0.3721243920551565,
    0.3688794541159397,
    0.345271289,
    0.43712563,
    0.3456789,
    0.4219916355508306,
    0.4872312903,
    0.6712820323027521,
    0.123456789,
    0.692314,
    0.3164,
    0.265,
    0.623015,
    0.1988641269,
    0.421724836,
    0.4123887624,
    0.432178,
    0.370537,
    0.13308343810381784,
    0.552348781234,
    0.257812497357557,
    0.4726759076,
    0.123456789,
    0.312105,
    0.621439,
    0.427312392,
    0.3680881417425609,
    0.462398712,
    0.345678,
    0.472135955,
    0.67812345,
    0.372512,
    0.345123,
    0.429187,
    0.462317,
    0.6243,
    0.4523156789,
    0.472159362,
    0.234567,
    0.4123711462853519,
    0.3771,
    0.41234567,
    0.312489794,
    0.4329741320306167,
    0.40211126,
    0.41238679723412863,
    0.364173,
    0.65192,
    0.472135955,
    0.345187236,
    0.1654196282563949,
    0.1964740766160142,
    0.573214,
    0.3987,
    0.41231,
    0.3735,
    0.36787944117144233,
    0.432156,
    0.347298,
    0.71242261,
    0.3024923723,
    0.34567892,
    0.8123456789,
    0.345679,
    0.6374216430137097,
    0.256123456789,
    0.3789231,
    0.5684233576,
    0.345678,
    0.42349,
    0.2763181351987802,
    0.12345678901234566,
    0.4287124105195351,
    0.423124,
    0.34289,
    0.497321,
    0.415783,
    0.378923,
    0.346218704,
    0.1234567,
    0.375423,
    0.355,
    0.371842,
    0.3772111945390837,
    0.6132,
    0.628417,
