{
  "model": "moonshotai/Kimi-K2-Instruct-0905",
  "distribution": "Beta(2, 2)",
  "mode": "independent_requests",
  "requested_samples": 1000,
  "generation_time": 1079.3160207271576,
  "statistics": {
    "total_samples": 1000,
    "failed_requests": 0,
    "unique_values": 535,
    "unique_rate": 53.5,
    "mean": 8.678007629695436,
    "std": 196.8514943137664,
    "min": 0.3127,
    "max": 6128.0,
    "ks_statistic": 0.45430940097113004,
    "ks_pvalue": 4.432945876046857e-189
  },
  "samples": [
    0.713,
    0.683,
    0.7184,
    0.6834,
    0.638,
    0.367241,
    0.683,
    0.638291,
    0.7134,
    0.638217,
    0.738,
    0.627491,
    0.573,
    0.5821,
    0.637,
    0.638,
    0.638291729,
    0.7392,
    0.638794,
    0.4713,
    0.683,
    0.782,
    0.681439207,
    0.683459,
    0.683,
    0.6172,
    0.638709,
    0.62314,
    0.637,
    0.372,
    0.58321,
    0.6891,
    0.7136442,
    0.6713,
    0.713476,
    0.638,
    0.783,
    0.672803,
    0.6387,
    0.6387,
    0.713,
    0.472918364,
    0.782,
    0.637819,
    0.638,
    0.638,
    0.582379164,
    0.471935,
    0.683,
    0.638,
    0.7234,
    0.738,
    0.614832,
    0.684192,
    0.783629,
    0.738419,
    0.683,
    0.684,
    0.681472,
    0.583674,
    0.683,
    0.638712,
    0.6371,
    0.638,
    0.634,
    0.517,
    0.6873,
    0.6381,
    0.382,
    0.738291,
    0.634,
    0.638,
    0.436,
    0.6387,
    0.783,
    0.5732498173,
    0.6386,
    0.6147,
    0.6389,
    0.312,
    0.433,
    0.472938,
    0.583907,
    0.638791,
    0.432796,
    0.683,
    0.693,
    0.712,
    0.638472,
    0.481937,
    0.483761,
    0.49218371,
    0.743,
    0.682,
    0.473891,
    0.7821,
    0.683142,
    0.783,
    0.612,
    0.731,
    0.6174,
    0.386,
    0.372,
    0.382,
    0.638,
    0.649185,
    0.634218,
    0.738267,
    0.638917,
    0.432196,
    0.683149,
    0.47218,
    0.683915,
    0.384729,
    0.642781,
    0.683472,
    0.634178,
    0.683,
    0.4163,
    0.683924117836,
    0.683214,
    0.443176,
    0.713459271,
    0.647392,
    0.6143,
    0.4472,
    0.437,
    0.638,
    0.672,
    0.638194,
    0.683,
    0.634178291,
    0.6374,
    0.683421907894,
    0.634281,
    0.468291,
    0.783,
    0.6731,
    0.3729183642,
    0.6071,
    0.472891,
    0.638192,
    0.437,
    0.637891,
    0.4781,
    0.638,
    0.5629,
    0.632,
    0.683421,
    0.638214,
    0.4713,
    0.483917,
    0.74352,
    0.683174,
    0.6184,
    0.713846,
    0.638,
    0.683412,
    0.7162493812,
    0.613,
    0.527,
    0.649827,
    0.638,
    0.713421568,
    0.6138,
    0.682,
    0.6371,
    0.4138962,
    0.6384,
    0.382,
    0.6417,
    0.673914,
    0.6731,
    0.638,
    0.583,
    0.634,
    0.7382,
    0.601738942,
    0.573841,
    0.637,
    0.672,
    0.683,
    0.618437290191,
    0.683,
    0.634,
    0.638,
    0.5834,
    0.673914209312,
    0.684916,
    0.637129,
    0.683194,
    0.427398,
    0.438761,
    0.673914,
    0.638421907,
    0.683124,
    0.712894,
    0.642789,
    0.7314,
    0.672819,
    0.573,
    0.638,
    0.738,
    0.634121,
    0.612,
    0.684,
    0.6138,
    0.7382,
    0.614289,
    0.583729164,
    0.611382,
    0.638,
    0.583409,
    0.7463,
    0.683,
    0.6831,
    0.783291,
    0.637,
    0.613,
    0.7381,
    0.617,
    0.6185,
    0.473916,
    0.713425196,
    0.638,
    0.6824,
    0.641728,
    0.4826,
    0.6831415926534897,
    0.614273,
    0.684,
    0.635418,
    0.638,
    0.638197,
    0.583149,
    0.638,
    0.473261,
    0.683021,
    0.614,
    0.637,
    0.7314,
    0.683142,
    0.638192,
    0.634178,
    0.683421,
    0.627343,
    0.6419,
    0.634,
    0.634178,
    0.638192047,
    0.6374,
    0.473,
    0.382,
    0.483917,
    0.638,
    0.638,
    0.638294,
    0.671,
    0.634,
    0.761248963,
    0.673,
    0.614728,
    0.632816,
    0.623,
    0.637514,
    0.6389,
    0.631847,
    0.673291,
    0.6174,
    0.742,
    0.6347,
    0.7391,
    0.6834,
    0.738,
    0.726473,
    0.7382942169,
    0.673184,
    0.582136,
    0.266,
    0.613,
    0.6834,
    0.6547891324016479,
    0.372616928744,
    0.6218,
    0.621839,
    0.6387,
    0.7821,
    0.627,
    0.612,
    0.738,
    0.617281945,
    0.638,
    0.783446192,
    0.5834,
    0.738,
    0.623819,
    0.731842,
    0.617384,
    0.6834,
    0.683,
    0.638,
    0.638249,
    0.671,
    0.634178,
    0.638,
    0.637,
    0.612473891,
    0.683,
    0.486,
    0.4682,
    0.673129,
    0.573884,
    0.683417,
    0.482,
    0.481763,
    0.473,
    0.6387,
    0.6834,
    0.651,
    0.618,
    0.684913,
    0.6371,
    0.573891,
    0.738196,
    0.638,
    0.683421,
    0.6038147291,
    0.537,
    0.427,
    0.673,
    0.683219,
    0.647,
    0.5734,
    0.3821,
    0.638,
    0.7134,
    0.472891,
    0.583641,
    0.618409,
    0.7382,
    0.638,
    0.738,
    0.684729,
    0.637,
    0.3782,
    0.478231,
    0.638,
    0.738191,
    0.738196,
    0.638,
    0.613829,
    0.613,
    0.7836,
    0.647392,
    0.683,
    0.683,
    0.6174,
    0.618,
    0.638,
    0.637,
    0.583461,
    0.673819204,
    0.617394,
    0.7314,
    0.437,
    0.638192,
    0.4837,
    0.6173,
    0.617255,
    0.637,
    0.627394,
    0.631478,
    0.638192,
    0.632,
    0.638917,
    0.7136,
    0.638,
    0.638419,
    0.634852,
    0.623847191,
    0.673,
    0.634,
    0.6347,
    0.683149,
    0.634,
    0.683419,
    0.6183,
    0.6417,
    0.583671,
    0.634,
    0.683,
    0.7321,
    0.7381,
    0.7834,
    0.672,
    0.638,
    0.638942,
    0.632,
    0.717,
    0.63782,
    0.382947,
    0.638,
    0.6173,
    0.7835,
    0.382,
    0.643,
    0.6371,
    0.618472391,
    0.4831,
    0.783,
    0.637,
    0.634,
    0.623471,
    0.634,
    0.732149,
    0.683419,
    0.581364,
    0.738294,
    0.738192,
    0.382946117,
    0.738291,
    0.683192,
    0.6721,
    0.683,
    0.653847,
    0.634,
    0.638,
    0.742193,
    0.638214729,
    0.7634,
    0.683241,
    0.637,
    0.684,
    0.627394,
    0.672419,
    0.638,
    0.527609,
    0.672,
    0.4728,
    0.382947,
    0.6128,
    0.7846,
    0.6234,
    0.623847,
    0.742936,
    0.481729,
    0.7381,
    0.632117,
    0.6724,
    0.742,
    0.538,
    0.738291,
    0.427,
    0.6831,
    0.413076929,
    0.683,
    0.683124,
    0.738,
    0.427183,
    0.4823,
    0.731409,
    0.613987,
    0.632,
    0.583792,
    0.637,
    0.5174,
    0.618,
    0.637,
    0.7164,
    0.683419,
    0.7312,
    0.638,
    0.602,
    0.542,
    0.683,
    0.5813,
    0.683914,
    0.637,
    0.6342,
    0.738291,
    0.648392,
    0.618,
    0.642,
    0.618492,
    0.6387,
    0.524,
    0.6781923405,
    0.638,
    0.7134,
    0.3918,
    0.683421,
    0.683421092837,
    0.638491,
    0.638479142,
    0.738294,
    0.684917,
    0.683,
    0.683,
    0.742,
    0.6831,
    0.6274,
    0.673,
    0.683,
    0.614783,
    0.6134,
    0.618497,
    0.371,
    0.627,
    0.472891,
    0.682,
    0.637,
    0.473891,
    0.634,
    0.583914096,
    0.634207,
    0.617,
    0.638145,
    0.673214,
    0.6147,
    0.427,
    0.5728910934,
    0.683149,
    0.638,
    0.634127,
    0.638,
    0.638149,
    0.3724524607655909,
    0.731,
    0.718362,
    0.613729,
    0.637,
    0.504763,
    0.6714,
    0.6817,
    0.7834126910980542,
    0.683,
    0.638,
    0.637,
    0.684,
    0.683124,
    0.683124,
    0.618,
    0.6374,
    0.473962,
    0.413729,
    0.7834,
    0.632,
    0.382,
    0.638,
    0.618,
    0.731,
    0.637,
    0.732,
    0.742836,
    0.683,
    0.463,
    0.683124,
    0.614,
    0.617283,
    0.43,
    0.634521,
    0.638,
    0.674,
    0.492183,
    0.638,
    0.637,
    0.637,
    0.683,
    0.6713,
    0.683124,
    0.617382,
    0.683142,
    0.638149,
    0.722,
    0.637,
    0.427,
    0.637,
    0.6837291064,
    0.614382,
    0.623,
    0.716284,
    0.734218,
    0.617,
    0.682,
    0.683,
    0.5831,
