{
  "model": "deepseek-ai/DeepSeek-V3.2-Exp",
  "distribution": "FDistribution(dfn={dfn}, dfd={dfd})",
  "mode": "independent_requests",
  "requested_samples": 1000,
  "generation_time": 474.35797905921936,
  "statistics": {
    "total_samples": 998,
    "failed_requests": 2,
    "unique_values": 983,
    "unique_rate": 98.49699398797596,
    "mean": 8253577802489.331,
    "std": 260739915334027.8,
    "min": 0.0,
    "max": 8237070646868307.0,
    "ks_statistic": 0.6405132662252208,
    "ks_pvalue": 0.0
  },
  "samples": [
    2.972,
    2.6526671742761825,
    2.744038412895297,
    1.8956,
    1.5764374068644245,
    2.428028,
    1.67533417,
    2.921788485472049,
    2.21197,
    1.354168,
    5.2083,
    1.53316,
    2.472674,
    2.891273,
    3.537055832,
    31.619,
    1.71295,
    9.0877,
    0.927238571069613,
    2.87186,
    6.605,
    5.148214593051497,
    1.240048401394,
    0.461499,
    5.85,
    6.392859,
    2.998887,
    6.0727,
    5.674672762,
    5.130539128,
    2.305314305777308,
    2.117511,
    4.75265,
    1.755467,
    2.319847791549,
    1.3440912941878047,
    2.08039,
    8.089496,
    1.2427,
    7.744229319950375,
    6.0,
    3.64642,
    2.778354,
    7.959,
    2.2233,
    1.12962545682,
    5.157,
    2.462,
    1.837,
    4.253,
    4.7353,
    1.816567,
    9.905124,
    2.4015638426,
    2.025719302617388,
    2.2078,
    10.69,
    5.031657,
    7.257094,
    3.097268,
    2.547147984,
    1.234,
    3.592129,
    6.187898,
    2.47,
    4.7352,
    1.629685645,
    4.735,
    3.654,
    9.49342,
    21.846875,
    1.142534537,
    1.7654392,
    2.7560499164484993,
    1.951171897176049,
    3.114,
    6.28801,
    15.8888,
    2.8318,
    1.347,
    46.033197134,
    3.459,
    1.215,
    8.5442,
    3.244239301081785,
    0.8037515129177252,
    2.365,
    5.99856712594964,
    9.221862,
    2.5404,
    3.773,
    8.70821,
    2.849,
    1.555322,
    3.342576689,
    0.03333995275467837,
    7.132,
    5.234587,
    6.993,
    1.83376577733664,
    1.089823,
    13.9665,
    2.1421916850913796,
    0.843175224,
    2.117,
    5.955390764227105,
    5.0,
    6.85310653710888,
    2.97875613654873,
    9.505,
    7.665413494,
    3.032038683981403,
    19.83,
    2.354178,
    5.201,
    3.121763015648413,
    2.492349798542587,
    2.9947,
    2.815928892,
    6.6196,
    2.9784,
    14.0814,
    0.7322,
    0.9867,
    5.2246,
    4.938,
    9.492398,
    2.28,
    1.614,
    9.319029,
    3.8406,
    5.339437,
    3.962769109,
    1.236,
    3.206824206518682,
    3.339383564,
    5.95722325,
    12.1018,
    1.67239,
    4.48541,
    2.751826,
    1.620019926,
    2.316495005,
    4.7523,
    1.833729,
    4.735179,
    5.42519,
    2.1335129983613745,
    0.8074296600320058,
    5.78,
    1.528,
    1.958062,
    2.4177,
    2.8144330598190033,
    2.542,
    7.005677913,
    6.395,
    2.5419177765949246,
    0.758224745,
    6.1535,
    2.978,
    3.7776,
    0.78665,
    3.637789,
    3.668320776510313,
    2.839,
    2.221269718315692,
    3.29845621,
    3.47519,
    1.232514,
    0.678,
    4.736421228853459,
    2.8271,
    4.9086,
    3.5664,
    7.570574109029664,
    6.26557,
    2.11973,
    3.0345285961589474,
    2.74829,
    2.138923939,
    1.4216,
    1.09475,
    2.213278017,
    2.085386071,
    4.406458,
    2.0457,
    4.5175,
    0.7924,
    2.262606,
    1.48049,
    7.779,
    2.130939363247184,
    5.01,
    2.8154,
    0.643417,
    1.55923,
    2.915546,
    2.725971,
    4.7894,
    2.104753998,
    3.0890166536758925,
    9.7096,
    2.5227,
    2.36599,
    12.313,
    2.236911,
    17.0229,
    7.097,
    2.8942771532462706,
    5.963,
    9.499021785935637,
    2.9506,
    1.767647,
    2.121902,
    4.735,
    14.41906459,
    0.9987,
    2.403,
    3.740401450923124,
    1.7797064161958667,
    3.639875964459765,
    41.52685114087893,
    1.441743457,
    7.23556,
    2.4443520408374804,
    2.860776672764876,
    2.765082837655546,
    2.86954773265106,
    1.03247,
    4.282,
    4.2645,
    6.256945027,
    7.180236977672,
    3.637839,
    0.5463532723496859,
    6.87258,
    1.7479202176,
    2.821998029689772,
    0.972,
    2.1032,
    1.884892546,
    2.937302,
    4.970241,
    4.24,
    1.234567,
    4.7706,
    8.519478851896087,
    1.874360717,
    5.8142361857,
    0.9708,
    2.97814515785981,
    3.843,
    3.064707283,
    2.965358503083865,
    0.0,
    1.263446,
    6.257,
    2.05306,
    5.134833,
    1.8847925,
    5.0,
    2.57598899,
    3.07319174005582,
    5.356172790071735,
    2.05147,
    4.579064337558,
    2.2785,
    6.47,
    2.89833,
    2.744329,
    2.3778,
    7.545215,
    2.227,
    2.3782,
    2.1223345,
    6.15525762,
    2.4740979096679645,
    2.578916383,
    2.5588372173,
    9.9689965,
    4.1396,
    1.470510042614232,
    2.598,
    2.179,
    0.7943752271002978,
    8.7445,
    1.40584,
    2.938,
    2.303874930615094,
    2.256092184135253,
    2.614,
    3.217,
    3.107,
    3.255392753249469,
    1.480990793,
    2.2354,
    6.793835,
    2.528041689,
    4.059,
    2.5739646,
    8.553,
    5.973265763600523,
    8.642965,
    7.569,
    1.77407,
    3.1337,
    2.4649,
    2.2116298572081674,
    7.200989,
    5.20261,
    5.966661176041632,
    9.783973741712444,
    2.01,
    2.125076,
    2.448332407,
    2.6823,
    0.847659,
    6.691757,
    3.0536,
    0.962459,
    4.333105556065301,
    8.997,
    9.138,
    2.310165380596852,
    1.841611,
    3.189755446,
    13.519452917228715,
    6.4921,
    67.004,
    3.3268,
    2.2932,
    8.321,
    3.460272398000859,
    2.978362659490777,
    11.894,
    2.7101,
    2.649310149371371,
    5.737580835337592,
    2.1842,
    5.524468897340107,
    3.982676084,
    2.2012598,
    3.9445,
    2.006282,
    2.624389120193216,
    6.1605,
    9.191,
    2.9786386,
    2.5563,
    1.05329865,
    1.83246,
    2.243851296384705,
    1.602757,
    14.671586,
    2.313,
    4.933228892137012,
    1.544,
    2.5168,
    7.941,
    3.547876,
    1.2104,
    2.85495709389,
    2.4753,
    2.237,
    4.236066229729,
    1.607074,
    4.1186,
    2.978,
    2.332,
    5.77798,
    3.003,
    1.4954,
    6.430627,
    1.8084,
    2.397565263199952,
    3.11128,
    2.179,
    7.614938,
    8.954,
    3.2164,
    2.585772103,
    0.833273,
    9.719898,
    7.214,
    3.7724888312775335,
    4.253,
    3.8145,
    1.867,
    3.209,
    2.2522,
    4.327180309361692,
    2.087065421,
    3.94,
    6.271712438005462,
    8.12483384168892,
    1.15471075675,
    2.924,
    74.34826391,
    2.57977107,
    2.2314,
    1.851875886,
    4.338030481435718,
    5.402,
    4.059,
    1.1323276211836473,
    5.526,
    3.686259384277888,
    2.697685937,
    2.164008,
    83.670561,
    2.276321,
    2.039548934,
    2.510398,
    7.689,
    4.735,
    5.773,
    2.313,
    4.7355,
    0.655,
    3.459,
    2.2941022194,
    2.084051,
    2.5613,
    0.736577,
    2.329,
    9.598,
    2.352865383,
    9.9249,
    1.841831,
    2.093,
    2.98,
    5.739393,
    2.247638506,
    9.5233,
    2.7856,
    6.62018755,
    5.486829684046441,
    6.4647,
    1.141,
    2.854897654,
    2.06293911,
    3.5317,
    4.955,
    2.216271704549661,
    5.0,
    8.98259270171603,
    10.99,
    2.4051,
    0.5215,
    2.332,
    2.52940388575,
    1.081443,
    9.058018,
    3.2306,
    2.926196682374,
    5.5035,
    3.238,
    9.588,
    3.78187,
    2.531649324124411,
    2.2455,
    38.00908,
    2.9241874610848146,
    1.233,
    5.387558682603363,
    94.10921,
    0.643326,
    17.9763,
    17.078683,
    3.063052220943174,
    5.623,
    2.985542518,
    2.729727427,
    2.977692890286362,
    2.060193,
    0.6356,
    7.566519,
    3.341949,
    6.4229,
    2.041,
    2.5157,
    3.39583558268612,
    1.1427314232893417,
    5.116,
    5.028912,
    6.888741561,
    7.3878,
    1.5703116901419,
    5.623,
    0.69660325,
    2.9486,
    2.1034938374542764,
    6.668785,
