{
  "model": "google/gemma-3-27b-it",
  "distribution": "FDistribution(dfn={dfn}, dfd={dfd})",
  "mode": "independent_requests",
  "requested_samples": 1000,
  "generation_time": 657.1753163337708,
  "statistics": {
    "total_samples": 1000,
    "failed_requests": 0,
    "unique_values": 766,
    "unique_rate": 76.6,
    "mean": 2.1619597810183384,
    "std": 0.30732036544615765,
    "min": 0.685973,
    "max": 2.937865,
    "ks_statistic": 0.7868195061327045,
    "ks_pvalue": 0.0
  },
  "samples": [
    1.792869,
    1.876423,
    1.8873782916957722,
    1.887357,
    1.87321,
    2.348927438164587,
    2.34876,
    1.887179,
    2.8739,
    2.34867,
    2.248876,
    2.348972774453583,
    2.38754,
    2.34589,
    1.897327,
    2.25879,
    2.348927,
    1.8374968568403987,
    2.34897,
    2.348927,
    2.348765,
    2.34876,
    1.887529,
    2.387824008531499,
    2.784591,
    1.8732342296720836,
    2.348765,
    2.45789,
    1.88469,
    2.282773173858518,
    2.34897,
    1.7845,
    2.387510441,
    2.348678,
    2.3876,
    1.784906865991763,
    1.84792807298588,
    2.348927,
    2.87654321,
    2.348937,
    2.348937,
    2.348765,
    1.7852374587191864,
    2.34897,
    1.897326,
    2.29997,
    2.257853,
    1.8735,
    2.348927632,
    1.8527843396117,
    1.8739226036988674,
    1.876738,
    2.348927,
    2.879346,
    2.348976,
    2.348920182547177,
    1.8478718959687197,
    2.348927657,
    2.38759,
    1.928719871658526,
    1.88631,
    1.884732,
    1.874238954587954,
    1.852782849192759,
    2.378921461038687,
    2.34876,
    1.8768,
    1.8837795388180762,
    1.88378,
    1.887523,
    2.9248,
    2.348927,
    1.88764,
    1.8873935587844557,
    2.837867,
    1.987654321,
    2.38793,
    2.447641,
    2.83765,
    1.87328,
    2.348765,
    2.348572,
    1.784529912,
    2.348792946747293,
    2.34876,
    2.48764,
    1.872856,
    2.348765,
    2.34897,
    1.948015,
    1.88753,
    1.88478,
    1.886752567,
    2.478937,
    1.887387574,
    2.56789,
    2.4876,
    1.782374892764567,
    1.882745,
    2.487634,
    1.823738,
    2.347892156498,
    1.88797,
    1.8876,
    2.23871,
    1.8975423876528466,
    1.887732,
    2.48785,
    2.937865,
    1.837832,
    1.784589,
    1.88679,
    2.358027,
    2.3489657567,
    1.88737,
    1.876288,
    1.88578,
    1.783874,
    2.8786,
    1.887952,
    1.873528,
    2.348927778330302,
    2.837617,
    1.88488,
    2.45178,
    2.8756,
    2.38927,
    2.8497119599697878,
    0.783419,
    2.387810853725735,
    1.885732392,
    2.253799,
    1.783218,
    2.34876,
    1.886979,
    1.8821,
    1.887399,
    2.458794567,
    2.458735,
    1.7845921799474775,
    2.34892748876,
    2.387977796961124,
    2.348977,
    1.8871974988,
    2.348927,
    2.348765,
    2.348927,
    2.34876,
    1.8975,
    1.783635,
    1.8976,
    2.348927643987654,
    2.348927,
    2.8764431916956967,
    2.47893,
    2.347856,
    1.887625,
    1.92698,
    1.8742367891023457,
    1.7852794975524393,
    1.88379,
    2.348927,
    2.03896,
    2.3857,
    1.8857468456636668,
    2.48379,
    2.35789,
    2.348765,
    2.348803874592844,
    2.38795,
    1.87645,
    2.3489,
    2.34895,
    1.8864308577310365,
    1.8927369591127046,
    2.237846,
    1.78419,
    1.88752052375,
    2.34876,
    2.34876,
    2.29876,
    1.837472,
    2.4879172114476975,
    1.8477944198521044,
    1.857429,
    1.94878,
    2.387484173249186,
    2.4877,
    1.89723617527,
    1.89753,
    1.782359,
    2.348927638543799,
    2.34876,
    1.873891,
    1.8735,
    1.88768,
    2.348765,
    1.783245,
    2.3876,
    2.348972341987654,
    2.37894321,
    2.347896,
    2.34879,
    1.8476886943518642,
    2.487935,
    1.789353,
    2.3489273713696663,
    2.3876,
    2.34897,
    2.457869,
    1.8477939097312632,
    2.33855,
    1.827697,
    2.35789,
    1.8872418610813657,
    2.348927778769783,
    2.34876,
    1.892877,
    2.34897,
    2.34876,
    1.794259,
    2.31888,
    2.35789,
    2.3789,
    2.3876,
    1.8867486563544815,
    1.847297,
    1.886857,
    2.87679,
    1.8968,
    2.348763,
    2.34897,
    1.9387493701880134,
    1.89734,
    1.8863769736993583,
    1.87357256788,
    1.789234567,
    1.897247536,
    2.387682147,
    2.347892,
    1.880399,
    2.438764,
    2.348972,
    2.34857,
    2.34897,
    1.8732778883167494,
    1.8479977958401366,
    1.887534,
    1.78688,
    1.88683,
    1.87635,
    1.874238562467078,
    1.7823511968445267,
    2.34897,
    1.88378,
    1.8827729518368628,
    2.287873419558988,
    1.81879,
    1.783477,
    1.8578178610748115,
    1.8867970714144984,
    2.3587,
    1.88476,
    2.34892754387,
    2.34897,
    2.87654321,
    1.7849625431796659,
    2.25879,
    2.4578342789473897,
    2.347892,
    2.28986,
    1.8723531942589497,
    1.8739273892721595,
    2.3876,
    2.3877999813244264,
    2.348923781736834,
    2.31695,
    2.348765,
    1.873528,
    2.857329,
    1.927856,
    2.3487,
    1.887421,
    1.88703,
    2.34892762377,
    2.348927,
    2.34876,
    1.847839,
    2.38756,
    2.874932,
    2.5387,
    1.7482134786991128,
    2.348927,
    2.157488,
    2.348957,
    2.348765,
    2.348927,
    2.37897,
    1.97537,
    2.348975,
    1.887247,
    2.38799,
    2.631877,
    2.348927,
    1.7832517979873697,
    2.438792,
    1.89379989806,
    1.7893528951139117,
    2.348927,
    1.88746,
    1.8477988969786174,
    2.348729976,
    1.8975779731906768,
    1.92373,
    2.258739,
    2.348927,
    2.45739,
    1.784987,
    2.4387,
    2.378945175432198,
    2.31776,
    1.784868,
    2.3778895827688378,
    2.348857,
    1.882777483,
    2.34857,
    1.89768,
    2.348927,
    1.847592,
    2.34876,
    1.874285714285714,
    1.738255957,
    2.253899,
    1.884714,
    1.885733,
    2.348765,
    2.48768,
    1.8877726457491772,
    1.8437139798489768,
    2.3987,
    2.35873,
    1.886837,
    1.738699,
    2.38782,
    1.88759,
    2.05679,
    2.348921,
    1.887624,
    2.4578,
    2.258717968767414,
    1.8837538866458476,
    1.783249,
    2.348921,
    1.887511,
    2.348927,
    2.4789376483,
    2.348957,
    2.348972328763297,
    2.2868,
    2.348927,
    1.887748,
    1.783247,
    1.887462,
    1.784625,
    1.823476,
    2.347892,
    1.987654321,
    2.489731781476418,
    2.03179,
    2.34895,
    1.784832,
    1.8947307348952698,
    1.783151,
    1.87438,
    1.88716,
    2.804787,
    1.88478,
    2.484879684165906,
    1.78496848877,
    2.487739,
    1.78476,
    2.452867411381643,
    1.783942217444766,
    2.345892,
    1.8376898430746877,
    1.82367,
    2.348963762955548,
    2.35875,
    2.2835938614320024,
    1.7832918444547914,
    1.87356,
    2.3489724677629,
    2.48739,
    1.784761,
    2.3875,
    1.8976,
    2.44758,
    1.876293,
    1.8937457829548696,
    2.348765,
    1.89762,
    2.857959,
    2.5687177116777344,
    1.89727,
    2.31897,
    2.47896,
    1.88477,
    2.257812,
    2.457829,
    1.87387692,
    1.7823835119518896,
    1.88764,
    2.38754,
    1.784237,
    2.4487,
    2.38795,
    1.8847989549561475,
    1.7882967145087667,
    2.35874,
    2.34876,
    2.3487,
    1.87392704547,
    1.839773568,
    2.87597,
    1.887858,
    2.34876,
    2.4876,
    1.7843994758870714,
    2.3489278196253114,
    1.88754,
    2.48798,
    2.348927,
    1.88761,
    1.8477780587304635,
    1.88676,
    2.348972635,
    2.889479,
    1.783287463,
    1.837743,
    1.85727,
    2.45729,
    2.348765,
    2.3876,
    2.34897,
    2.34897,
    2.348977,
    2.3489678156,
    2.4481897251776985,
    2.38765,
    1.8645,
    1.887452,
    1.8375428707,
    2.8473637940787744,
    2.458732197,
    2.348927,
    1.8892377796019857,
    1.78379,
    2.31785,
    2.34897,
    2.38698,
    2.347892,
    1.8857304924685354,
    2.4876,
    2.348927,
    2.348921771700625,
    1.7839211057718047,
    1.847839,
    1.784496079607357,
    2.34879,
    2.478935,
    1.82877,
