{
  "model": "gpt-4o",
  "distribution": "FDistribution(dfn={dfn}, dfd={dfd})",
  "mode": "independent_requests",
  "requested_samples": 1000,
  "generation_time": 465.5842955112457,
  "statistics": {
    "total_samples": 1000,
    "failed_requests": 0,
    "unique_values": 920,
    "unique_rate": 92.0,
    "mean": 1.7187589301762802,
    "std": 0.9378269511345966,
    "min": 0.157,
    "max": 6.417,
    "ks_statistic": 0.3020001263082918,
    "ks_pvalue": 2.0977395789724838e-81
  },
  "samples": [
    0.917,
    1.837,
    3.532492,
    1.4778,
    1.0847,
    1.837569,
    0.814623,
    1.232,
    2.473324,
    3.479,
    0.9373,
    1.154,
    3.15238,
    3.489,
    2.13648,
    2.344,
    0.498673,
    1.326,
    2.598463,
    0.3545093189,
    1.429,
    1.7289,
    3.486,
    1.2834,
    1.8973,
    0.635,
    4.137,
    1.529,
    4.652,
    0.697,
    2.183,
    2.345,
    1.609536,
    0.6254,
    1.2985,
    0.746815,
    3.746,
    1.452,
    0.437,
    0.927,
    1.5634,
    0.482,
    0.8306,
    1.243,
    1.908267289,
    0.975637,
    0.972,
    1.7421,
    1.052,
    1.201847,
    0.6753,
    0.426087875,
    1.027389,
    0.921,
    1.415,
    2.8476,
    1.965421,
    1.839,
    0.8246,
    2.478529624,
    3.796251,
    1.921388,
    1.845,
    1.2653,
    2.531,
    0.4973,
    1.273,
    1.893437,
    1.827,
    0.967,
    0.539372,
    1.4643,
    2.129,
    1.735218,
    0.747,
    2.3625,
    0.7593,
    0.6256,
    4.027,
    3.546,
    1.904,
    1.326,
    1.9271,
    2.196,
    4.326,
    0.8437,
    0.772,
    0.7241161826,
    1.132,
    1.769,
    1.293,
    1.1074699987,
    2.473,
    1.854672,
    2.3487,
    1.09327,
    2.678,
    0.671,
    0.903,
    0.8651,
    0.9143,
    2.045627,
    1.394,
    0.7553,
    0.926374,
    0.6614922543,
    0.927,
    1.247489,
    2.743,
    0.675,
    0.6579293146,
    1.784,
    1.2936,
    1.372,
    2.373,
    1.742,
    1.749,
    2.4637,
    3.6456579978,
    0.919539,
    1.8787,
    2.4357,
    1.334,
    1.7687,
    1.2739,
    1.147,
    2.657,
    1.849,
    0.831,
    1.459,
    1.7382,
    1.784593,
    0.5294,
    3.174,
    1.564,
    0.985374,
    1.7443,
    1.853929,
    0.759375,
    0.845,
    1.7834,
    2.156,
    1.5239,
    5.627,
    1.6764,
    2.9875,
    2.456038,
    1.2473,
    1.67024,
    0.752,
    0.5792,
    2.667984,
    1.2335,
    3.1428,
    1.412,
    3.275,
    3.284503,
    2.4214,
    0.835,
    0.6487,
    1.376,
    1.623,
    2.345,
    0.7804,
    3.195238,
    1.8029,
    2.132,
    0.9615444727,
    1.6452,
    3.2827,
    1.232,
    1.5849643224,
    2.573864,
    1.211,
    1.886527,
    0.8053,
    1.479,
    2.346,
    1.1499,
    1.8493,
    2.4371,
    1.8367,
    0.734,
    2.395847,
    1.735429657,
    2.560823,
    1.978469,
    0.832,
    1.4673,
    0.672,
    2.631,
    0.6873,
    0.8374272619,
    3.276,
    0.825,
    0.716342,
    2.6345,
    0.738426,
    1.589,
    1.8549,
    0.801,
    3.579,
    1.3207,
    1.96327,
    1.794,
    0.873648528565712,
    0.7341,
    2.564,
    0.927,
    3.028,
    2.374896,
    0.916343,
    2.713,
    1.04748,
    0.8573149281,
    1.428,
    0.591,
    3.5189,
    1.7814,
    0.854,
    1.237,
    1.6439,
    2.612,
    2.5763,
    1.2345,
    1.5662,
    2.807856,
    1.419,
    5.264,
    0.691,
    2.6745,
    1.5638941453,
    0.841,
    1.886539,
    1.856,
    2.356401,
    1.560382,
    0.764,
    0.7584,
    2.345673,
    2.343987,
    3.2847,
    1.6683,
    3.247,
    0.2763,
    0.237,
    1.9854,
    1.419,
    3.457892,
    2.356473,
    1.864279,
    2.9489,
    2.634,
    3.752,
    0.7643,
    0.8023,
    1.9823,
    0.79312,
    0.943,
    1.487,
    1.9613,
    0.8714307169,
    0.723,
    1.7543,
    2.5873,
    0.739,
    0.6473,
    1.623741,
    0.9843,
    1.873,
    3.144,
    0.435,
    1.9605230462,
    0.6623,
    1.9684,
    3.2621,
    2.394,
    1.7824,
    0.981,
    2.317,
    2.7351,
    0.474563,
    3.257869435,
    2.687,
    1.5783,
    2.156,
    0.467,
    1.926,
    0.6252490755,
    4.2763,
    1.7320041747288821,
    2.4139,
    0.9274,
    1.5569,
    0.9014733287,
    2.3149,
    2.947654,
    1.1836,
    0.8687692424,
    0.856,
    1.7294,
    1.834578,
    0.9728,
    1.732467,
    2.5398,
    2.13346880312369,
    1.1274,
    0.618476,
    0.9342,
    2.307,
    1.7364,
    1.765,
    1.1253,
    2.358,
    2.130139,
    0.941,
    0.734,
    1.546791,
    1.3548,
    1.5473,
    0.85929926,
    1.876,
    2.384857,
    2.0022,
    1.7342,
    0.771,
    0.732,
    1.267381,
    1.4863,
    0.732,
    1.794,
    0.9257,
    0.986342,
    1.943425,
    0.6422,
    0.729,
    2.345,
    1.8932514365,
    0.937462,
    0.576,
    1.7423,
    1.450432,
    2.344876,
    1.683,
    0.745,
    3.546,
    0.569,
    1.87234,
    1.738,
    1.852347,
    0.765789,
    2.1740638427,
    0.7182978268,
    2.1467,
    1.3492,
    1.9357,
    4.027,
    1.543,
    1.9674,
    1.237,
    1.537,
    0.5632,
    0.969142709324654,
    1.456,
    1.545789,
    1.8749,
    1.3918,
    0.671,
    0.477,
    1.243896,
    2.763,
    0.9782,
    0.8409,
    1.7221,
    2.1564,
    0.895,
    1.167,
    3.267,
    0.672381,
    1.418263,
    1.789,
    0.7279,
    1.542906,
    1.835,
    1.427,
    2.293678,
    0.781,
    1.754,
    0.476742,
    0.893475,
    1.967324,
    1.247,
    2.9138347,
    3.912,
    0.9147,
    1.893,
    1.576,
    2.493,
    3.527645142,
    0.8481524078,
    2.961432,
    1.4732,
    0.332,
    1.524292467,
    1.4732,
    3.746003,
    0.8435,
    0.8586035973,
    0.638274,
    2.145,
    0.791,
    0.713,
    0.981,
    1.0794737948,
    1.856,
    0.754,
    1.495,
    1.818271991845699,
    3.415,
    1.4343,
    0.913756,
    1.785293,
    0.875,
    2.376,
    1.824567,
    0.874,
    1.6796,
    1.964,
    1.746,
    1.5947,
    0.743,
    1.535967,
    1.779355694383066,
    1.935702619,
    0.623,
    1.1213,
    1.4156,
    1.7591,
    0.976,
    1.3947,
    1.4853,
    0.8273,
    2.182,
    2.634593,
    2.3407,
    0.574839,
    2.5753,
    4.873,
    0.947,
    0.743,
    0.613,
    2.675,
    2.336,
    0.224682,
    1.498,
    1.98347,
    2.358,
    3.7328,
    1.945872,
    2.849,
    3.6785,
    1.840524,
    0.480534,
    2.6811,
    0.7209,
    2.3457,
    0.446,
    0.832,
    0.866,
    0.582,
    1.6453,
    0.7138462591,
    1.861478,
    2.476,
    0.8743,
    0.756,
    1.836482,
    0.629,
    1.6666,
    1.4582943,
    1.836,
    3.493,
    0.8673,
    1.1704,
    0.5398,
    3.785,
    2.389,
    2.467,
    1.482,
    0.946273,
    1.376,
    2.618473,
    4.726,
    0.876,
    1.5779807632,
    1.849,
    2.845,
    0.848273,
    0.92457,
    2.871945727,
    1.672522,
    0.8231,
    2.479,
    1.47695329220608,
    0.825,
    1.23354,
    2.7154,
    1.738482486,
    1.487594,
    0.7654,
    0.658,
    2.6835,
    1.476,
    0.4372757242,
    1.5389,
    3.4965243428,
    0.9257138459,
    0.903,
    1.241319,
    0.9125688134,
    2.313,
    1.3907,
    2.873,
    1.493,
    1.332,
    1.678943,
    1.5448,
    1.792846,
    1.7387,
    1.923,
    3.267,
    0.8191,
    1.215,
    1.352,
    1.9873,
    2.3514367321,
    0.875,
    1.624,
    2.376,
    0.7242,
    1.763,
    1.6904,
    3.257442687692598,
    0.735,
    6.3514838492,
    2.163478,
    1.623,
    1.754,
    1.8992,
    0.7831,
    2.793,
    0.616,
    1.7452,
    0.6132,
    1.78134,
    1.474,
    0.842,
    1.9124,
    0.8725,
    1.028917,
    1.7894,
    0.345,
    1.7295,
    1.165,
    2.3456,
    1.354,
    2.1963,
    0.651,
    1.475,
    1.531,
    0.637,
    0.583,
    2.354785,
    1.890527,
    3.4872,
    1.8964,
    1.924839,
    0.8324,
    3.274,
    1.235,
    3.5461,
    1.284386729,
    1.9763,
    1.23456789,
    0.673,
    3.678427,
    0.324,
    0.933,
    3.2674,
    2.6073,
    1.2345678901234567,
    2.517896,
    1.7389,
    1.8453,
    0.79427,
    0.7459,
    1.21948,
