{
  "model": "openai/gpt-oss-120b",
  "distribution": "FDistribution",
  "mode": "independent_requests",
  "max_workers": 40,
  "requested_samples": 1000,
  "generation_time": 77.48538446426392,
  "statistics": {
    "total_samples": 1000,
    "failed_requests": 0,
    "mean": 1.241483813784255,
    "std": 0.2938003821323907,
    "ks_statistic": 0.398586309329806,
    "ks_pvalue": 7.630275272269968e-144
  },
  "samples": [
    1.3874,
    0.938,
    1.467,
    1.47,
    1.473842,
    1.032,
    1.302814,
    0.94,
    1.632457,
    1.357,
    1.27,
    0.842736,
    1.427,
    1.407,
    1.37,
    1.43,
    1.4325,
    1.3421,
    0.99,
    1.896,
    0.4909989833587431,
    0.93,
    1.438721,
    1.384,
    1.037,
    1.3245928671,
    1.083,
    1.2374,
    1.78,
    1.38,
    1.63,
    1.437,
    0.8734,
    1.432,
    0.9237,
    1.3627,
    1.184367,
    0.923,
    0.842,
    1.34,
    1.374,
    0.987,
    0.6934,
    1.342,
    1.342,
    1.342587,
    0.928147,
    1.47,
    1.4372,
    0.954,
    0.946785,
    1.378094,
    1.3427,
    0.842176,
    1.276,
    0.842365,
    0.8421,
    0.96,
    1.4372,
    0.732,
    1.43,
    0.9387,
    0.938716,
    1.367842,
    1.037,
    0.842917,
    0.93,
    1.487642,
    1.4325,
    0.709,
    1.347,
    0.842,
    1.732,
    1.1835,
    1.342,
    0.6723,
    0.8421,
    1.849,
    0.873462,
    0.842,
    1.7624,
    1.3425,
    0.837462,
    1.432,
    1.3821,
    1.158732,
    1.432,
    0.8421,
    1.423,
    1.764,
    1.34,
    1.34,
    1.27,
    1.453,
    1.4327,
    0.832,
    1.36,
    1.032487,
    1.7365,
    1.067,
    1.467,
    1.38,
    1.4628,
    1.4372,
    1.42,
    0.932145,
    1.3274,
    1.47,
    1.423,
    1.128967,
    0.8395,
    1.532,
    1.07,
    0.8427,
    1.28,
    1.52,
    1.134,
    1.237,
    1.326,
    1.28,
    1.6427310976,
    1.276,
    1.308,
    1.2374,
    0.834567,
    1.417,
    1.0846,
    1.2378,
    1.279,
    1.42,
    1.4325,
    1.342157,
    1.4327,
    1.1637,
    1.398,
    1.63,
    0.948,
    1.3174,
    1.657,
    1.356,
    1.42,
    1.07,
    0.874321,
    1.342,
    1.3429,
    1.3265,
    1.1734,
    1.347,
    0.732145,
    1.314,
    1.372,
    2.136,
    1.734562,
    1.736,
    1.487629,
    0.8475318925,
    1.7423,
    1.46,
    0.837473,
    0.93,
    1.387,
    1.63,
    1.374,
    1.3782,
    1.43,
    0.97,
    0.9423,
    1.56,
    0.88,
    1.3425,
    1.694,
    0.9321,
    1.384,
    0.947,
    1.53,
    1.342,
    1.38,
    1.3425,
    1.13456,
    1.176,
    1.37,
    1.342,
    2.1574,
    1.32,
    0.8423,
    0.947,
    1.371842,
    1.42,
    1.13,
    1.04,
    1.437928,
    0.9473,
    0.938511,
    1.632,
    1.7345,
    1.236541,
    1.7425,
    1.842,
    0.8425,
    1.03742,
    0.732145,
    1.133,
    1.876,
    0.7324,
    0.94,
    1.13,
    1.328,
    1.134567,
    1.0845278921,
    1.0437,
    1.56,
    1.73,
    1.246,
    1.736541,
    0.936274,
    1.642,
    1.342578,
    1.34,
    1.34,
    1.4372,
    1.42,
    1.3425,
    1.73,
    1.164193,
    1.42,
    1.4372,
    1.374218,
    1.42,
    0.4896920469762523,
    1.103527,
    1.34,
    1.37,
    0.7426108674,
    1.6347,
    1.48,
    0.842376,
    1.387242,
    1.62,
    1.347628,
    1.327,
    1.07,
    1.342587,
    1.42,
    1.4372,
    1.3842,
    1.4325,
    1.03,
    0.942,
    1.342576,
    1.3425,
    1.098734,
    1.07,
    1.362938,
    1.34,
    1.3724,
    1.374,
    1.4235,
    1.043216,
    0.842761,
    1.487,
    1.284,
    1.38,
    1.4672,
    1.07,
    1.152,
    1.74,
    0.953828,
    0.94,
    0.7523,
    1.4735,
    0.842736,
    1.352,
    1.1035,
    1.342,
    1.1327,
    1.432,
    1.04,
    0.936,
    1.52,
    0.9874,
    0.6374,
    1.343,
    0.987,
    1.374,
    1.34,
    0.8472631745,
    0.6731,
    1.07,
    1.398,
    1.27,
    1.9384628034,
    1.73,
    0.873456,
    0.938641,
    1.428,
    1.1874,
    1.227834,
    1.037512,
    1.3425,
    0.9825,
    1.3425,
    0.9274,
    1.1735,
    1.354,
    1.342,
    1.378,
    1.032,
    1.4289,
    1.78,
    1.3426,
    1.63,
    1.3678,
    1.042367,
    1.4382,
    1.3425,
    0.96,
    1.342,
    1.284,
    0.8423,
    1.432,
    1.42,
    1.128,
    0.9542,
    1.4732,
    1.234567,
    1.432,
    1.152,
    0.97,
    1.032,
    0.8423,
    1.38,
    2.146,
    1.37,
    0.9427,
    1.2375,
    0.96,
    1.538,
    1.437,
    1.372494,
    1.014,
    0.983417,
    1.23,
    1.37,
    1.63,
    1.432,
    1.3425,
    1.4823,
    0.8392,
    1.32408,
    2.147,
    1.429,
    0.9457,
    0.73,
    1.642,
    1.53,
    1.3425,
    1.34,
    1.7325,
    1.342,
    0.938256,
    0.842,
    1.421,
    1.34,
    1.7325,
    0.93,
    1.348276,
    1.34,
    0.847364,
    1.34,
    1.342891,
    1.347,
    1.8423,
    2.0431577589043246,
    1.4876529381,
    1.424,
    0.8421,
    2.173,
    1.107,
    1.463,
    1.387462,
    0.983429,
    1.374,
    1.837342,
    0.842371,
    0.937,
    0.9382462045,
    1.48,
    1.371,
    1.317,
    1.374215,
    1.432,
    0.842,
    1.032,
    1.417839,
    1.7325,
    1.047,
    1.0745,
    1.4372,
    1.37,
    1.3745,
    1.1834,
    1.367,
    1.3425,
    1.22,
    1.342578,
    0.7245,
    0.673214,
    1.374,
    0.927,
    1.378,
    1.376832,
    1.428,
    1.372,
    1.342,
    0.8723,
    1.104287,
    1.1036,
    1.432587,
    1.417,
    0.8732193472312473,
    0.7594,
    1.147,
    1.3642,
    1.73,
    1.3728345042,
    1.3053,
    0.8573,
    0.7245,
    1.37,
    1.374,
    1.174,
    0.7583125942469157,
    0.9423,
    1.53,
    1.02,
    0.923,
    1.183,
    0.96,
    1.462873,
    1.047842,
    0.931274,
    0.7423,
    0.945321,
    1.237,
    1.3479,
    1.1345,
    1.5247,
    1.576,
    1.173,
    1.5273,
    0.842,
    0.7834563211,
    1.5243,
    1.73,
    1.372,
    1.4627,
    1.3425,
    0.9234,
    1.367842,
    1.432,
    0.9471,
    0.932145,
    1.372,
    0.925147,
    1.432,
    1.1845,
    2.1365,
    1.3425,
    0.8721,
    1.0873,
    1.092,
    0.9421,
    0.8723,
    1.1745,
    0.945,
    1.48,
    1.8376,
    0.8347,
    0.8721,
    1.423,
    0.8423,
    1.189,
    1.7423,
    0.96,
    0.94,
    1.37,
    1.37,
    0.683,
    1.52,
    1.03,
    1.38,
    1.432,
    1.7325,
    0.862,
    0.938,
    1.07,
    1.4632,
    1.532,
    1.16,
    1.4735,
    1.4623,
    1.263,
    1.5158,
    0.7325,
    1.176,
    1.467825,
    1.483272,
    1.374286,
    1.367,
    0.8734,
    0.9475,
    1.152,
    2.73,
    0.91,
    1.43217,
    0.834728,
    1.473,
    1.437,
    1.3425,
    0.89,
    0.938732,
    1.4732,
    1.54,
    1.84,
    1.342,
    0.934527,
    1.362,
    1.1284,
    1.3425,
    1.03,
    0.804,
    0.9423,
    1.402,
    1.14,
    1.23,
    1.342,
    1.16,
    1.384,
    0.9472,
    0.9234598235,
    1.176,
    1.462837,
    1.1739,
    0.647,
    0.9473125421,
    1.478293,
    0.8425,
    0.962,
    1.5427,
    1.432,
    1.6423,
    0.8204,
    0.842147,
    1.432148621,
    0.842176,
    1.3567,
    0.736214,
    1.37,
    1.1425,
    1.372,
    1.3425,
    1.3425,
    1.34,
    1.578,
    0.874321,
    1.087,
    1.682,
    0.895432,
    1.523,
    0.932147,
    0.9473,
    1.32,
    1.42,
    1.37,
    1.354,
    1.342,
    1.2847,
    1.482,
    1.043219,
    1.821,
    1.7643,
    1.4372,
    1.247,
    1.367842,
    0.97654321,
    1.3745,
    1.374,
    1.3425,
    0.945327,
    1.07,
    1.342,
    1.327405,
    1.4732,
    0.842156,
    0.92,
    1.0678,
    1.47,
    0.874,
    1.238,
    1.57,
    1.3425,
    1.37,
    0.9827364821,
    0.938745,
    1.23784,
    1.417832,
    1.456,
    1.3275,
    0.924752,
    0.937,
    1.1423,
    1.1382,
    1.307,
    1.527,
    1.587,
    1.67,
    1.473842,
    1.3721,
    1.47,
    1.342157,
    1.152,
    1.3425,
    1.42,
    1.0425,
    1.3425,
    1.342,
    1.3825,
    1.4739,
    1.342,
    0.872,
    1.432,
    1.357,
    1.7325,
    1.3425,
    1.5874,
    1.42,
    1.4623,
    1.03,
