{
  "model": "meta-llama/Llama-3.3-70B-Instruct-Turbo",
  "distribution": "FDistribution(dfn={dfn}, dfd={dfd})",
  "mode": "independent_requests",
  "requested_samples": 1000,
  "generation_time": 530.3198578357697,
  "statistics": {
    "total_samples": 1000,
    "failed_requests": 0,
    "unique_values": 644,
    "unique_rate": 64.4,
    "mean": 0.798597399851536,
    "std": 0.10031510308385398,
    "min": 0.435118,
    "max": 0.976561839,
    "ks_statistic": 0.5247823279284878,
    "ks_pvalue": 4.64282006550302e-257
  },
  "samples": [
    0.842115,
    0.8219472214,
    0.873217,
    0.821128711,
    0.873212,
    0.612351,
    0.873212,
    0.838097,
    0.873212,
    0.822775,
    0.876543,
    0.873212,
    0.8220570128,
    0.612847,
    0.838079,
    0.82185505694576,
    0.842107835,
    0.878342,
    0.685221,
    0.658243,
    0.839831046,
    0.612351,
    0.734821273,
    0.819273,
    0.821105346,
    0.869124,
    0.873212,
    0.734832,
    0.824857,
    0.6123,
    0.7348221369,
    0.5806155479,
    0.821852,
    0.873211,
    0.6124,
    0.842109,
    0.873212,
    0.873211,
    0.6129384983,
    0.842107341,
    0.873212,
    0.6128,
    0.842107,
    0.873211,
    0.873212,
    0.8218736435,
    0.812056,
    0.6123465298,
    0.612347,
    0.734821,
    0.8211423177,
    0.612347,
    0.8429835475,
    0.873212,
    0.7348310943,
    0.824317453,
    0.811831,
    0.801073847,
    0.873212,
    0.822107,
    0.782131,
    0.873212,
    0.8214739422,
    0.822135,
    0.8389123567,
    0.7348212675,
    0.8775314688,
    0.6123,
    0.8220579423,
    0.842107,
    0.874219,
    0.842131,
    0.5847,
    0.8211335470949689,
    0.759124593,
    0.822057,
    0.873211,
    0.873212,
    0.873212,
    0.873212079,
    0.838113,
    0.6123831141,
    0.792831,
    0.5803849154,
    0.873212,
    0.822317,
    0.834851,
    0.822307,
    0.8223175362,
    0.612351,
    0.863107808,
    0.734822,
    0.821739062473,
    0.873212,
    0.873212,
    0.8421107,
    0.6128310044539574,
    0.876542,
    0.821856941,
    0.873212,
    0.8421075136,
    0.873212,
    0.764239,
    0.842107,
    0.8776214419,
    0.8217551359,
    0.734821,
    0.8243178979688238,
    0.661169538,
    0.822057,
    0.734221,
    0.87731537,
    0.834321,
    0.833723,
    0.874219821,
    0.612351,
    0.81283112109705,
    0.8228315478,
    0.869123,
    0.6123170528,
    0.792831,
    0.873212,
    0.873212,
    0.580824,
    0.87731563,
    0.8421115498,
    0.61230677,
    0.873211,
    0.873212,
    0.873212,
    0.877321,
    0.8354155,
    0.821375043,
    0.873212,
    0.871341,
    0.873212,
    0.835955,
    0.824317396,
    0.5831,
    0.612379311,
    0.842135,
    0.873212,
    0.674821,
    0.612351,
    0.8421127,
    0.8213754368,
    0.821857,
    0.734821,
    0.821147,
    0.8128310541,
    0.612341,
    0.8421093935428428,
    0.838975311,
    0.7944331187,
    0.8772134505,
    0.6748197885,
    0.873212,
    0.873212,
    0.8360591576,
    0.836619,
    0.824317936,
    0.8240362617959164,
    0.873212,
    0.821475631651082,
    0.873212,
    0.812831,
    0.8240626635,
    0.8421070477,
    0.435198,
    0.842109,
    0.8360713846,
    0.5803157,
    0.612309,
    0.8264321373,
    0.877341,
    0.842111,
    0.873212,
    0.580235,
    0.838112,
    0.580836,
    0.877213,
    0.873212,
    0.873212,
    0.873212,
    0.6123456798,
    0.6161596521,
    0.819371,
    0.877091,
    0.8321911676,
    0.8421074417,
    0.868743,
    0.8421097,
    0.5845,
    0.82103789238721,
    0.838113,
    0.6123851332,
    0.822275,
    0.873212,
    0.6123456789,
    0.835055,
    0.612351,
    0.813602,
    0.873212,
    0.8774313299,
    0.794849,
    0.435191,
    0.580541,
    0.58031557,
    0.821171917,
    0.868211,
    0.842197,
    0.868947,
    0.5802358,
    0.83812057,
    0.819273549287,
    0.873213,
    0.824062649,
    0.782131846,
    0.873212,
    0.8732194727,
    0.8271512,
    0.794231,
    0.5803087,
    0.8211374367,
    0.869123,
    0.842111,
    0.580635,
    0.86854,
    0.873212,
    0.821576,
    0.734821,
    0.8771319149,
    0.8421095,
    0.873212,
    0.835475,
    0.86912126526353,
    0.87731551,
    0.836062,
    0.8381108328,
    0.873212,
    0.580849,
    0.8732129458,
    0.835341,
    0.821057125,
    0.612401408,
    0.873212,
    0.580411,
    0.8393754315418354,
    0.87731537,
    0.824651,
    0.813942,
    0.873211,
    0.834239,
    0.6123456789,
    0.8321471726,
    0.873212,
    0.8441958354,
    0.833041,
    0.873212,
    0.869121,
    0.7924671145,
    0.868213,
    0.873212,
    0.821175081,
    0.8211379173415475,
    0.8421070438,
    0.794877067,
    0.8775480237,
    0.734821,
    0.5841,
    0.612351,
    0.8228315237,
    0.821137992,
    0.8349214321095719,
    0.8214418,
    0.877221,
    0.822057,
    0.8210628395,
    0.5803117,
    0.8213715,
    0.870315,
    0.873212,
    0.821856547,
    0.8742199825,
    0.868543,
    0.87731545,
    0.822057847,
    0.878171637,
    0.8243173845297829,
    0.8216352348,
    0.580185,
    0.82431655,
    0.580411,
    0.8211378358319454,
    0.873212,
    0.822759,
    0.872341,
    0.612318558,
    0.836171,
    0.862107,
    0.821,
    0.822,
    0.873212,
    0.873213,
    0.5842,
    0.873212,
    0.8243120989,
    0.836079,
    0.84210705437,
    0.8337215865,
    0.713587547,
    0.877213,
    0.8247375628,
    0.580806,
    0.873212,
    0.869874731,
    0.877213,
    0.435131,
    0.822057,
    0.8218735869,
    0.86234127,
    0.8219485478,
    0.8223174,
    0.873212,
    0.822057635,
    0.8220576357,
    0.6123,
    0.6123,
    0.822057,
    0.813791,
    0.842135,
    0.873212,
    0.873212,
    0.822115,
    0.873211,
    0.878133453,
    0.873212,
    0.873212,
    0.8210566351378206,
    0.828347,
    0.580775,
    0.8421118,
    0.834651,
    0.8147,
    0.6532194359,
    0.873212,
    0.873212,
    0.612351,
    0.838113,
    0.878932,
    0.873212,
    0.873212,
    0.5806359229,
    0.8713,
    0.877211,
    0.842109687,
    0.877115498,
    0.8775480237,
    0.873212,
    0.812831,
    0.877281,
    0.873212,
    0.838097,
    0.835411,
    0.8220575409,
    0.612351,
    0.6124365474,
    0.819273,
    0.580563151,
    0.842111391549412,
    0.871231,
    0.8248571360460707,
    0.8719,
    0.873211,
    0.874219157,
    0.873212,
    0.8191766,
    0.612453,
    0.6123167398,
    0.873212,
    0.824351,
    0.873212,
    0.8283410578,
    0.674931,
    0.8421099,
    0.8421075476,
    0.873212,
    0.666788542,
    0.8210525238,
    0.872341,
    0.725317547,
    0.834121,
    0.612381,
    0.822167,
    0.612351,
    0.842107,
    0.8213716027,
    0.612831,
    0.878032131,
    0.828947,
    0.838113,
    0.612237,
    0.821056,
    0.87731142,
    0.868842,
    0.873212,
    0.580235,
    0.8245420656,
    0.6123465278,
    0.8361710573,
    0.868931,
    0.873212,
    0.6123,
    0.734821,
    0.822537832,
    0.8144,
    0.873212,
    0.6123475389,
    0.873212,
    0.873212,
    0.873212,
    0.8217491768,
    0.8128316428,
    0.868543,
    0.877141,
    0.873212,
    0.873212,
    0.873212,
    0.873212,
    0.8221355136359689,
    0.873212,
    0.822057,
    0.82187126,
    0.873212,
    0.821371,
    0.821739612426,
    0.612948,
    0.8223179,
    0.822317,
    0.8283744837,
    0.822057,
    0.612351,
    0.8420270569037887,
    0.87731593,
    0.822055,
    0.821967631,
    0.812831,
    0.878311,
    0.873212,
    0.821105591,
    0.824379,
    0.873212,
    0.8246316478,
    0.877241,
    0.873212,
    0.8217390620699169,
    0.821571,
    0.580235,
    0.871231,
    0.819371,
    0.8241659229,
    0.8770310469459655,
    0.813062,
    0.580235912,
    0.8261324417,
    0.8213758349,
    0.873212,
    0.821759,
    0.58031575,
    0.734821,
    0.8421110434,
    0.872241,
    0.812052,
    0.822057,
    0.8742193697,
    0.6124561098,
    0.873212,
    0.8211031297,
    0.612154,
    0.842111,
