{
  "model": "meta-llama/Llama-4-Scout-17B-16E-Instruct",
  "distribution": "FDistribution(dfn={dfn}, dfd={dfd})",
  "mode": "independent_requests",
  "requested_samples": 1000,
  "generation_time": 280.4477610588074,
  "statistics": {
    "total_samples": 1000,
    "failed_requests": 0,
    "unique_values": 307,
    "unique_rate": 30.7,
    "mean": 1.1466639489218764,
    "std": 0.7283281880764637,
    "min": 0.021384917917836685,
    "max": 2.4607,
    "ks_statistic": 0.20800004534018052,
    "ks_pvalue": 1.9953527341074172e-38
  },
  "samples": [
    0.470318,
    0.470817155,
    1.758321,
    1.821321,
    0.470312,
    2.209107227,
    0.235,
    2.209107294,
    0.470318,
    1.812621430836214,
    0.235,
    1.8123456789,
    1.925817669,
    1.208,
    0.470581,
    0.56789,
    2.460317,
    1.230177,
    0.4708175429,
    1.271,
    1.962591,
    1.214285714,
    2.209107691,
    2.209107227,
    0.470398,
    0.470318,
    0.4708174313,
    0.470312,
    0.470318,
    0.470817955,
    1.4789,
    1.484155,
    0.235,
    1.474921,
    2.209107911,
    1.427819,
    2.209427859,
    1.407,
    1.907943743,
    2.209427756,
    0.235,
    1.258,
    1.387421135,
    1.284,
    1.943821135,
    2.209107743,
    1.925817637,
    1.38642,
    2.209107911,
    0.4708178949,
    1.230177,
    1.387421135,
    1.386,
    0.470817562,
    0.235,
    1.925817621,
    0.470318,
    0.470295,
    0.470358,
    0.470158,
    2.209107,
    1.962421,
    0.470318,
    0.235,
    0.5678121093,
    2.209107911,
    2.209715,
    0.470318,
    0.470817227,
    1.208,
    1.475621,
    0.5678191513,
    1.962591,
    2.209107911,
    1.427,
    0.470318,
    1.932051384,
    0.4708175627,
    0.4708175429,
    2.209107,
    1.387421105,
    0.4708178956,
    1.925817638,
    0.4708175624,
    0.470318,
    0.470318,
    0.235,
    2.209715,
    0.235,
    1.297,
    1.962421,
    1.242097,
    1.812453,
    1.962421,
    0.470318,
    2.209107227,
    0.235,
    1.812156135,
    1.1421,
    1.925817743,
    1.094,
    0.235,
    0.4708178949,
    1.962421,
    1.427,
    1.812319,
    1.758321,
    0.470318,
    0.56789,
    1.484216,
    0.4708175627,
    0.235621,
    2.209107911,
    1.962,
    0.235,
    0.4708175626,
    1.427,
    1.2473,
    1.267421,
    0.4708178953,
    0.470358,
    0.470318,
    0.470318,
    1.230508,
    1.962421,
    2.209107911,
    0.235,
    0.4708172259,
    1.962378,
    0.470318,
    0.235,
    0.470358,
    0.470821,
    1.258,
    0.470295,
    0.470817,
    1.387421,
    1.925817743,
    0.470318,
    1.469,
    1.9458,
    1.386,
    2.209107911,
    1.484821151,
    1.427,
    2.209427951,
    1.427,
    2.209107911,
    1.387421,
    1.478923,
    0.5678123109,
    1.094350252,
    1.925817946,
    2.460177,
    1.406,
    1.267231,
    0.5678191827,
    1.478362,
    1.478932,
    1.465298231,
    0.4708175627,
    1.23456789,
    1.92581763119,
    1.821032469,
    0.235,
    0.235,
    0.470318,
    0.235,
    1.284027134,
    0.470318,
    0.470295,
    1.230546,
    0.235,
    2.262177836,
    1.484929836,
    0.567892,
    0.470318,
    0.470398,
    2.4607,
    0.4708,
    0.470318,
    1.46522086,
    0.470318,
    2.460387,
    1.925817924,
    1.962421,
    1.4789,
    1.874235621,
    1.812319,
    1.469,
    2.209107,
    0.235,
    0.235,
    1.267231,
    1.925817946,
    0.470317955,
    0.470318,
    1.387421,
    0.5678123987,
    0.470817562,
    1.812,
    1.427,
    1.943821135,
    1.258,
    1.943821135,
    1.457,
    0.470398,
    0.4708176927,
    1.23456789,
    0.235,
    1.406,
    0.470312,
    0.470318,
    0.470318,
    1.387421105,
    1.407,
    0.4708174905,
    2.209107797,
    2.209715,
    1.387421,
    2.209107911,
    1.962,
    1.894427,
    0.235,
    0.470318,
    0.470318,
    0.470318,
    1.962387,
    1.904108357,
    0.235,
    1.297,
    1.1421,
    1.284027134,
    1.387421,
    0.470335911,
    0.235,
    0.470318,
    0.235,
    0.470395,
    2.209107911,
    2.209107911,
    1.925817887,
    2.262177335,
    1.962421,
    0.235,
    0.470318,
    0.235,
    0.4708175625,
    2.209427475,
    1.267231,
    1.387421,
    2.209107911,
    1.297,
    1.258,
    0.470358,
    0.470581,
    0.470339,
    2.209107911,
    0.4706211185,
    1.925817887,
    2.209107229,
    0.4708175424,
    0.4708,
    2.209427859,
    2.209107911,
    0.4708175626,
    1.427,
    1.457,
    1.094,
    1.230177,
    2.209715,
    1.387421135,
    1.242097,
    0.567832109,
    1.484362,
    1.1421,
    0.470318,
    0.470295,
    2.209107297,
    1.484929836,
    0.4708175427,
    0.470318,
    0.235,
    2.460177,
    1.427819,
    1.427,
    1.962421,
    0.470817901,
    1.8123456789,
    0.470358,
    0.470817901,
    0.470358,
    2.209107911,
    0.470318,
    0.4708175625,
    0.470312,
    0.235,
    2.26217746,
    1.854921,
    0.4706211139,
    0.235,
    0.470339,
    2.209107091,
    0.470318,
    1.767231492,
    2.209107,
    1.894427,
    2.209107911,
    2.460177,
    0.470323,
    1.208,
    0.235,
    1.945631219,
    0.4708,
    1.894427,
    0.470398,
    0.4708174557,
    0.470318,
    1.2602,
    0.4703176928,
    0.235,
    0.235,
    0.4708174903,
    2.209715,
    1.478932,
    1.208,
    0.4708179467,
    0.4708175634,
    0.470318,
    1.095431,
    1.962421,
    0.470358,
    1.258,
    0.5678123409,
    0.470817743,
    0.4708175624,
    0.470318,
    1.925817218,
    2.209107226,
    0.470318,
    0.235,
    0.235,
    1.478932,
    0.4708175429,
    0.235,
    2.209107911,
    0.235,
    1.9438219114753725,
    0.4708174319,
    0.235,
    0.470318,
    2.209107295,
    0.567,
    1.23056789,
    0.470318,
    1.894427,
    2.209715,
    0.235,
    2.460177,
    0.567890213,
    0.4708,
    1.925817317,
    0.4708175625,
    1.478923,
    0.4708179466,
    0.235,
    0.470295,
    2.460387,
    0.470817562,
    0.4708175427,
    1.962,
    0.470318,
    1.271,
    0.4708,
    2.460317,
    0.4708174936,
    1.427819,
    0.4708175636,
    1.23456789,
    1.964378,
    1.962,
    1.2602,
    0.470821,
    1.230508,
    0.4703951114,
    0.470817,
    0.567,
    0.235,
    1.894427,
    0.4708135427,
    2.4607,
    1.962421,
    0.470318,
    0.235621,
    2.209427859,
    0.567812309,
    0.235,
    0.4708172257,
    1.387421105,
    1.276,
    0.470312,
    1.214,
    0.470318,
    0.470358,
    2.460591,
    2.209427859,
    0.470817901,
    0.470817783,
    0.470817901,
    1.894427,
    1.874051,
    1.297,
    0.470318,
    0.4708175627,
    1.294027551,
    0.235,
    1.484210526,
    0.235,
    1.387421113,
    1.297,
    1.387421,
    0.470318,
    2.209107143,
    1.207,
    0.470817783,
    0.470398,
    0.4708,
    2.209107911,
    1.2308,
    1.297,
    0.4708175625,
    1.215,
    0.4708175427,
    0.235,
    1.925817637,
    0.470318,
    1.962,
    0.470312,
    0.4708175627,
    2.209107831,
    1.284027134,
    0.4708175635,
    1.427819,
    1.925817216,
    1.962,
    0.470323,
    2.209715,
    0.235,
    0.470312,
    0.470817143,
    1.271,
    1.094350907,
    0.4708,
    2.209107911,
    2.460591,
    2.209107911,
    1.925817431,
    2.209107911,
    1.812421,
    0.567813529,
    0.567812332,
    1.387421,
    1.528,
    1.854230836,
    0.470318,
    0.235,
    0.470318,
    1.962421,
    1.387421,
    1.812045,
    0.470318,
    1.258,
    1.467895422,
    0.4708175624,
    1.271,
    0.4708175627,
    0.470318,
    1.1421,
    0.567854,
    2.4607,
    0.470817924,
    0.235621,
    0.470318,
    0.235,
    0.4708171334,
    0.235,
    0.4708,
    0.470358,
    0.470358,
    2.460271,
    2.209107,
    1.925817218,
    2.460519,
    0.470295,
    1.962,
    0.235,
    2.209107911,
    1.812,
    2.209107,
    1.427,
    1.925817317,
    0.470358,
    1.23056789,
    1.964213,
    0.567892,
    0.470318,
    2.209107291,
    0.470318,
    0.4708175627,
    1.854621032,
    2.209107911,
    1.387421,
    0.235,
    1.962,
