{
  "model": "mistralai/Mistral-Small-3.2-24B-Instruct-2506",
  "distribution": "FDistribution(dfn={dfn}, dfd={dfd})",
  "mode": "independent_requests",
  "requested_samples": 1000,
  "generation_time": 471.59762835502625,
  "statistics": {
    "total_samples": 1000,
    "failed_requests": 0,
    "unique_values": 870,
    "unique_rate": 87.0,
    "mean": 1.6341144356468622,
    "std": 0.9031394047783239,
    "min": 0.12935678,
    "max": 8.235612743912762,
    "ks_statistic": 0.35568077748251664,
    "ks_pvalue": 1.0421081580257804e-113
  },
  "samples": [
    1.72023456789,
    2.1478018910972705,
    1.23456789,
    1.234567,
    3.128952,
    1.423875912,
    0.782145,
    1.23487654321,
    2.153872,
    2.341987654,
    1.24867,
    1.64283,
    0.84231,
    0.904234567,
    1.872435679,
    2.37412194751125,
    1.234687,
    1.25634872,
    1.235467,
    2.04164,
    1.84164234,
    0.743215,
    1.82349567,
    2.437816,
    8.235612743912762,
    4.6729,
    3.21478523,
    0.872341215,
    0.421652,
    0.423623159327621,
    0.623457,
    3.241587,
    0.892341,
    2.153647,
    1.2456789,
    0.543219,
    2.7201933521,
    2.341895,
    3.21489,
    0.872345678,
    0.942718,
    0.4231,
    1.23456789,
    1.245329871,
    0.815423,
    1.23456789,
    3.241,
    0.742113921,
    4.2315,
    1.842356,
    3.872456123,
    0.7923154,
    1.3456789,
    1.23456789,
    1.23456,
    0.824612,
    2.145378,
    0.7842123,
    1.2478346521,
    0.72345,
    0.45236,
    1.832456729,
    3.248611,
    1.248791763,
    0.582341,
    3.128,
    3.241986,
    1.2337580426192565,
    2.45178,
    0.54321,
    2.3401864192499904,
    1.683452,
    2.1438576,
    0.73125,
    3.8942,
    1.247839521,
    0.4216783,
    3.12465879,
    2.1403846153846153,
    3.240785429,
    0.4523461234,
    2.314768,
    1.372456,
    2.1403,
    1.342857142857143,
    1.6472583,
    1.23456789,
    0.54238977,
    2.473508715616427,
    2.175438,
    0.8321,
    2.1438990102,
    2.341829,
    0.892456721,
    1.023687,
    0.567213984,
    3.142857142857143,
    3.245903,
    2.03456723,
    0.82457396,
    2.04763,
    1.8726345,
    0.472183452,
    3.245125687,
    2.341892,
    2.148372001,
    0.8123456789,
    0.62345821,
    1.243865013,
    2.341151,
    2.1489,
    1.247682,
    2.14692924912,
    1.847239621215523,
    1.23456789,
    2.41389,
    2.341812,
    3.241896752,
    1.842568793,
    1.24873652,
    3.218457286243291,
    1.2345678,
    1.23456789,
    1.533759234,
    0.5128,
    0.762345123,
    0.823456,
    1.123456789,
    1.342072925816484,
    0.65273192,
    1.23456789,
    1.62345,
    0.32148367,
    1.4327,
    1.23456789,
    1.3421,
    3.1245673,
    0.4236128,
    2.45198236,
    2.753146,
    1.23421,
    0.523847,
    1.23456,
    1.83,
    2.4315,
    2.1356413,
    1.523894672,
    0.34721,
    3.874201298,
    1.2342,
    0.842312,
    0.5717234281561437,
    2.3417872,
    0.4231872,
    0.5732,
    1.243759862,
    0.79143237,
    0.42362,
    1.2476,
    1.342,
    1.380546,
    2.14387,
    1.87623,
    0.8123456789,
    0.5726348712399761,
    2.703,
    0.987654321,
    2.14290137668112,
    0.432172412,
    0.9238461538461539,
    4.2345,
    0.42367829,
    3.527,
    1.234567,
    2.314567812,
    0.5612,
    1.342780126,
    2.1513897024,
    0.7532,
    0.421,
    0.472315,
    1.83756432091,
    1.8723415726,
    3.248712341,
    1.54321,
    0.452183,
    0.423758,
    0.873214,
    1.243056789,
    3.421235986,
    1.4326782761011012,
    0.672149,
    4.128365672,
    0.732457,
    2.145687,
    0.372145,
    2.13456789,
    1.075378236,
    0.5423891,
    0.54234,
    0.481236,
    2.34198636,
    0.8123456789,
    1.271853,
    2.0473,
    1.237894567,
    3.124958762,
    0.98765,
    2.3419,
    4.213992736897822,
    1.2042879503,
    3.24718321203,
    2.147832547,
    0.872145,
    1.72645,
    1.84237192,
    2.135874925,
    0.672132,
    2.148732,
    3.2567891234,
    1.824672130645321,
    0.723419,
    1.423768542,
    0.6123456789,
    0.623124,
    1.23456,
    2.537142857142857,
    1.347286,
    0.421684,
    2.116438567,
    2.34519,
    0.93225734,
    2.315678,
    2.345678,
    1.832456987,
    1.3425679,
    1.642378521,
    1.63270845123,
    0.483215637,
    1.023456789,
    2.32456,
    2.143587,
    1.5832,
    1.5246,
    1.247183,
    0.5123456789,
    3.412892,
    0.912345,
    4.235126,
    3.521894264,
    3.724139504,
    1.87423128,
    1.34285714285714,
    0.842,
    1.245672,
    1.345678921,
    0.8423415721231231,
    0.312456789,
    1.84237289342,
    2.1401587,
    3.02412,
    2.087653984,
    2.7231,
    1.034256789,
    1.23456789,
    2.143891256,
    1.8423,
    2.145678,
    1.32145976,
    1.283145729,
    0.892456127,
    1.23456789,
    0.34127,
    0.421371264,
    2.03816521,
    2.53184,
    0.5623,
    0.49832175,
    1.24839026569,
    2.593743,
    1.23456789,
    1.9423,
    1.24678253,
    1.62542137,
    1.683245123,
    1.234567,
    1.3245,
    1.523456,
    1.620483562,
    1.62345,
    2.01315789,
    1.23456789,
    0.6129,
    3.12487,
    1.642925,
    1.3245,
    2.154719,
    1.32456789,
    0.7824,
    2.684123,
    0.56231,
    1.523487,
    0.872341,
    1.9231,
    0.4236109,
    2.41689,
    1.8723456789,
    2.45189634300235,
    3.21489265410908,
    2.14589167324987,
    1.23456789,
    1.23456789,
    1.123456789,
    1.843276501,
    0.892456789,
    2.1864356891472605,
    1.25463289,
    1.92345,
    1.84326874210595,
    1.3427960216137325,
    3.456792,
    1.45293456,
    0.872145,
    1.3427856,
    0.812345769,
    3.285421875011962,
    2.10564379,
    1.5682103725144123,
    1.23456789,
    1.273456789,
    2.142857142857143,
    2.341582972819963,
    1.3247157,
    2.1437992546,
    2.831245679,
    2.047836,
    0.382456,
    2.1347892347,
    0.5623987,
    3.21875,
    0.723412,
    2.147982,
    1.23456789,
    1.63452,
    2.4194382712,
    1.84236789,
    2.013457,
    3.542128,
    1.99873256,
    0.52348,
    0.412365,
    1.23456,
    0.42162168,
    3.42619,
    0.584219,
    0.83247,
    0.742619,
    1.23456789,
    1.532487,
    1.9234785623,
    1.234502,
    1.68245,
    2.148753205,
    0.71923456789,
    2.456789,
    3.472816415839816,
    2.1487,
    2.34153298466,
    1.623456789,
    0.643821759,
    1.934523,
    1.024836,
    2.148923,
    2.3456789,
    2.1478932,
    1.432876532,
    2.13456789,
    0.51234867,
    0.782345,
    2.3567,
    1.23456,
    1.68123,
    1.23456,
    2.148693204412584,
    1.748622,
    1.23456789,
    1.283645,
    1.6743287,
    1.243758,
    1.78304458,
    2.045,
    2.043629538,
    4.235678,
    1.2349876,
    2.431852,
    1.243186547856239,
    2.148372916,
    2.14397,
    2.13456789,
    2.8453,
    1.678924,
    1.246378942,
    4.2318,
    1.523145,
    2.3411872319,
    0.84231567912,
    1.83654,
    0.87245376,
    0.426892,
    2.43712,
    2.1345678,
    1.123456789,
    0.644292117201729,
    2.3413,
    0.612345,
    2.439827520916427,
    0.4282150133711845,
    1.23456789,
    2.1347,
    1.243258763,
    3.27189624128,
    2.341896,
    0.812456782,
    1.7248103616219204,
    2.1476385254321535,
    2.048,
    2.145629,
    1.0243567,
    1.423867,
    1.0123456,
    0.4823156789,
    0.81643546,
    3.214789,
    3.124589,
    2.389543,
    0.82345678,
    1.23456789,
    2.1421356,
    2.14781234567,
    0.723418,
    1.723,
    4.328976123,
    1.23452,
    2.148373999,
    2.4567,
    1.23456789,
    0.871423,
    1.423567901,
    1.2351826419999998,
    1.234987653,
    0.67423847612,
    3.472118,
    0.7214,
    1.23456789,
    1.3572842941210124,
    1.345678,
    1.23456789,
    1.23456789,
    2.34182,
    1.843294265,
    3.214897,
    3.218745220309874,
    1.423456789,
    1.7203,
    1.832456789012,
    0.421387254902,
    1.392874522,
    2.450983,
    0.7685,
    1.23456789,
    0.7203,
    3.124587692,
    0.8421673,
