{
  "model": "moonshotai/Kimi-K2-Instruct-0905",
  "distribution": "FDistribution(dfn={dfn}, dfd={dfd})",
  "mode": "independent_requests",
  "requested_samples": 1000,
  "generation_time": 683.36496758461,
  "statistics": {
    "total_samples": 999,
    "failed_requests": 1,
    "unique_values": 695,
    "unique_rate": 69.56956956956957,
    "mean": 1.0529851526594212,
    "std": 0.5978551121060873,
    "min": 0.207,
    "max": 3.84721536492,
    "ks_statistic": 0.15728694044333413,
    "ks_pvalue": 4.717280489323966e-22
  },
  "samples": [
    1.047,
    0.8472,
    0.742,
    1.2847,
    0.386819,
    1.3376,
    0.5673,
    0.5281,
    0.8253,
    1.089744,
    2.316,
    0.7423,
    0.847,
    1.7638,
    1.847362,
    0.847362,
    0.847,
    0.683947,
    0.847,
    1.847362,
    1.2837,
    2.154795,
    0.387214,
    0.8476,
    1.0647,
    2.206,
    0.8472,
    1.1847,
    0.867,
    0.847,
    0.612,
    1.42386791,
    1.237,
    2.4186,
    0.473,
    0.847321,
    1.249,
    2.173,
    0.847213,
    0.372419,
    0.74,
    0.738,
    1.23,
    0.8673,
    0.946,
    1.834692,
    0.7321,
    0.9217,
    0.847362,
    0.381642,
    0.7382,
    0.847,
    1.8473,
    1.0487,
    0.9472,
    0.847362,
    0.847,
    2.486,
    1.627,
    1.837,
    0.845,
    0.876,
    1.913847,
    2.453,
    0.847,
    0.472316,
    1.4673,
    0.7634,
    0.8473,
    0.586274,
    2.386,
    0.847362,
    1.837492,
    0.8523,
    1.482,
    1.8392,
    0.847,
    0.526,
    0.524,
    0.847362915266842,
    0.847,
    0.386482,
    0.867341,
    1.382,
    0.847392,
    1.847326,
    1.423768,
    0.371,
    0.8739,
    1.837492,
    0.5379,
    0.847362,
    1.683,
    0.662,
    1.6129,
    0.8473,
    0.873,
    0.738294,
    0.627349,
    0.9824,
    1.740382,
    0.847,
    0.38214,
    0.7429,
    0.742391,
    0.867421,
    0.497,
    0.847,
    0.421,
    0.9684,
    3.248,
    0.736,
    0.726891,
    1.847,
    0.6873,
    0.847329,
    0.826384,
    1.284729,
    0.872,
    0.563842,
    0.423,
    0.571,
    1.295,
    0.734,
    0.8834,
    0.738921,
    0.742,
    1.83,
    0.587916342,
    0.847,
    0.837142,
    0.604138,
    0.847936,
    0.933,
    0.4472,
    0.973,
    1.230847,
    1.342906,
    2.137,
    0.418762,
    0.362,
    0.6173,
    0.837249,
    0.467291,
    0.6821,
    0.427,
    0.8476,
    0.948371,
    0.83721,
    1.2308,
    0.847163,
    0.881736,
    0.6124,
    0.8673945218,
    0.351867,
    0.736281,
    2.3847,
    0.847,
    0.847,
    0.8372,
    1.847629,
    0.872,
    0.742,
    0.947683,
    0.386204,
    0.837451962,
    0.8473,
    2.145,
    1.837,
    2.317,
    0.9462,
    0.3981,
    0.873,
    0.847,
    1.857,
    0.6173,
    0.894153,
    0.957214,
    1.273841,
    0.847,
    0.362,
    0.931,
    1.847263,
    0.8763,
    0.367489213,
    0.827438,
    0.867340219,
    0.938274,
    0.342,
    0.527816493,
    1.374,
    0.847,
    0.696,
    0.951724,
    0.317,
    0.607831,
    0.6892,
    1.358254716981132,
    0.893,
    0.847,
    0.3871,
    0.8864,
    0.638,
    0.847,
    1.846923417,
    1.3406,
    0.881,
    0.881294,
    0.8264,
    1.247836,
    1.1847,
    1.837492,
    0.37214896,
    0.387,
    0.847293,
    1.829364,
    0.527,
    1.273846,
    1.264917,
    1.837,
    0.873,
    0.3827,
    1.5372,
    1.1346,
    0.4216,
    2.476,
    0.847621,
    0.207,
    0.9234,
    0.8472,
    0.367814249,
    0.319,
    2.1134986,
    1.4387,
    0.847362,
    0.683421,
    1.27,
    0.647,
    0.8174,
    0.62731,
    0.6173,
    0.8736,
    1.837,
    0.5284,
    0.847,
    1.847,
    0.593842,
    0.673,
    0.847,
    0.299,
    2.837192,
    0.8471099456,
    0.317,
    1.846593,
    0.367,
    0.528,
    0.867,
    1.827,
    0.6173,
    1.847,
    0.427,
    0.783,
    0.6173,
    0.831294,
    0.8736,
    0.934,
    0.6173,
    0.847362,
    0.618,
    0.601384726915824,
    0.382,
    1.734,
    2.837491,
    0.893,
    1.8597,
    0.847,
    0.617348,
    0.847,
    0.736,
    1.23,
    0.713,
    1.847362,
    0.9472,
    1.8734,
    0.837124,
    0.3178,
    0.847,
    0.273,
    0.8463,
    0.398,
    0.363,
    0.847192,
    2.183,
    0.8714306,
    0.8473,
    0.823,
    3.288,
    0.837142964,
    1.313,
    2.336,
    0.982,
    0.4173,
    0.847209,
    0.367,
    0.847,
    0.683914,
    0.5724,
    2.387,
    0.94673,
    0.847,
    0.837419,
    0.6238,
    1.036,
    0.8723,
    0.847,
    1.847263915,
    0.527314,
    0.617384,
    0.936471,
    2.387,
    2.637194,
    2.314,
    2.387,
    0.867342,
    0.847362,
    0.8473,
    0.713624,
    1.8476,
    0.8734,
    1.244783,
    0.387149204,
    1.236847,
    0.387154,
    0.873,
    0.8934,
    0.543867,
    0.384,
    0.637,
    0.921833,
    1.27364,
    1.837,
    1.847362,
    1.8327,
    0.6173,
    0.338,
    1.428,
    0.361,
    0.847,
    0.429,
    0.318,
    1.387034682,
    1.827419364,
    1.374819,
    0.726,
    0.563,
    1.847362,
    2.317,
    0.847263915,
    0.893,
    0.8472,
    2.137,
    0.3987,
    1.8473629,
    0.473198,
    1.023847,
    1.843,
    0.6024,
    1.327,
    0.847381,
    2.347,
    0.751,
    0.613,
    1.9384,
    0.316,
    0.8579,
    0.596,
    0.947318,
    0.873,
    0.4207,
    0.946183,
    1.0834,
    0.4278,
    0.847,
    0.8372,
    1.7643,
    0.573914,
    0.362,
    2.173,
    2.634,
    0.7382,
    0.893184,
    0.832197,
    0.342,
    0.8473,
    0.9317,
    0.7352,
    0.382741956,
    0.847352,
    0.8274,
    1.847962915,
    1.836,
    0.873,
    0.881,
    0.847382,
    0.387,
    1.027,
    0.4723,
    1.832,
    0.594137,
    0.8253,
    0.736,
    0.683421,
    0.947,
    0.638921,
    0.738,
    0.613,
    0.418,
    0.613,
    0.743,
    0.9476,
    0.4713,
    1.35428,
    1.104563,
    0.612839,
    0.387419,
    0.4562781934017897,
    0.731,
    1.0284,
    1.498763,
    0.847,
    0.847219,
    0.426817832,
    0.847,
    2.317,
    0.847,
    0.3678,
    0.8472,
    1.8317,
    0.683,
    0.8473,
    2.465,
    0.742,
    2.186783,
    0.6173,
    0.476319814,
    1.284,
    0.429,
    0.817,
    0.647392,
    0.627,
    1.847362,
    3.84721536492,
    1.847329,
    0.372948,
    3.248,
    0.873,
    0.847,
    0.903,
    0.867314,
    3.487,
    0.847,
    0.7614,
    1.4236,
    0.884,
    0.847362915,
    2.188,
    0.8734,
    1.847,
    0.882,
    1.423,
    0.317,
    1.245,
    0.317,
    1.244,
    0.612,
    0.847163,
    1.743608,
    0.5248,
    0.865412,
    0.847,
    1.246837,
    1.072,
    0.853619427,
    0.738192,
    0.682149384972,
    1.248,
    0.837,
    0.872,
    0.857293,
    0.683241,
    1.618473,
    0.6143,
    0.847362,
    0.8473,
    0.847,
    0.7421,
    0.847623,
    0.921473,
    1.742836,
    0.6148,
    0.738291,
    1.175937,
    0.47219,
    2.34,
    0.304,
    0.7043,
    1.847,
    0.437,
    0.372194,
    1.347,
    2.387,
    1.527849,
    0.870182,
    0.872,
    0.847362,
    0.742631,
    0.85738,
    0.6524,
    1.382749162,
    2.847,
    0.781492,
    0.742916,
    0.917613,
    0.8264,
    0.867,
    0.586241,
    0.717,
    0.847,
    3.124567,
    0.467,
    3.017,
    0.837194,
    1.6379,
    0.7423,
    2.8473,
    0.6823,
    0.573,
    0.717,
    0.387142968,
    1.342,
    0.6173,
    0.847362,
    0.616427,
    0.61542,
    0.951724,
    0.7364,
    1.84725368197432,
    0.467183,
    0.847,
    0.617,
    0.307,
    2.342659271,
    0.924,
    1.0347,
    0.715384,
    0.6142,
    1.4372,
    0.2734,
    0.4331,
    0.847,
    0.842157,
    0.8735,
    0.437,
    0.9174,
    1.138467,
    0.847,
    0.3976,
    2.519,
    0.921643,
    0.3847,
    0.387,
    0.847,
    0.617,
    2.348976,
    2.74,
    0.833,
    2.437,
    0.524,
    0.867,
    3.2157,
    0.3924718,
    0.612,
    0.472183,
    0.628914,
    0.883421,
    1.234567,
    0.943867,
    1.293,
    0.387164,
    0.8473,
    0.847,
    0.847,
    0.686244,
    0.847,
    0.917538,
