{
  "model_name": "google/gemma-3-27b-it",
  "test_type": "independent_requests",
  "distribution": "Uniform",
  "parameters": {
    "low": 0,
    "high": 1
  },
  "num_requests": 1000,
  "successful_samples": 1000,
  "failed_requests": 0,
  "samples": [
    0.7382957461,
    0.738291746192837,
    0.7382947162837462,
    0.7382947162837461,
    0.37829163874,
    0.37492816,
    0.7382947163928579,
    0.73829174658,
    0.3782946519,
    0.4582937165,
    0.738294716582947,
    0.6384729163847291,
    0.37482927465,
    0.738291746,
    0.6384729164589237,
    0.638294718295639,
    0.738294716,
    0.3748291746283759,
    0.7382915746,
    0.73829163572,
    0.73829465172,
    0.7382917465,
    0.374829,
    0.37482927465,
    0.37492816,
    0.73829174653,
    0.3748291736582917,
    0.3782945678123984,
    0.472918,
    0.7382957461,
    0.3748291746928374,
    0.6385927364,
    0.3748291738,
    0.472918,
    0.374829,
    0.374829176,
    0.63859273946384,
    0.378294651,
    0.3782946519876234,
    0.3748293658,
    0.374829,
    0.7382957394638291,
    0.6782391745823917,
    0.374829164,
    0.6384729156897357,
    0.73829465791,
    0.374928,
    0.37485927485,
    0.6387291548276394,
    0.374829175,
    0.378295641287,
    0.37829157,
    0.738291564,
    0.37482927465,
    0.734829,
    0.6384729163548276,
    0.37482937462,
    0.374829,
    0.3746291856,
    0.3748291756,
    0.638472916354789,
    0.37482917,
    0.6384729165478236,
    0.6385927183648917,
    0.3728461937,
    0.37829174165,
    0.73829174638,
    0.3782947615,
    0.3748292736482736,
    0.63847291,
    0.374829,
    0.3748291726493827,
    0.37482927465,
    0.63847291658,
    0.37492,
    0.7382917465,
    0.37829461827,
    0.374829273846,
    0.47298364197,
    0.378294651,
    0.37482927465,
    0.4578291638294767,
    0.3782917465,
    0.378259174,
    0.374829,
    0.3748293658274928,
    0.374829177,
    0.3782946519284765,
    0.37482917563,
    0.7382947165829167,
    0.374829167854367,
    0.374829374,
    0.6384729164583924,
    0.378294651,
    0.37482927465,
    0.374829,
    0.37482927465,
    0.378291564,
    0.7348291628374652,
    0.3782916476521874,
    0.638729,
    0.37492819,
    0.378241567,
    0.3782917465,
    0.3745829174638291,
    0.6738291746582034,
    0.734829,
    0.37281947568,
    0.37829174658,
    0.73482957,
    0.37492816,
    0.374829,
    0.37482927465,
    0.3782916478965432,
    0.3782917463,
    0.3782946517,
    0.6384729165839274,
    0.3745829164587235,
    0.374829274658,
    0.37482936475,
    0.37482957,
    0.3748292736,
    0.378294651927,
    0.37482927465,
    0.374829,
    0.374829,
    0.63847291653,
    0.6384729163,
    0.7382947562,
    0.37492816,
    0.374829,
    0.37482927465,
    0.37482917,
    0.378294651,
    0.3782917465,
    0.37482927465,
    0.374829,
    0.374928,
    0.3782619048279345,
    0.374829274658,
    0.3782917462348659,
    0.378291567,
    0.374829175,
    0.37829465,
    0.374829173642867,
    0.37829465102,
    0.73829,
    0.3782917465,
    0.37482927364,
    0.37482927465,
    0.37482936587,
    0.374928167,
    0.37482927465,
    0.374829,
    0.63847291635,
    0.37492816,
    0.37482927465,
    0.37829157,
    0.37482927465,
    0.3782946519,
    0.37482927465,
    0.6385927463,
    0.374829175,
    0.6387291846,
    0.3745829164827394,
    0.3749281746927359,
    0.37829,
    0.3782947619,
    0.3782941657,
    0.7348291746582917,
    0.6738291746895728,
    0.37482927465,
    0.67384927384,
    0.374829,
    0.374829563,
    0.37482927465,
    0.6384729163548276,
    0.63847291635,
    0.472918,
    0.62847392837465,
    0.37482917465829,
    0.73829174618,
    0.37482927465,
    0.3782917465,
    0.374829,
    0.7382957461,
    0.6382947185,
    0.37482917645823,
    0.6382749173469875,
    0.63827491736,
    0.378294651,
    0.3782917463,
    0.63872947562,
    0.638729156,
    0.374829176,
    0.374829273645,
    0.3749286152,
    0.37829465718,
    0.73829571846,
    0.374829175,
    0.37492816,
    0.3782917465,
    0.3748291746582039,
    0.37829175643,
    0.378241987,
    0.378294651,
    0.3748291736482793,
    0.6384729165837265,
    0.6378291745689234,
    0.374829174,
    0.3782957164,
    0.7382947615384765,
    0.6384729165839274,
    0.37482927465,
    0.374928715,
    0.374928,
    0.374829,
    0.638472916548976,
    0.37829465123,
    0.7382947168329567,
    0.3749281679529475,
    0.37829465129,
    0.37829476823,
    0.738294726,
    0.378291654892736,
    0.37482915,
    0.374829274659,
    0.37829156,
    0.37482957,
    0.638927,
    0.37482927465,
    0.37482927465,
    0.3782917462857136,
    0.3782946521,
    0.3782946519,
    0.37829465,
    0.6385927463,
    0.3782917465,
    0.374829,
    0.6378291546298762,
    0.37829478162,
    0.6384729165849276,
    0.3748291746589235,
    0.374859293,
    0.378294651,
    0.37482927465,
    0.73829174654,
    0.7382917465,
    0.73829157382,
    0.472918,
    0.73829174639,
    0.6382749374,
    0.73829476283,
    0.672948372649186,
    0.7348291738462873,
    0.37482917465,
    0.378294651,
    0.63827491638,
    0.374829,
    0.4785921379,
    0.374829276538592,
    0.37482927465,
    0.37482917,
    0.6384729,
    0.37482927465,
    0.37482917,
    0.45829375,
    0.3748292736589274,
    0.378294651987,
    0.37829164728,
    0.67382917465,
    0.3749281672,
    0.6384729165839276,
    0.7382947162843652,
    0.7382957461,
    0.37482917,
    0.4587239561,
    0.37829174629,
    0.37829465198,
    0.472918,
    0.37284917265,
    0.37482927465839,
    0.37482927465,
    0.374628,
    0.374829374,
    0.734829,
    0.37482927465,
    0.37459281649372383,
    0.374829163572847,
    0.374628,
    0.3748291736,
    0.3748291736582917,
    0.6384729165839274,
    0.738294716,
    0.37829465817,
    0.3748292746,
    0.374829,
    0.3748292736482937,
    0.6387294658912376,
    0.374829,
    0.37482917,
    0.37829465127,
    0.378294651092368,
    0.374928,
    0.7382947163928675,
    0.374829,
    0.3782917465,
    0.37482916,
    0.3745928164976735,
    0.37482927465,
    0.378294658172936,
    0.7382957461,
    0.6384729164778931,
    0.3782914622,
    0.738294756283746,
    0.638729,
    0.63847291658,
    0.7382947163928476,
    0.374829,
    0.3745829374628374,
    0.3748293641758067,
    0.73829174619,
    0.6384729164837266,
    0.7382957394,
    0.7382947562,
    0.738294716293768,
    0.738294716283746,
    0.7382947619827364,
    0.73829573468,
    0.378294651978,
    0.37482927465,
    0.374829274653,
    0.374829,
    0.7382947165829375,
    0.7382917468384765,
    0.73829471659,
    0.7382917465,
    0.374829173658291,
    0.37482917,
    0.63847291654,
    0.73829174653,
    0.7382947162837462,
    0.7382947619283746,
    0.7382947165829473,
    0.63847291658,
    0.7382947162837462,
    0.378294651,
    0.6384729165829177,
    0.7382947621583926,
    0.638729158,
    0.637829,
    0.7382947163,
    0.7382947182635871,
    0.7382917463,
    0.738291746,
    0.6387291,
    0.7382917465,
    0.63847291658,
    0.37482927465,
    0.7382917463,
    0.63847291657,
    0.738291463827,
    0.638472917485,
    0.374829,
    0.6384729165839768,
    0.3782917463,
    0.3748291746582917,
    0.374582916457892,
    0.37482917365,
    0.7382915276,
    0.63847291,
    0.73829174638,
    0.37829162847,
    0.37482917,
    0.672849,
    0.3748292746583927,
    0.374829175,
    0.378294651287,
    0.7382947615,
    0.374829,
    0.678239,
    0.374829,
    0.6384729165,
    0.3782915743,
    0.3748291736482739,
    0.3748291764,
    0.37829416587,
    0.3782946519,
    0.3782946519876328,
    0.638472916475,
    0.37829174653,
    0.37492,
    0.37482957,
    0.7382917465,
    0.37482927465,
    0.37281947265,
    0.37482927465,
    0.37849276415,
    0.6384729165827364,
    0.37458291649,
    0.6387294518276548,
    0.638472916583746,
    0.37492816,
    0.4578291356789123,
    0.3748293746,
