{
  "model_name": "meta-llama/Llama-3.3-70B-Instruct-Turbo",
  "test_type": "independent_requests",
  "distribution": "Uniform",
  "parameters": {
    "low": 0,
    "high": 1
  },
  "num_requests": 1000,
  "successful_samples": 1000,
  "failed_requests": 0,
  "samples": [
    0.8147295646732574,
    0.814729673442,
    0.8147295624,
    0.814723786,
    0.8147292637,
    0.8147255,
    0.8147297809295455,
    0.814729043,
    0.8147293626,
    0.814723786,
    0.8147234982,
    0.8147250529,
    0.842131,
    0.814729564,
    0.814729257,
    0.814725,
    0.8147295638620476,
    0.8147295639,
    0.814729362,
    0.8147297868,
    0.81472956411842,
    0.8147295648350047,
    0.8147297863449897,
    0.8147254829,
    0.814729564,
    0.81472335975,
    0.814729362,
    0.8147291715,
    0.814729547,
    0.814729562738,
    0.814729237,
    0.814729945,
    0.814723478,
    0.81472368,
    0.814729563949,
    0.814729563652,
    0.814723569,
    0.8147295641235647,
    0.8147293976,
    0.8147299648,
    0.8147297865980354,
    0.814723786,
    0.8147239769,
    0.814829,
    0.842137,
    0.8147295639,
    0.814382461,
    0.814723473,
    0.814729564048,
    0.814729564,
    0.8147295630498086,
    0.8147295629,
    0.81472963,
    0.8147295641369726,
    0.814723378,
    0.814729253746,
    0.8147237869,
    0.814429197,
    0.8147293938797239,
    0.814729257,
    0.814729564438,
    0.8147295630539484,
    0.8147292366734618,
    0.814729945,
    0.814729043,
    0.814729563,
    0.8147295641,
    0.81472926,
    0.8147239868763478,
    0.814729615,
    0.814725,
    0.873521,
    0.814729394,
    0.814892968,
    0.8147295632,
    0.814729256,
    0.817236,
    0.8147253773,
    0.814723786,
    0.8147295636,
    0.8147294832,
    0.873212,
    0.814729,
    0.814729564,
    0.8147293582,
    0.814729247,
    0.814729,
    0.814729257,
    0.8147295630493429,
    0.842137,
    0.814729362517,
    0.814729257,
    0.8146176942,
    0.814729945317,
    0.814729236,
    0.8147292537,
    0.814723,
    0.8147239,
    0.817236547,
    0.814729554,
    0.8147295648,
    0.81472956236,
    0.814723786,
    0.8147299438,
    0.814723786,
    0.8145827666,
    0.814725,
    0.8147239269,
    0.814729564,
    0.8147258796,
    0.81472956394212,
    0.8532119,
    0.8147257236,
    0.8147292364983793,
    0.814729634,
    0.814729,
    0.814729564,
    0.814772186162,
    0.814729564,
    0.8147295641,
    0.814829043,
    0.8147292532,
    0.8147237869450685,
    0.814729562738,
    0.8147295641,
    0.817236,
    0.814733982,
    0.814723557,
    0.814723,
    0.8147295641,
    0.814729673,
    0.814725834,
    0.8147295641,
    0.8147295623,
    0.81472983298,
    0.817236,
    0.814723816,
    0.8147295639455026,
    0.8147296324987656,
    0.814729912,
    0.8147239685473365,
    0.814729885,
    0.8147292628388288,
    0.81472362,
    0.8147296738460617,
    0.8147298328,
    0.8147257399,
    0.814729458,
    0.814729878,
    0.814723547,
    0.814729643,
    0.8147239769,
    0.814729257,
    0.814729816,
    0.814729564,
    0.814723379,
    0.8147237864,
    0.8147295641086626,
    0.8142294387,
    0.8147295641,
    0.814729563,
    0.814729263,
    0.814725,
    0.8147298852,
    0.814723719,
    0.814725,
    0.817236,
    0.814829702,
    0.814723562,
    0.814729563612,
    0.8147295639493753,
    0.8147252,
    0.8147295631,
    0.8147292538,
    0.814682,
    0.814725,
    0.8147295641,
    0.8147295640736126,
    0.8531595328,
    0.814729554,
    0.814829,
    0.8147295643384176,
    0.814723786,
    0.8147259384,
    0.8147295627383478,
    0.8147298356,
    0.81472396,
    0.814723056,
    0.853219,
    0.8147237868,
    0.814733562,
    0.814725,
    0.814729362,
    0.814729563992,
    0.8147299452,
    0.8147259,
    0.8147299648,
    0.817236,
    0.8147230573,
    0.853492831,
    0.8147298472935136,
    0.842117,
    0.814729257,
    0.814729942,
    0.8147295641,
    0.814729563549,
    0.8147297869,
    0.814829,
    0.8147295641438357,
    0.8147298455620614,
    0.84213143,
    0.8147293945569455,
    0.814729634,
    0.8147239574,
    0.8147295648159,
    0.814729563,
    0.814735879,
    0.81472963,
    0.8147236985426357,
    0.81472381,
    0.8147299457,
    0.814725432109375,
    0.814729847453,
    0.8147295626730156,
    0.814729554,
    0.814729563461,
    0.814723719,
    0.872819,
    0.8147298177,
    0.814723926,
    0.814729945,
    0.8147295637525024,
    0.814729392,
    0.8147292531129293,
    0.8147295649494238,
    0.8147295648936744,
    0.814729917,
    0.8147239676,
    0.817236,
    0.8147233789,
    0.8147295642,
    0.814729563612,
    0.8147298353,
    0.8147295641069647,
    0.81472356,
    0.814729843,
    0.8147258319,
    0.8147295642447286,
    0.8147235269,
    0.814729127,
    0.81472956382225,
    0.814117,
    0.8147295627471723,
    0.8140562374,
    0.814729564,
    0.8147237864,
    0.814729713,
    0.8147255939471696,
    0.8147295647912745,
    0.8147295627,
    0.814729673461903,
    0.8147295641,
    0.814723779,
    0.814729257,
    0.814829,
    0.814729298,
    0.8147297860833183,
    0.8147292934,
    0.814729843,
    0.8147299456976468,
    0.81472552905244,
    0.814725,
    0.814729257,
    0.81472396,
    0.8147235269,
    0.814729564,
    0.8142579581,
    0.814729634,
    0.814729562379,
    0.8147723595,
    0.814729563,
    0.8147295641,
    0.8147295649477055,
    0.8147297869689524,
    0.814682,
    0.8147293629,
    0.8147292764755032,
    0.814729257,
    0.8147295633698153,
    0.814729926,
    0.817236,
    0.814729564,
    0.8148229676,
    0.814729423,
    0.8147295649483224,
    0.8147295649478816,
    0.814729362,
    0.814729674,
    0.814229247,
    0.814829,
    0.814725,
    0.8147295638,
    0.814729326,
    0.8147297666779565,
    0.8147297634546237,
    0.8147235769,
    0.814729423,
    0.8147292535,
    0.814729257,
    0.814723498,
    0.817236,
    0.814729674,
    0.814392535,
    0.8147295644156859,
    0.814729842,
    0.8147237863,
    0.8147295641,
    0.814829236,
    0.814733442,
    0.814729834,
    0.8147295631,
    0.8147228077,
    0.814729394,
    0.814729786862,
    0.814729563,
    0.8147295648545753,
    0.814729842,
    0.814729562738,
    0.8147298356310966,
    0.814723686,
    0.814729563549,
    0.814723856127,
    0.814722,
    0.873921,
    0.81472346,
    0.8147294357,
    0.8147254781,
    0.8147295630498086,
    0.817236,
    0.814735,
    0.8537917264540174,
    0.814729945,
    0.814829,
    0.814723562,
    0.8172364721,
    0.873212,
    0.8147292973,
    0.8147236685498948,
    0.8147292535713655,
    0.81472326,
    0.8147295630493478,
    0.814729734,
    0.814729394945,
    0.814229247,
    0.814729564,
    0.8147295639648784,
    0.814729562,
    0.814729673,
    0.814733492,
    0.814729257,
    0.814829043,
    0.8148296357,
    0.8147292,
    0.8147295646732036,
    0.842179,
    0.814729562837,
    0.8140522,
    0.8147296738799823,
    0.827351,
    0.814729135,
    0.814729563953,
    0.8147237868,
    0.814729564,
    0.8147295639929374,
    0.84213194,
    0.842139,
    0.814729634,
    0.814729564087,
    0.8147295641,
    0.8147239269,
    0.853182,
    0.814822,
    0.8147297866,
    0.8147295640532048,
    0.814729316,
    0.8147293,
    0.8147237864,
    0.8147295649893747,
    0.8147295641,
    0.81472356,
    0.814729854,
    0.81472378,
    0.81472382,
    0.814725,
    0.814723498,
    0.814723,
    0.814729164,
    0.814729012,
    0.814729874,
    0.8147295627386312,
    0.81472983298935,
    0.8147235269,
    0.8147234982,
    0.8147292538,
    0.814722549,
    0.814729892,
    0.814729673469,
    0.8147229892,
    0.814729564,
    0.814723819,
    0.814729423,
    0.814723569,
    0.814729,
    0.853212,
    0.814723926,
    0.814729257,
    0.814729,
    0.8147252329,
    0.814729394,
    0.814829,
    0.81472349686,
    0.8147598323,
    0.814725,
    0.814829,
    0.814729634498,
