{
  "model_name": "gpt-4o",
  "test_type": "independent_requests",
  "distribution": "Uniform",
  "parameters": {
    "low": 0,
    "high": 1
  },
  "num_requests": 1000,
  "successful_samples": 1000,
  "failed_requests": 0,
  "samples": [
    0.4823,
    0.5823,
    0.4827,
    0.5823,
    0.4823,
    0.5372,
    0.5837,
    0.7352,
    0.7284,
    0.6843,
    0.563872,
    0.4827,
    0.537218,
    0.5472,
    0.472963,
    0.6842,
    0.4938,
    0.582913,
    0.473689012,
    0.6398,
    0.536827,
    0.72948259,
    0.5872395091,
    0.783421,
    0.4637829513,
    0.5274,
    0.4728,
    0.6372849301,
    0.6427531614,
    0.5274849237,
    0.4827397469,
    0.735926,
    0.4528347169,
    0.5374627818,
    0.492615,
    0.8743205981,
    0.6841,
    0.7325,
    0.732654286,
    0.4263,
    0.7324,
    0.563291,
    0.7836,
    0.482637,
    0.64732,
    0.7463,
    0.538942317,
    0.517284750324,
    0.537389,
    0.5738,
    0.387251,
    0.583274,
    0.728347,
    0.4823,
    0.764298529,
    0.5824,
    0.538429,
    0.4978296243,
    0.473582,
    0.637582467,
    0.7385,
    0.5284,
    0.5387,
    0.6732058321,
    0.6832954278,
    0.7324,
    0.738462573,
    0.647349,
    0.48271541,
    0.4379,
    0.4826139274,
    0.4729,
    0.4938,
    0.4928,
    0.726493605,
    0.387294765,
    0.736402579,
    0.4937,
    0.4761,
    0.5379,
    0.438729,
    0.564732,
    0.3742,
    0.572164,
    0.637492,
    0.3627084639,
    0.482913,
    0.5824131417,
    0.472683,
    0.7263,
    0.538479,
    0.3842,
    0.6874,
    0.4723986653,
    0.637829,
    0.685472,
    0.6237819087,
    0.5372183743,
    0.7381548163,
    0.6743,
    0.7364823911,
    0.482943,
    0.6934125871,
    0.5742,
    0.387512431,
    0.638291,
    0.637485,
    0.624725907,
    0.7342583457,
    0.6841,
    0.68520274,
    0.287364,
    0.685273,
    0.473854,
    0.2763854923,
    0.482937654,
    0.647238,
    0.6742,
    0.6728943174,
    0.576839,
    0.5392768325,
    0.673925,
    0.637485,
    0.6381274593120437,
    0.7264839271,
    0.6738294072,
    0.374862135,
    0.7248,
    0.4675834127,
    0.5387,
    0.6834053261,
    0.4829,
    0.74659382,
    0.3748,
    0.5263,
    0.4729,
    0.508273,
    0.4821,
    0.3827163947,
    0.5831,
    0.5273,
    0.473829,
    0.836512446,
    0.637489,
    0.648273,
    0.4739269048,
    0.673489,
    0.4829,
    0.7342,
    0.724531,
    0.5824,
    0.7623,
    0.5372,
    0.427631,
    0.483267,
    0.537249688,
    0.5374,
    0.473829371625,
    0.7524,
    0.637412,
    0.6389724514,
    0.473582,
    0.742159373,
    0.4829,
    0.564872,
    0.4382,
    0.673492,
    0.5372,
    0.482163,
    0.4823,
    0.537846921,
    0.5372919823,
    0.647391,
    0.458623,
    0.536782,
    0.6374,
    0.678314,
    0.582937,
    0.547382,
    0.527438,
    0.5832,
    0.4372,
    0.372849,
    0.6734,
    0.7362,
    0.38476271408274537,
    0.394732524918,
    0.583492,
    0.637492,
    0.482973,
    0.4738,
    0.5372897144,
    0.7368214285,
    0.7249385271,
    0.314159,
    0.736481,
    0.7429587431,
    0.7328,
    0.4826,
    0.4837924591,
    0.4762938124,
    0.6274,
    0.5948,
    0.6837,
    0.728453,
    0.6374,
    0.734895,
    0.735629,
    0.637329,
    0.7382654823,
    0.6379823,
    0.346187543819372,
    0.7365985423,
    0.4821,
    0.7643,
    0.738592,
    0.384762,
    0.5873,
    0.6827,
    0.7834,
    0.5874,
    0.654321,
    0.4729856213,
    0.6473284591,
    0.738572,
    0.4732,
    0.5947,
    0.637482,
    0.4826473729,
    0.682374,
    0.479326,
    0.6723,
    0.7423,
    0.684392753,
    0.6734982013,
    0.4863,
    0.738512,
    0.482593,
    0.4627735861,
    0.438276789,
    0.6734912741,
    0.624983,
    0.738624,
    0.58372,
    0.3275841931,
    0.3748,
    0.742367,
    0.583472,
    0.583791,
    0.472832,
    0.473816,
    0.573462,
    0.5927381191444862,
    0.7384,
    0.7382,
    0.582736,
    0.4837,
    0.3742,
    0.582736,
    0.482374657,
    0.5478293827,
    0.4673,
    0.6483,
    0.638497421,
    0.3747281729,
    0.834275623,
    0.4931825128,
    0.5367,
    0.5371294652,
    0.7476328413,
    0.7364729271,
    0.587463,
    0.4827,
    0.6738452,
    0.582943,
    0.6842,
    0.5284,
    0.4275987325,
    0.482674,
    0.6374,
    0.734291,
    0.5283,
    0.7465823192705217,
    0.827364943875645,
    0.4827,
    0.3742,
    0.4823654097,
    0.493728,
    0.482715643,
    0.7643852183,
    0.527394,
    0.573648829,
    0.482173,
    0.6142834172,
    0.4738252619,
    0.5873,
    0.4728,
    0.5379,
    0.736482,
    0.682943,
    0.4837,
    0.6374829271,
    0.5369294802,
    0.428593,
    0.537218593,
    0.325489654,
    0.4538921347,
    0.6378275321,
    0.4826,
    0.637843591,
    0.6578923412,
    0.8473621951,
    0.5274,
    0.537216,
    0.6742,
    0.537846,
    0.637489,
    0.483215762,
    0.4973,
    0.6842,
    0.4827,
    0.7385,
    0.724183,
    0.572638,
    0.836574,
    0.3846,
    0.576391,
    0.736195483,
    0.7264,
    0.647392,
    0.4728,
    0.7324,
    0.473281,
    0.6374,
    0.437152863,
    0.2836758123,
    0.6723,
    0.4782,
    0.527896,
    0.6473923825,
    0.637482,
    0.647921342,
    0.537182639,
    0.6473829174,
    0.7386053902155264,
    0.547382921,
    0.5837,
    0.573482,
    0.6832418765,
    0.673489732,
    0.253847612,
    0.738465198376542,
    0.473829,
    0.673289,
    0.7382,
    0.4382,
    0.643872389,
    0.7382,
    0.5834,
    0.6371582645,
    0.4723894205,
    0.5837,
    0.473226,
    0.736481,
    0.673412,
    0.5839127527,
    0.7243865839,
    0.4837,
    0.437592449,
    0.5249187629,
    0.4823,
    0.3768945927,
    0.4672839271,
    0.4876294135,
    0.5342,
    0.4829,
    0.438612,
    0.4823654097,
    0.4827,
    0.3748,
    0.7284,
    0.583629,
    0.5739,
    0.3742,
    0.736521,
    0.482736,
    0.7523,
    0.483901234,
    0.6784,
    0.573829,
    0.748392,
    0.7643928164,
    0.5372948624513741,
    0.3728481685,
    0.4826,
    0.736289,
    0.7463,
    0.4827,
    0.273846392,
    0.5983,
    0.728451623,
    0.5372683941,
    0.592736,
    0.4827,
    0.6471,
    0.643285781,
    0.5371,
    0.4857390135,
    0.736493,
    0.682473,
    0.574839,
    0.4731862425,
    0.673298,
    0.5462,
    0.4852,
    0.693748359,
    0.582643,
    0.75832,
    0.6780241984,
    0.6349021653,
    0.4384228596,
    0.573482,
    0.457382,
    0.7365197824,
    0.3489231976,
    0.7342,
    0.7256040178,
    0.5374,
    0.5379,
    0.7321,
    0.437582,
    0.783291,
    0.5374,
    0.6738455271,
    0.472839,
    0.473912,
    0.5372948721,
    0.7685,
    0.724618391,
    0.4738123471,
    0.5832,
    0.583491,
    0.5763,
    0.5834,
    0.463728921,
    0.7532,
    0.738462,
    0.729324847,
    0.637489,
    0.48271347,
    0.3471820463,
    0.637052815,
    0.728413,
    0.487216,
    0.6314,
    0.582716,
    0.647281,
    0.674193,
    0.482173,
    0.6374938257,
    0.4657935127,
    0.638492,
    0.6974349132,
    0.6347,
    0.4768329273,
    0.736951,
    0.4837,
    0.6843,
    0.6845,
    0.672489,
    0.573821,
    0.573456789,
    0.5374629178,
    0.475391,
    0.758394231,
    0.5638213891,
    0.5379824673,
    0.6842934157,
    0.3748,
    0.574832,
    0.6147926481,
    0.6473,
    0.4827,
    0.4673423815,
    0.478921,
    0.7934,
    0.6374928831,
    0.4735292863,
    0.482376,
    0.8372641955,
    0.467382,
    0.372519,
    0.7429,
    0.684193,
    0.7394,
    0.4671,
    0.437652,
    0.5271,
    0.6382140978,
    0.4826139977,
    0.473815625,
    0.4823,
    0.657482,
    0.361482,
    0.6473928346,
    0.482736,
    0.5382,
    0.6837956273,
    0.5834927391,
    0.5923741562,
    0.4632,
    0.5437,
    0.637402,
    0.5736,
    0.7436,
    0.734819,
    0.4387,
    0.6842,
    0.7326,
    0.4837,
    0.537412,
    0.437529,
    0.7362,
    0.273549822,
    0.4372924369,
    0.5832,
    0.482926,
    0.6064819771,
