{
  "model_name": "mistralai/Mistral-Small-3.2-24B-Instruct-2506",
  "test_type": "independent_requests",
  "distribution": "Uniform",
  "parameters": {
    "low": 0,
    "high": 1
  },
  "num_requests": 1000,
  "successful_samples": 1000,
  "failed_requests": 0,
  "samples": [
    0.472938,
    0.7139528341,
    0.372846,
    0.734521309,
    0.61023487,
    0.734129564,
    0.721483,
    0.718432,
    0.5488135039273248,
    0.738421,
    0.374528198425,
    0.743295872,
    0.6714839271,
    0.7316492587,
    0.73412398472,
    0.17384629,
    0.7314992,
    0.4287319245,
    0.732518,
    0.5488135039273248,
    0.61823,
    0.37452186,
    0.472893,
    0.734562,
    0.817236547,
    0.842136549,
    0.5488135039273248,
    0.739472,
    0.872419,
    0.7324567891,
    0.4172,
    0.7341298523,
    0.6123478,
    0.7328164,
    0.37294512,
    0.7324516,
    0.741253827,
    0.417293874,
    0.74231,
    0.715327,
    0.372194568,
    0.47293844,
    0.72938471,
    0.7248,
    0.473265891,
    0.742389166499021,
    0.74123456789,
    0.7194236480649266,
    0.713652941,
    0.478234673,
    0.7431589271,
    0.653782,
    0.582416473,
    0.482391829,
    0.5488135039273248,
    0.457123,
    0.7812345678,
    0.734521896,
    0.7342891,
    0.7394128622,
    0.73452891,
    0.654321,
    0.574321,
    0.715234,
    0.723158,
    0.1742938745692,
    0.71412365,
    0.734523198,
    0.5488135039273248,
    0.743129,
    0.723456,
    0.738462,
    0.734520918,
    0.732184596227,
    0.743289476,
    0.5432,
    0.27491,
    0.5437281900668356,
    0.5488135039273248,
    0.4873121419,
    0.6187243129,
    0.7324568741,
    0.73425681,
    0.74123865,
    0.62134569,
    0.427368124,
    0.734562,
    0.637284612,
    0.714562,
    0.741235896,
    0.2418783,
    0.417526,
    0.45236789,
    0.123456789,
    0.732458521943,
    0.7293587,
    0.742937152,
    0.7234198,
    0.741532876,
    0.45623,
    0.672431299,
    0.73452819,
    0.7241923741,
    0.74231,
    0.734562,
    0.734192066,
    0.6729345124,
    0.75429834,
    0.123456789,
    0.371245,
    0.73452,
    0.374123212,
    0.432567198,
    0.7345612,
    0.2874129301,
    0.7324586921,
    0.235781234,
    0.5387,
    0.7412365923,
    0.763,
    0.472893,
    0.718423569,
    0.274315896,
    0.7329481625,
    0.734529,
    0.7134256891,
    0.2743165321,
    0.734129593,
    0.71236541,
    0.5488135039273248,
    0.718342912,
    0.374281912,
    0.74365672,
    0.123456789,
    0.5429,
    0.714285,
    0.4729103852,
    0.74319283,
    0.5488135039,
    0.73124569,
    0.738542,
    0.37452,
    0.2679,
    0.7249236548,
    0.724183,
    0.734521,
    0.235187623,
    0.54321,
    0.4729864213,
    0.72345,
    0.24513265,
    0.1567234892,
    0.7143295563,
    0.834567,
    0.73452891,
    0.742318,
    0.1753,
    0.734259,
    0.7241,
    0.372418,
    0.73412,
    0.2749,
    0.742186,
    0.374589,
    0.724134,
    0.734562,
    0.714382652,
    0.5488135039273248,
    0.753921,
    0.7315498029,
    0.732419,
    0.617354219,
    0.375492189,
    0.4231,
    0.7821,
    0.41273,
    0.547184326395121,
    0.7184236,
    0.637142857,
    0.618342781,
    0.9276431,
    0.732549871,
    0.5498156203,
    0.5488135039273248,
    0.3492016962,
    0.7436215842,
    0.456723891,
    0.237,
    0.5488135039273249,
    0.123456789,
    0.567234187234,
    0.719423,
    0.741329392,
    0.6145238724,
    0.37142857,
    0.763421,
    0.72943857,
    0.6532890145,
    0.9734512865,
    0.6721354987,
    0.472839155,
    0.752841,
    0.3721,
    0.74123847623,
    0.5488135039246816,
    0.74123,
    0.731648,
    0.6134729,
    0.74236,
    0.2743165987,
    0.374529,
    0.734529186,
    0.7345123,
    0.743156234,
    0.092341,
    0.712456,
    0.728315492,
    0.5488135039273248,
    0.456782,
    0.723415,
    0.741932528,
    0.5488135039273248,
    0.137481467,
    0.347289176,
    0.2703,
    0.742381,
    0.7134,
    0.183472,
    0.5488135039273249,
    0.184729356,
    0.5837,
    0.5488135039,
    0.37452,
    0.3741235682,
    0.457123,
    0.723418652,
    0.743192874,
    0.734521,
    0.675431,
    0.5488135039273248,
    0.5743286512,
    0.74321,
    0.729345,
    0.671432857,
    0.6738,
    0.7413295642,
    0.7412563,
    0.742953,
    0.5482550134585125,
    0.753256,
    0.7823456791,
    0.7384921,
    0.72934812,
    0.472819,
    0.23645,
    0.7342591862,
    0.732459,
    0.74231985,
    0.734522987,
    0.732456789,
    0.74132,
    0.271834,
    0.37845,
    0.7319,
    0.123456789,
    0.173456289,
    0.7621,
    0.73241865,
    0.734928534,
    0.713452819,
    0.734298,
    0.3845429017,
    0.472819,
    0.73251829,
    0.70356184,
    0.4729382472,
    0.64273,
    0.5488135039273248,
    0.6924,
    0.7342,
    0.743251987,
    0.23456789,
    0.7345628471,
    0.734129,
    0.73124568,
    0.427316,
    0.481237491,
    0.123456789,
    0.123456789,
    0.7345621,
    0.54881350392732,
    0.723614529,
    0.729451632,
    0.7319502,
    0.704351239,
    0.73241,
    0.34531276,
    0.57382914,
    0.7324561938,
    0.637285,
    0.372415872,
    0.572938472,
    0.5488135039273248,
    0.5488135039271335,
    0.452367891,
    0.417283,
    0.12345,
    0.7123456,
    0.584231673,
    0.7214365982,
    0.417683,
    0.634521,
    0.723419,
    0.73425928,
    0.673512498,
    0.743163279,
    0.41728391,
    0.73452,
    0.7345219,
    0.472893,
    0.618423,
    0.5488135039237648,
    0.54368,
    0.713469,
    0.734502,
    0.7824165384,
    0.73548239,
    0.457293,
    0.54738239124,
    0.674123,
    0.73421,
    0.3741528,
    0.7821545,
    0.3175,
    0.721439,
    0.14285714285714285,
    0.74823612,
    0.43251987,
    0.572413492,
    0.417395623476,
    0.567283942,
    0.73452981,
    0.4672891,
    0.5488135039273248,
    0.712458936,
    0.61837,
    0.7612384592,
    0.732549816,
    0.6371,
    0.743125,
    0.7432198,
    0.723541,
    0.71345,
    0.723641,
    0.4721834579,
    0.734928,
    0.123456789,
    0.72198345,
    0.714325,
    0.734125689,
    0.53142867,
    0.74321465,
    0.7249318653,
    0.579123456,
    0.4573,
    0.734529186,
    0.45892317,
    0.672415839,
    0.74281651,
    0.47872309,
    0.734129,
    0.74315629,
    0.71834562,
    0.73456,
    0.71423865,
    0.732456,
    0.729485123,
    0.7258,
    0.5488135039274662,
    0.28476395,
    0.7431286592,
    0.7423154983,
    0.74238,
    0.4682317,
    0.743192,
    0.7342981765,
    0.2453,
    0.37452689,
    0.7246812953,
    0.7124693871,
    0.563473,
    0.734219,
    0.7148236459,
    0.753142857,
    0.72341558265123,
    0.235018,
    0.731459,
    0.57319,
    0.267184523,
    0.2847632,
    0.672458931,
    0.7621354987,
    0.734129,
    0.7341285319,
    0.73251948,
    0.7124,
    0.4729,
    0.734529,
    0.4872316597092132,
    0.5488135039273248,
    0.5488135039257577,
    0.4829375129,
    0.7239,
    0.5488135039273248,
    0.5488135039273248,
    0.6182345678,
    0.743152469,
    0.2374291874,
    0.734562,
    0.73421,
    0.475219283,
    0.5488135039273248,
    0.67923165,
    0.734128956,
    0.7294385162,
    0.74131952,
    0.47291837265,
    0.739248173,
    0.4523987,
    0.238476129,
    0.73982,
    0.73294835,
    0.7316,
    0.74293156,
    0.5488135,
    0.731948256,
    0.73412,
    0.743512,
    0.1487239157,
    0.742318562,
    0.7412376,
    0.7242835896,
    0.7421875,
    0.7432312,
    0.73421,
    0.75192346,
    0.739215,
    0.8173,
    0.734512,
    0.742351,
    0.723145679,
    0.618172224,
    0.145678923,
    0.72364,
    0.472819342,
    0.741938273,
    0.372159273,
    0.123456789,
    0.472358,
    0.740129,
    0.571236,
    0.7384621923,
    0.234567891,
    0.713497238,
    0.4728934123,
    0.374512,
    0.278146235689,
    0.672418,
    0.1734259,
    0.567349823,
    0.7416293802,
    0.2376541209,
    0.7345621,
    0.642389172,
    0.7134256,
    0.49271,
    0.374218,
