{
  "model": "openai/gpt-oss-120b",
  "distribution": "Uniform",
  "mode": "independent_requests",
  "max_workers": 50,
  "requested_samples": 1000,
  "generation_time": 27.8387188911438,
  "statistics": {
    "total_samples": 1000,
    "failed_requests": 0,
    "mean": 0.5166345773724437,
    "std": 0.11252599019071781,
    "min": 0.2374951648,
    "max": 0.847362,
    "ks_statistic": 0.359194,
    "ks_pvalue": 4.9841573073376286e-116
  },
  "samples": [
    0.374921,
    0.5821938941,
    0.4832175941,
    0.374821,
    0.5832715947,
    0.374821,
    0.582739415,
    0.3815473129,
    0.374692,
    0.374815,
    0.5832947512,
    0.5839214672983541,
    0.5839214372,
    0.3742591215,
    0.437682,
    0.5832719475,
    0.374582,
    0.374583,
    0.642315,
    0.5283426179,
    0.482736,
    0.4832173941,
    0.4839215042,
    0.374829,
    0.5829314672,
    0.4832195271,
    0.642391,
    0.582937,
    0.583927,
    0.682937,
    0.4832075941,
    0.4874629271,
    0.658231,
    0.358942,
    0.483217,
    0.374921657,
    0.384927,
    0.582193,
    0.734562,
    0.587321,
    0.4831620945,
    0.2749158213,
    0.483726,
    0.274163,
    0.548932,
    0.3748294521,
    0.381942,
    0.6423178945,
    0.642358,
    0.6421937821,
    0.842157,
    0.382947,
    0.4832195712,
    0.6428371951,
    0.374829,
    0.587342,
    0.5837214598,
    0.374629,
    0.4836291745,
    0.3742159473,
    0.3746295871,
    0.3741529471,
    0.4837269142,
    0.4832196574,
    0.562309,
    0.4176295781,
    0.4875423911,
    0.374582,
    0.5839271745,
    0.527839,
    0.483219,
    0.4837199321,
    0.387456,
    0.473826,
    0.527394,
    0.5829312745,
    0.3847210957,
    0.4285191625,
    0.4871523467893217,
    0.374829,
    0.3847511628,
    0.374823,
    0.4832197456,
    0.583721,
    0.624587,
    0.472691,
    0.6427183931,
    0.583401,
    0.4738215274,
    0.682931,
    0.4736281429,
    0.374582,
    0.374851,
    0.3845719324,
    0.473829,
    0.523874,
    0.4281294621,
    0.417532,
    0.583219,
    0.587291,
    0.4827391512,
    0.5872149374627511,
    0.583726,
    0.374819,
    0.374582,
    0.5628394621,
    0.4382194756,
    0.528417,
    0.7423951816,
    0.374829,
    0.5276813524719134,
    0.374592,
    0.4837265412,
    0.6425178943,
    0.6273918254,
    0.417839,
    0.5821937514,
    0.7645318421,
    0.3784214756,
    0.8423915274,
    0.527384,
    0.4872169423,
    0.7145829134,
    0.6524738195,
    0.3742894652,
    0.587231,
    0.374892,
    0.374821,
    0.658732,
    0.473829,
    0.5178421934567281,
    0.487321,
    0.7325948157,
    0.6824739215,
    0.374829,
    0.627483,
    0.618274,
    0.5829371941,
    0.617842,
    0.4281937527,
    0.6724183725,
    0.384762,
    0.7284195632914751,
    0.374512,
    0.527839,
    0.618274592147,
    0.4627184625,
    0.5832145678,
    0.4837261947,
    0.4287914625,
    0.483219,
    0.4628395412073856,
    0.6423158741,
    0.642351,
    0.374829,
    0.4837261945,
    0.3748245921,
    0.683921,
    0.374821,
    0.6425178392749131,
    0.4187360284876842,
    0.381942,
    0.4832175941,
    0.639517,
    0.5832749185,
    0.647831,
    0.573849,
    0.3847261945872195,
    0.374829,
    0.374829,
    0.736284915,
    0.482931,
    0.642157,
    0.374928,
    0.4827319456,
    0.4821597361,
    0.4932167820579047,
    0.731945,
    0.5278349421156731,
    0.3746298421,
    0.3741826459,
    0.527381,
    0.5812639472,
    0.842376,
    0.6823941745,
    0.583941,
    0.6829453174382121,
    0.7429361745,
    0.582931,
    0.6174831952,
    0.6187349152,
    0.473852,
    0.7314628475,
    0.4837265410923951,
    0.583921,
    0.3749280412,
    0.374859,
    0.4832719451625871,
    0.5874321567149281,
    0.4821573946,
    0.642378,
    0.374829,
    0.583726,
    0.4832174621,
    0.5271938427164521,
    0.483291,
    0.731284,
    0.374824,
    0.3745928671,
    0.4723956187321496,
    0.384527,
    0.5829374612,
    0.374829,
    0.4872633951,
    0.3742598175,
    0.582913,
    0.642871,
    0.6182745312074532,
    0.5824167423,
    0.7324598671,
    0.562341,
    0.384192,
    0.583274,
    0.682945,
    0.582931247,
    0.5832740195,
    0.374851,
    0.6829456721,
    0.374291,
    0.5278391742,
    0.382914,
    0.732145,
    0.4173862395,
    0.483921,
    0.4872946215,
    0.4738521632957142,
    0.642157,
    0.5278392761,
    0.5823742915,
    0.726394,
    0.6182639472,
    0.732541,
    0.3841725869,
    0.4825937402985811,
    0.4273915829,
    0.583921,
    0.3748195621,
    0.342198,
    0.6821497321,
    0.374562,
    0.562938,
    0.583274,
    0.4621912457,
    0.4219372145,
    0.374839,
    0.3741592375,
    0.4328157621,
    0.381945,
    0.4835962157,
    0.374829,
    0.5831947215,
    0.4629371049185429,
    0.6829532154,
    0.421739,
    0.3749285171,
    0.582931,
    0.4832517269175123,
    0.582761,
    0.3845271947,
    0.527398,
    0.642735921,
    0.642893721,
    0.3845270914,
    0.642387,
    0.462839,
    0.3746295872,
    0.3741628945,
    0.4876423051,
    0.583921,
    0.586721,
    0.724158291,
    0.739842,
    0.742365,
    0.5873421957,
    0.3845279316429146,
    0.5837210945,
    0.5827394615,
    0.4826171945,
    0.374829,
    0.726145,
    0.7319276451,
    0.5874123956,
    0.6834298251,
    0.5824731721,
    0.734581,
    0.5271937124,
    0.374159,
    0.4835127610291741,
    0.4282196203578941,
    0.4827136295,
    0.2374951648,
    0.4832614752,
    0.5829431675,
    0.5872147619384521,
    0.582374,
    0.6825471935,
    0.374689,
    0.4836271945,
    0.5839214675,
    0.642195,
    0.47239182561314735,
    0.582941,
    0.627384,
    0.384592,
    0.642517839274592,
    0.3741926517,
    0.3749215837421553,
    0.5829314275,
    0.483726,
    0.4628395741,
    0.3748294521,
    0.5839272154,
    0.692384,
    0.6832473951,
    0.527839,
    0.3745928157,
    0.487652,
    0.3741629382157647,
    0.374928,
    0.736291,
    0.618273,
    0.487263,
    0.374219,
    0.734829,
    0.374826,
    0.583941,
    0.5869173471,
    0.5823942715,
    0.583921,
    0.587342,
    0.682931,
    0.5623941781,
    0.4839271561043271,
    0.4385271956,
    0.4821096527,
    0.483726,
    0.374859,
    0.5829374156,
    0.4839274512,
    0.3745921036,
    0.5873427619,
    0.527493,
    0.3748214591,
    0.4832769357149271,
    0.4832196725,
    0.6218392745,
    0.583214,
    0.732158,
    0.682941,
    0.372194,
    0.628403,
    0.573291,
    0.384621,
    0.7435182761,
    0.638274915,
    0.4837162941,
    0.527194,
    0.374582,
    0.374829,
    0.3867214983,
    0.374829,
    0.4832194567,
    0.483716,
    0.5279143021,
    0.5867429351,
    0.374826,
    0.639274,
    0.5834291172,
    0.4173629421,
    0.4839275142,
    0.5837264841,
    0.639517,
    0.483726,
    0.4821937145,
    0.6829532247,
    0.4175298231,
    0.2375918427193461,
    0.682394,
    0.4832164152,
    0.4832175924,
    0.583219,
    0.582931,
    0.4736298427954123,
    0.3582741165,
    0.4832177365,
    0.3745928672215186,
    0.682937,
    0.374583,
    0.527381,
    0.5832197345,
    0.5274198623,
    0.481726,
    0.6843715429,
    0.4721535879,
    0.481322,
    0.683204,
    0.738291,
    0.5829473135,
    0.4623958741,
    0.374821,
    0.482371,
    0.3741589327421931,
    0.4827361945872911,
    0.483915,
    0.5873421951,
    0.3748291625,
    0.4265819421158395,
    0.583729,
    0.642398,
    0.374928,
    0.628943,
    0.728345,
    0.374829,
    0.427183,
    0.374839,
    0.437295,
    0.482761,
    0.4832719146295426,
    0.4827361945,
    0.3745923178,
    0.583726,
    0.6371845295,
    0.4285937512,
    0.5874321951,
    0.4625178943,
    0.642873,
    0.5271868392,
    0.6173892145,
    0.4178936521,
    0.682945,
    0.6378429152,
    0.3748194521,
    0.4827160473,
    0.627394,
    0.583927,
    0.6423171458,
    0.3847193425,
    0.4628391745,
    0.483726,
    0.726453,
    0.483921,
    0.3842196521,
