{
  "model_name": "deepseek-ai/DeepSeek-V3.2-Exp",
  "test_type": "independent_requests",
  "distribution": "Uniform",
  "parameters": {
    "low": 0,
    "high": 1
  },
  "num_requests": 1000,
  "successful_samples": 997,
  "failed_requests": 3,
  "samples": [
    0.2739144,
    0.26163273,
    0.7329,
    0.743852,
    0.791637,
    0.743,
    0.676231,
    0.7433,
    0.424578,
    0.9129355831,
    0.582,
    0.7452,
    0.798,
    0.798237,
    0.666,
    0.8,
    0.721133,
    0.49127349,
    0.7347381945,
    0.7884,
    0.3524392617,
    0.345987,
    0.242716,
    0.581259,
    0.573901169825174,
    0.798,
    0.736,
    0.305749638,
    0.541971336264,
    0.7984,
    0.624,
    0.767044,
    0.7211030185031344,
    0.7415293854,
    0.14645498975365373,
    0.433836,
    0.510905,
    0.38487563,
    0.674293,
    0.468221,
    0.219009123,
    0.3097104628,
    0.397874056,
    0.7904202385,
    0.654,
    0.7985,
    0.0,
    0.8312456,
    0.472,
    0.846,
    0.7269,
    0.662,
    0.57539,
    0.782519,
    0.747967,
    0.347869,
    0.478201,
    0.87419,
    0.722,
    0.156982,
    0.843721,
    0.743,
    0.843725,
    0.834,
    0.799217,
    0.784159,
    0.594,
    0.7237184,
    0.4118258167515334,
    0.713,
    0.670426,
    0.684309,
    0.845929,
    0.439566,
    0.843629,
    0.8659,
    0.573892,
    0.72164599,
    0.751,
    0.724195,
    0.673895,
    0.599,
    0.32871,
    0.887640696,
    0.798534,
    0.437,
    0.462175606,
    0.674,
    0.9454121107,
    0.12192006014764,
    0.721943,
    0.61583294,
    0.749,
    0.734,
    0.590367248496,
    0.847061,
    0.72941,
    0.687439,
    0.855,
    0.744,
    0.724,
    0.7413,
    0.141,
    0.792,
    0.865483,
    0.845922,
    0.674312,
    0.473985679261,
    0.633553,
    0.893,
    0.7829183,
    0.874592,
    0.372718,
    0.7148002498908074,
    0.287945,
    0.86236274,
    0.392891715734,
    0.815932,
    0.32895412,
    0.5817249,
    0.847,
    0.364374581,
    0.742891,
    0.734089164917,
    0.339,
    0.837520512,
    0.424581,
    0.682,
    0.5798,
    0.724839,
    0.75689,
    0.55283,
    0.834591,
    0.789452,
    0.37,
    0.458729,
    0.756492,
    0.723904831,
    0.723,
    0.6274,
    0.738421963497,
    0.72913,
    0.742369,
    0.67576757738485,
    0.7218,
    0.78124635,
    0.611701,
    0.918370574895,
    0.673,
    0.890329,
    0.647,
    0.583921,
    0.713145812,
    0.379,
    0.550763,
    0.721936849,
    0.7854,
    0.793,
    0.433579,
    0.7249,
    0.74182,
    0.7553887402,
    0.7238364901,
    0.584,
    0.714837,
    0.723,
    0.846528,
    0.664431,
    0.743,
    0.712345689,
    0.754,
    0.723,
    0.428,
    0.724819,
    0.2119819583,
    0.67542,
    0.763,
    0.724369,
    0.325469,
    0.348,
    0.637,
    0.537381,
    0.724,
    0.548812,
    0.96279,
    0.798,
    0.4237916382,
    0.704941,
    0.307891316,
    0.219,
    0.72381901,
    0.723943,
    0.7234,
    0.798,
    0.811093,
    0.723912035476,
    0.6817907,
    0.32491,
    0.874192,
    0.548812,
    0.7842519164,
    0.319185208701,
    0.79349,
    0.729159,
    0.23561,
    0.604058,
    0.0,
    0.758364,
    0.8234567890123456,
    0.721943,
    0.7415,
    0.4175,
    0.724569,
    0.956521,
    0.478625397,
    0.891019,
    0.379890870845,
    0.862,
    0.548992,
    0.8573618474200086,
    0.897867,
    0.874,
    0.752593,
    0.731,
    0.784916375,
    0.726598,
    0.845193762,
    0.7987,
    0.7305,
    0.46321978,
    0.806214978,
    0.506159,
    0.429583,
    0.6179,
    0.9628,
    0.724871,
    0.817410384457,
    0.7649182746318453,
    0.798,
    0.847153,
    0.3912510096,
    0.743914625,
    0.6912922046201172,
    0.582937,
    0.63739,
    0.7141618748549283,
    0.262719,
    0.798,
    0.8912,
    0.458912,
    0.7714596,
    0.72984,
    0.7319468976682348,
    0.5281947693,
    0.15436,
    0.5217419387626056,
    0.3132684979,
    0.798,
    0.820883,
    0.512,
    0.5284,
    0.373296,
    0.798,
    0.537,
    0.213,
    0.830217,
    0.32984,
    0.543897,
    0.731,
    0.8345,
    0.762840735461,
    0.62,
    0.845917,
    0.553458,
    0.879265,
    0.7532,
    0.39835,
    0.57,
    0.664945393,
    0.742814,
    0.6494,
    0.842579,
    0.10641176769194396,
    0.463721,
    0.85439276,
    0.841,
    0.381,
    0.861630653,
    0.7231568,
    0.93697,
    0.826915,
    0.622316,
    0.5763912478,
    0.7853947265089462,
    0.60237,
    0.7256,
    0.734285,
    0.788,
    0.867165,
    0.737493,
    0.763942,
    0.84295,
    0.6443827329,
    0.578331,
    0.771,
    0.745,
    0.543219067,
    0.947627,
    0.8472137321,
    0.798,
    0.541,
    0.652,
    0.841794,
    0.570962,
    0.429784219,
    0.723961202,
    0.652,
    0.762364,
    0.5016,
    0.84,
    0.31792465,
    0.696514,
    0.38294,
    0.723929,
    0.741244629744,
    0.7248593176,
    0.8462,
    0.86293,
    0.799381,
    0.59496,
    0.427,
    0.53846153846,
    0.741,
    0.634982,
    0.810929,
    0.798,
    0.816,
    0.79345,
    0.462859,
    0.723219,
    0.732918,
    0.724663,
    0.398393,
    0.768942,
    0.565369,
    0.594570571657,
    0.6967940675735308,
    0.462,
    0.732,
    0.728354,
    0.732,
    0.723743,
    0.462,
    0.4088459591,
    0.5378492,
    0.846745,
    0.734577319134,
    0.892305,
    0.791774824382,
    0.18405298567903502,
    0.823748,
    0.7965743,
    0.823456,
    0.582683614,
    0.598,
    0.456731,
    0.84813,
    0.7234,
    0.804166,
    0.624718,
    0.7522,
    0.741,
    0.655624,
    0.173429,
    0.6931471805599453,
    0.723156,
    0.783426911,
    0.483755,
    0.631450892,
    0.723495,
    0.43195,
    0.7345862913941247,
    0.00917,
    0.825922,
    0.547392,
    0.660568,
    0.3287596281,
    0.186,
    0.223865,
    0.617,
    0.954335,
    0.217382,
    0.793047,
    0.286942,
    0.748392,
    0.7247,
    0.8912,
    0.34865057,
    0.382749,
    0.814723686393179,
    0.723497,
    0.734912,
    0.432,
    0.713459162,
    0.682,
    0.5424297,
    0.731163,
    0.896575,
    0.859176,
    0.734820951,
    0.3829,
    0.715304,
    0.573,
    0.796,
    0.758,
    0.7234591263,
    0.648931,
    0.721849,
    0.336,
    0.682,
    0.796458,
    0.238,
    0.762943016,
    0.7100463467714739,
    0.794,
    0.342,
    0.797154165,
    0.587319,
    0.274,
    0.217833,
    0.72194,
    0.693421,
    0.84,
    0.379165,
    0.81,
    0.328794,
    0.54,
    0.793,
    0.798246,
    0.215137,
    0.742981,
    0.379,
    0.822,
    0.772,
    0.782393514,
    0.829,
    0.0,
    0.422768,
    0.531442,
    0.843571768,
    0.334706,
    0.7423,
    0.8243,
    0.773,
    0.45697,
    0.67153921,
    0.276983,
    0.948,
    0.841,
    0.674,
    0.850764,
    0.632,
    0.5239,
    0.832945,
    0.8444218515250481,
    0.423762853,
    0.835,
    0.864297,
    0.712,
    0.793881,
    0.734859213,
    0.7219304792126713,
    0.623,
    0.32321,
    0.348167,
    0.847813,
    0.849761,
    0.640311,
    0.320092823721,
    0.771,
    0.5729,
    0.715,
    0.732,
    0.637945,
    0.64218,
    0.673,
    0.8147236863931789,
    0.729831548,
    0.391625482914345,
    0.74683,
    0.723961,
    0.491542,
    0.424953,
    0.412,
    0.6727,
    0.631,
    0.798,
    0.931232,
    0.421342,
    0.637945,
    0.336746,
    0.996936866,
    0.7988,
    0.7317814926,
    0.9841,
    0.721439,
    0.976122,
    0.462798,
    0.83468124,
    0.8275194056,
    0.6529,
    0.74836,
    0.658221934712,
    0.798372,
    0.327845,
    0.22635381135485078,
    0.421392,
    0.722,
    0.728,
    0.457832,
    0.740069,
    0.127648,
    0.42857142857142855,
    0.649172935,
    0.337619,
    0.382092,
    0.734678,
    0.343826,
    0.136758,
    0.453792681,
    0.793465,
    0.795,
    0.815672,
    0.573,
    0.750662,
    0.412659,
    0.682915187634,
    0.542118733,
    0.84375,
    0.745313,
    0.583496,
    0.724,
    0.739,
