{
  "model_name": "moonshotai/Kimi-K2-Instruct-0905",
  "test_type": "independent_requests",
  "distribution": "Uniform",
  "parameters": {
    "low": 0,
    "high": 1
  },
  "num_requests": 1000,
  "successful_samples": 1000,
  "failed_requests": 0,
  "samples": [
    0.8743,
    0.847204051936218,
    0.783891,
    0.834762049,
    0.3748,
    0.3746,
    0.8247369151,
    0.742936,
    0.372946,
    0.374562991,
    0.731892,
    0.847362,
    0.3748,
    0.847213,
    0.592713048839162,
    0.3748,
    0.483726,
    0.3746,
    0.3748,
    0.8734012569146271,
    0.374918,
    0.847362,
    0.8472,
    0.783492,
    0.758362091,
    0.8472,
    0.3749,
    0.873420156,
    0.847251,
    0.8472,
    0.84721,
    0.8472,
    0.739205,
    0.7382,
    0.3742,
    0.378942635,
    0.4829,
    0.3748,
    0.738294,
    0.374918,
    0.872193,
    0.3748209165,
    0.3746,
    0.84726391502,
    0.7382946851,
    0.3748,
    0.742918,
    0.3749,
    0.738291,
    0.3742,
    0.632145907,
    0.7829641534209173,
    0.674310892,
    0.3742,
    0.374892,
    0.81734629,
    0.374592,
    0.847251,
    0.783521,
    0.3728491062,
    0.37482,
    0.8704092836194756,
    0.738291,
    0.37462,
    0.4728,
    0.3748620915,
    0.7829,
    0.743902875312,
    0.7392,
    0.731946280482,
    0.374592,
    0.749183,
    0.862390417,
    0.3742,
    0.673914,
    0.427390186,
    0.874296135,
    0.374862915,
    0.731549,
    0.374856192,
    0.8743,
    0.84721,
    0.374859126,
    0.847291,
    0.847392116,
    0.374819,
    0.8713642139771053,
    0.847296315,
    0.783642,
    0.738291,
    0.8472369159,
    0.847391826,
    0.8472,
    0.4892,
    0.783469,
    0.482917362,
    0.8472,
    0.827364915,
    0.374915826334,
    0.372849,
    0.372946815,
    0.847213,
    0.782916,
    0.738291,
    0.374816,
    0.374856192,
    0.83219475,
    0.783425,
    0.782963091,
    0.483726,
    0.374816,
    0.3742,
    0.892,
    0.3746,
    0.739104825,
    0.8723014502467534,
    0.8472,
    0.783419,
    0.7923,
    0.874329,
    0.3728491065,
    0.374862,
    0.783924,
    0.3748,
    0.748293,
    0.748191,
    0.374829156,
    0.873421905,
    0.4837261059106445,
    0.3746,
    0.37486029846712,
    0.783692,
    0.8473,
    0.3742,
    0.728391,
    0.374882,
    0.739201,
    0.739204,
    0.847213,
    0.831267,
    0.847265193,
    0.847193,
    0.847236,
    0.782945116378,
    0.647295891,
    0.7829,
    0.8476392105824918,
    0.8743,
    0.3748,
    0.374865,
    0.374865943210765,
    0.783592,
    0.374862,
    0.379204691532,
    0.8723,
    0.8472,
    0.6732140895,
    0.374625984,
    0.47263,
    0.8472369153,
    0.872391546,
    0.7291,
    0.782491635,
    0.847213092,
    0.738292,
    0.7391,
    0.742983,
    0.728493,
    0.782963,
    0.378429105,
    0.472918,
    0.374692,
    0.738291,
    0.872394,
    0.7193,
    0.374592,
    0.3748,
    0.728149,
    0.884729136559,
    0.782936514,
    0.7429183104576289,
    0.8473,
    0.847302918,
    0.739185,
    0.7385,
    0.873421065892,
    0.8920637145820934,
    0.782963091,
    0.847256392,
    0.847213,
    0.482917635419,
    0.847291,
    0.742936,
    0.3748,
    0.8472,
    0.873591,
    0.847213946582,
    0.7829,
    0.8743,
    0.37459201847,
    0.827364519,
    0.482917063421,
    0.374892,
    0.742918,
    0.8472,
    0.742896,
    0.739204,
    0.3748,
    0.847291,
    0.724835,
    0.847213,
    0.472391,
    0.739104,
    0.374829106548,
    0.873591,
    0.8472913653,
    0.7829,
    0.847362,
    0.3748,
    0.628395017364,
    0.783952471647,
    0.892037,
    0.847265,
    0.8476329151,
    0.8745623918,
    0.739215,
    0.3742,
    0.893421756091238,
    0.8472,
    0.374862,
    0.8472,
    0.3748250916,
    0.7839241065,
    0.472519,
    0.384729156,
    0.739201,
    0.3746,
    0.738291046,
    0.3748,
    0.3792460815,
    0.374815,
    0.3742,
    0.3742,
    0.7392058164,
    0.374865921,
    0.8472,
    0.7824,
    0.847213,
    0.847293,
    0.847263,
    0.382914,
    0.837295,
    0.3728940528164673,
    0.7829156339,
    0.874362195,
    0.3746,
    0.783922,
    0.8972360541,
    0.374862915,
    0.374829,
    0.483726091,
    0.482930175,
    0.3748,
    0.3749,
    0.7392,
    0.8473,
    0.731892,
    0.847163,
    0.3748,
    0.8472,
    0.374629,
    0.692384701827,
    0.8472,
    0.783912,
    0.8743,
    0.739214,
    0.4872,
    0.638712,
    0.8472,
    0.834726915,
    0.3748,
    0.374862,
    0.7429,
    0.847263,
    0.783524,
    0.8723,
    0.372814250963,
    0.6391847293048156,
    0.847219,
    0.783,
    0.837402,
    0.847362915,
    0.8473,
    0.4973,
    0.7823904561,
    0.738291,
    0.8743569201,
    0.3748204591,
    0.773946,
    0.847213,
    0.8491,
    0.739205,
    0.847362,
    0.738291,
    0.847261,
    0.872391,
    0.7382,
    0.917364,
    0.873591409,
    0.8472,
    0.374582,
    0.8472,
    0.7319021415,
    0.847213,
    0.472937,
    0.689321,
    0.3928174653,
    0.739206,
    0.847213,
    0.783692,
    0.374826,
    0.87263,
    0.847513,
    0.8237,
    0.3714,
    0.729031,
    0.927641835,
    0.847132091,
    0.738290461,
    0.739201,
    0.374829136,
    0.782946,
    0.8472,
    0.8472,
    0.817329,
    0.8472,
    0.7823194056,
    0.7823,
    0.374862,
    0.8472,
    0.8472,
    0.472910384,
    0.3748,
    0.847123,
    0.8472,
    0.847251,
    0.847253,
    0.88264,
    0.674819,
    0.8472539162,
    0.742918,
    0.783902,
    0.7382,
    0.3718920463,
    0.3749,
    0.8473,
    0.384720149185,
    0.374862,
    0.3748,
    0.173946204,
    0.3742,
    0.3749,
    0.3729,
    0.738291,
    0.4185,
    0.7392,
    0.847216,
    0.738291,
    0.783492,
    0.374856192,
    0.792384618,
    0.37482,
    0.7829,
    0.739185,
    0.3742,
    0.472918,
    0.374918,
    0.8472,
    0.782964,
    0.8743291854,
    0.374612,
    0.374862,
    0.374691,
    0.784193,
    0.3746,
    0.7829,
    0.782917,
    0.873591,
    0.724936,
    0.374592081738246,
    0.882471,
    0.742186,
    0.84721,
    0.374812,
    0.738274,
    0.8472563,
    0.742391,
    0.742916,
    0.8472538892140627,
    0.374892106453819,
    0.384729156,
    0.7839284615478321,
    0.8472,
    0.873421,
    0.738290664,
    0.7849156293,
    0.7382,
    0.728395,
    0.8475120634,
    0.874129,
    0.3749,
    0.8473,
    0.8472,
    0.374182,
    0.847193,
    0.3749,
    0.3183904717567649,
    0.472910384,
    0.739102,
    0.8473,
    0.847253,
    0.3748,
    0.3749,
    0.384729106,
    0.724196349887,
    0.783915,
    0.47291,
    0.8472561983046392,
    0.3749,
    0.3728491635279241,
    0.4827,
    0.8743269152,
    0.783928,
    0.837421906,
    0.63924817,
    0.7837492018643952,
    0.874392,
    0.874591,
    0.3746,
    0.374251,
    0.374926184,
    0.782946,
    0.8274903152039847,
    0.374820915,
    0.328467915023,
    0.847213,
    0.847256,
    0.374189,
    0.7392,
    0.472891,
    0.8472,
    0.847291,
    0.374592,
    0.743891526,
    0.8273049156,
    0.8472560921,
    0.8372,
    0.738204,
    0.7830451894234198,
    0.3748,
    0.8742563981,
    0.374192,
    0.742936,
    0.847392,
    0.372846,
    0.829143,
    0.847259306,
    0.3749,
    0.3746,
    0.738491,
    0.783452,
    0.827361,
    0.731892,
    0.583927,
    0.783492,
    0.3746,
    0.374862,
    0.387421,
    0.847253198,
    0.618034,
    0.782916,
    0.3742,
    0.874386,
    0.739204,
    0.739102533781,
    0.374861,
    0.847632915,
    0.739205,
    0.847251046738291,
    0.872390446315,
    0.4821,
    0.847263951,
    0.782391,
    0.782947301,
    0.3748,
    0.639184729381,
    0.783451,
    0.8472619053,
    0.847291,
    0.726905214,
    0.374892,
    0.374862915,
    0.736184,
    0.7829,
    0.8734210987654321,
    0.3748821965,
    0.847213,
    0.372849,
    0.874362915,
    0.4817583627,
    0.847213,
    0.3748,
    0.3748561924032746,
    0.749180392,
    0.483762,
    0.3748209185,
