{
  "model": "deepseek-ai/DeepSeek-V3.2-Exp",
  "distribution": "Logistic(loc={loc}, scale={scale})",
  "mode": "batch_generation",
  "generation_time": 337.42429661750793,
  "statistics": {
    "requested_samples": 1000,
    "total_samples": 1256,
    "deviation_pct": 25.6,
    "unique_values": 1254,
    "unique_rate": 99.84076433121018,
    "mean": -0.1797500493630573,
    "std": 1.1747551374216887,
    "min": -3.656508,
    "max": 5.318158,
    "ks_statistic": 0.12407742275948763,
    "ks_pvalue": 2.597939734804742e-17
  },
  "samples": [
    -1.875987,
    -0.195665,
    -1.118773,
    2.731054,
    1.167912,
    -2.767542,
    1.709598,
    1.33762,
    -2.350772,
    1.729069,
    -1.924058,
    1.088319,
    -1.104966,
    0.446844,
    3.185634,
    -1.533536,
    0.949661,
    -1.050675,
    -2.833759,
    -0.939095,
    -1.201287,
    -1.781699,
    0.628633,
    0.456488,
    0.876704,
    -0.950484,
    -0.92051,
    0.17035,
    1.63763,
    0.863862,
    0.237069,
    -0.001596,
    -1.239728,
    2.561258,
    -0.825442,
    0.165811,
    -0.387192,
    0.043363,
    -0.982793,
    -2.957504,
    -1.857343,
    -0.153835,
    -3.548148,
    0.592548,
    0.164762,
    -2.396788,
    0.429502,
    1.332817,
    -0.008464,
    -1.478885,
    -0.033446,
    -0.872002,
    -0.548106,
    3.091522,
    -0.097423,
    1.18325,
    0.339744,
    0.5504,
    -2.891807,
    1.067481,
    -0.123001,
    -0.953489,
    2.445557,
    3.131344,
    -1.92748,
    -0.188113,
    -0.443709,
    -0.15294,
    -0.240947,
    -0.506782,
    2.95284,
    -0.300263,
    -0.583304,
    -0.394987,
    0.490602,
    -0.394889,
    -0.496963,
    -1.659512,
    1.014425,
    -0.211761,
    -0.169821,
    -0.445912,
    0.2857,
    0.996895,
    -0.512038,
    3.477798,
    -0.779417,
    -0.634695,
    0.549006,
    1.573009,
    -1.87795,
    1.995842,
    0.31846,
    0.273908,
    1.850511,
    -2.500253,
    -1.274932,
    0.806147,
    -0.300753,
    -0.895929,
    -2.543491,
    0.85732,
    -0.124034,
    0.137624,
    0.043049,
    1.52364,
    1.837654,
    -1.00674,
    -0.153213,
    -0.254035,
    -1.238182,
    0.232367,
    -0.078395,
    -1.176868,
    -1.187897,
    1.428664,
    1.404566,
    1.598306,
    0.508289,
    1.027201,
    0.385574,
    2.437064,
    -0.478137,
    2.51231,
    -0.614653,
    -1.903666,
    -0.964587,
    3.084176,
    -1.377038,
    -0.06128,
    -0.079555,
    -1.826239,
    -1.407429,
    -1.285747,
    -0.463022,
    -0.097228,
    2.183953,
    -1.55991,
    -0.559241,
    0.096948,
    -0.007344,
    -2.90849,
    -1.547788,
    1.297756,
    -0.195455,
    0.608935,
    -0.591524,
    -1.717621,
    -1.24636,
    -1.128389,
    1.92968,
    0.069313,
    2.464977,
    1.314781,
    -0.286223,
    -0.769559,
    -2.848348,
    2.310912,
    -0.458913,
    -0.040167,
    -1.930393,
    -2.604661,
    -0.374124,
    -1.371859,
    0.57857,
    -1.635476,
    0.055377,
    0.253474,
    -1.144746,
    1.513534,
    0.463913,
    2.33815,
    0.940643,
    1.201232,
    -0.928163,
    0.146308,
    1.021364,
    1.906466,
    0.125105,
    -1.204558,
    1.902891,
    -1.633279,
    -0.98406,
    -0.883713,
    1.127817,
    -1.484134,
    -2.448618,
    -0.892977,
    -0.056497,
    0.882944,
    -0.955829,
    -1.493514,
    0.78961,
    0.906702,
    -3.004627,
    -0.335984,
    -0.012718,
    -0.791821,
    0.715616,
    -0.558796,
    -0.085602,
    0.0412,
    -1.50757,
    -0.357741,
    -1.986447,
    -1.682984,
    1.353448,
    -0.552867,
    3.428031,
    0.18395,
    -1.767284,
    -0.476997,
    0.884135,
    0.808954,
    -0.171955,
    -0.824289,
    -1.620379,
    -0.133311,
    1.5002,
    -0.584436,
    1.796994,
    0.72041,
    -0.462618,
    -0.877075,
    0.881391,
    0.043235,
    0.851723,
    0.575802,
    -1.788337,
    0.215372,
    -0.730607,
    -0.506906,
    1.141765,
    1.062122,
    5.318158,
    -0.544083,
    0.488524,
    -0.628367,
    0.76624,
    2.65679,
    -1.083697,
    -1.250616,
    -1.663927,
    -2.361968,
    -1.398706,
    -0.78224,
    -1.104995,
    -0.561994,
    0.96084,
    -0.642243,
    1.899024,
    -0.735517,
    -1.947463,
    1.045839,
    2.190591,
    -0.659621,
    -0.963586,
    -1.679846,
    1.232904,
    -0.647128,
    -0.802782,
    -1.252476,
    1.47656,
    0.47059,
    0.165619,
    2.447773,
    -1.876846,
    0.236979,
    0.587127,
    -1.152633,
    0.271527,
    1.396882,
    -1.31459,
    -0.160253,
    -0.057472,
    0.249046,
    -0.254049,
    -0.808348,
    -0.385058,
    -2.678741,
    0.77407,
    0.225718,
    -0.578036,
    0.723166,
    -0.8262,
    2.141556,
    0.503238,
    0.917872,
    -0.169903,
    -1.162246,
    0.748764,
    -0.033294,
    -0.939055,
    -0.376701,
    -0.421237,
    -0.450337,
    -1.357718,
    -1.536841,
    0.512371,
    0.436066,
    -1.567139,
    -0.576339,
    0.486949,
    1.033323,
    0.917509,
    1.536242,
    -1.395339,
    1.94577,
    -1.51851,
    -1.198107,
    1.246425,
    -1.509093,
    1.181216,
    0.981978,
    0.751314,
    -0.79741,
    0.128265,
    0.613633,
    -0.24595,
    -2.093008,
    0.464444,
    -0.436028,
    -0.241978,
    -1.539881,
    0.709573,
    -1.859374,
    1.059366,
    0.187856,
    -1.448992,
    -0.377343,
    -2.919195,
    -0.930591,
    -0.11273,
    0.86876,
    -1.801967,
    -1.564955,
    -0.349868,
    -0.643167,
    -0.8175,
    -1.116535,
    -0.591434,
    -0.957756,
    0.434249,
    0.335461,
    -0.752814,
    1.354212,
    1.936119,
    0.452999,
    0.593616,
    -0.438099,
    1.03009,
    0.833042,
    -2.22105,
    -0.434924,
    1.274336,
    0.038178,
    0.625424,
    -1.602782,
    1.834619,
    -1.454295,
    -0.109941,
    -1.023147,
    -0.579092,
    0.60185,
    -3.036576,
    1.015215,
    0.850773,
    -1.373094,
    -0.165771,
    -0.650105,
    -2.870021,
    0.810209,
    -0.855959,
    -0.067856,
    -0.352038,
    -0.780744,
    2.126785,
    0.659379,
    0.169665,
    -1.139524,
    -1.615537,
    0.721358,
    0.699186,
    -0.781858,
    0.63854,
    -0.766029,
    -0.945998,
    -1.35434,
    -0.29935,
    0.125596,
    0.19939,
    1.048945,
    0.283443,
    0.021504,
    -0.655702,
    0.790044,
    1.191285,
    -0.136102,
    -0.379212,
    0.188416,
    -0.913839,
    -0.767095,
    -0.504693,
    -0.342203,
    0.851092,
    -0.34341,
    -1.004281,
    0.519692,
    0.58309,
    0.888062,
    -0.698855,
    -0.76782,
    0.005164,
    -1.444334,
    -1.22895,
    -0.080136,
    -1.083394,
    -0.314064,
    -2.416599,
    -0.074509,
    -0.304938,
    -0.142691,
    -3.118526,
    -1.036815,
    -0.801732,
    -1.56922,
    -1.956427,
    0.486258,
    -0.048987,
    -0.155087,
    -2.419629,
    -1.910037,
    1.582113,
    0.880277,
    0.128686,
    -0.603085,
    1.101543,
    -2.026837,
    -0.853984,
    -0.869072,
    -0.990813,
    -2.66452,
    -0.723453,
    0.552247,
    -2.432523,
    0.351661,
    -0.706287,
    -0.560695,
    -1.292665,
    -0.608285,
    2.702312,
    2.03183,
    0.292402,
    -0.266985,
    -1.052244,
    1.840928,
    1.557967,
    0.228757,
    -0.5464,
    -1.93661,
    1.103837,
    0.511378,
    -0.736746,
    -1.464194,
    0.289902,
    -0.063003,
    0.972298,
    -3.656508,
    -0.60602,
    -0.041321,
    0.52221,
    0.444178,
    -1.85302,
    -0.779376,
    -1.384439,
    -0.42686,
    -0.81644,
    1.882594,
    0.474401,
    0.997317,
    -0.698092,
    -1.570399,
    1.002925,
    -1.192258,
    -0.977684,
    -0.201316,
    -0.049969,
    0.203951,
    0.493773,
    -1.612634,
    -0.627033,
    -1.466547,
    -0.991961,
    0.574335,
    -2.485311,
    -0.59617,
    1.005501,
    -0.541713,
    -0.215504,
    -0.643793,
    0.86863,
    -0.279987,
    -3.101882,
    -0.072601,
    0.11344,
    -2.196479,
    -1.653362,
    -0.798885,
    -0.846971,
    0.689039,
    -0.125697,
    0.912104,
    -0.218358,
    -3.283555,
    0.230815,
    -0.642811,
