{
  "model": "google/gemma-3-27b-it",
  "distribution": "Logistic(loc={loc}, scale={scale})",
  "mode": "batch_generation",
  "generation_time": 289.09558296203613,
  "statistics": {
    "requested_samples": 1000,
    "total_samples": 394,
    "deviation_pct": -60.6,
    "unique_values": 124,
    "unique_rate": 31.472081218274113,
    "mean": -0.13104236851061032,
    "std": 1.2690347676403402,
    "min": -2.567890123456789,
    "max": 2.0000000000000004,
    "ks_statistic": 0.11920292202211746,
    "ks_pvalue": 2.459732435096546e-05
  },
  "samples": [
    -1.5490721623731916,
    0.8765432109876543,
    0.23456789012345677,
    1.2345678901234567,
    -0.9876543210987654,
    0.543210987654321,
    -1.9876543210987654,
    1.654321098765432,
    -0.32109876543210986,
    0.9987654321098766,
    -1.1234567890123457,
    1.4567890123456788,
    -0.7654321098765432,
    0.3333333333333333,
    -2.1234567890123457,
    1.8901234567890124,
    -0.6789012345678901,
    0.6666666666666666,
    0.0012345678901234567,
    -1.7777777777777777,
    1.5555555555555556,
    -0.5555555555555556,
    0.4444444444444444,
    -1.3333333333333333,
    1.7777777777777777,
    -0.8888888888888888,
    -0.1111111111111111,
    0.2222222222222222,
    -1.6666666666666667,
    1.1111111111111112,
    -1.0012345678901233,
    1.2345678901234567,
    -0.432109876543211,
    0.567890123456789,
    -1.8901234567890124,
    1.3456789012345678,
    -0.7890123456789012,
    0.4567890123456789,
    -1.567890123456789,
    1.9012345678901235,
    -0.6789012345678901,
    0.3456789012345679,
    -2.0123456789012346,
    1.789012345678901,
    -0.8901234567890123,
    0.12345678901234566,
    -1.4567890123456788,
    1.6789012345678902,
    -0.567890123456789,
    -0.23456789012345677,
    0.7654321098765432,
    0.9876543210987654,
    0.6543210987654321,
    -1.2345678901234567,
    1.0123456789012344,
    -0.432109876543211,
    0.32109876543210986,
    0.12345678901234566,
    0.567890123456789,
    -1.9876543210987654,
    -0.1357912345678901,
    -0.7890123456789012,
    1.4680123456789012,
    -2.345678901234568,
    0.8765432109876543,
    -0.9765432109876543,
    0.543210987654321,
    -1.432109876543211,
    1.1111111111111112,
    -0.6666666666666666,
    0.3333333333333333,
    -2.456789012345679,
    1.9876543210987654,
    -0.7654321098765432,
    0.6789012345678901,
    -1.7654321098765433,
    1.3579123456789013,
    -0.8765432109876543,
    -0.9999999999999999,
    -0.4444444444444444,
    0.2222222222222222,
    -1.8888888888888888,
    1.6666666666666667,
    -0.5555555555555556,
    0.4444444444444444,
    -1.1111111111111112,
    1.5555555555555556,
    -0.8888888888888888,
    -0.3333333333333333,
    0.6666666666666666,
    -1.6666666666666667,
    1.2222222222222223,
    -1.2345678901234567,
    1.3456789012345678,
    -0.567890123456789,
    0.6789012345678901,
    -1.9654321098765433,
    1.4567890123456788,
    -0.7890123456789012,
    0.467890123456789,
    -1.654321098765432,
    -1e-16,
    0.12345678901234566,
    -1.567890123456789,
    1.789012345678901,
    -0.6789012345678901,
    0.4567890123456789,
    -2.1234567890123457,
    1.9012345678901235,
    -0.8901234567890123,
    0.23456789012345677,
    -1.6789012345678902,
    1.4567890123456788,
    -0.6543210987654321,
    0.3456789012345679,
    -2.234567890123457,
    1.8901234567890124,
    -0.7890123456789012,
    0.1111111111111111,
    -1.4444444444444444,
    1.6666666666666667,
    -0.6666666666666666,
    0.3333333333333333,
    -2.0000000000000004,
    1.888888888888889,
    -0.7777777777777778,
    0.2222222222222222,
    -1.5555555555555556,
    1.6555555555555554,
    -0.5555555555555556,
    0.4444444444444444,
    -1.3333333333333333,
    1.9999999999999998,
    -0.6666666666666666,
    0.3333333333333333,
    -2.567890123456789,
    1.7654321098765433,
    -0.8999999999999999,
    0.1111111111111111,
    -1.3333333333333333,
    1.5555555555555556,
    -0.6666666666666666,
    0.3444444444444443,
    -1.9999999999999998,
    1.8765432109876543,
    -1.2345678901234567,
    0.7654321098765432,
    -0.543210987654321,
    0.9876543210987654,
    0.23456789012345677,
    -1.9876543210987654,
    1.543210987654321,
    -0.6789012345678901,
    0.4567890123456789,
    -2.1012345678901236,
    1.9987654321098767,
    -0.8901234567890123,
    0.12345678901234566,
    -1.654321098765432,
    -0.1111111111111111,
    0.3333333333333333,
    -1.7777777777777777,
    1.1111111111111112,
    -1.432109876543211,
    1.2345678901234567,
    -0.7654321098765432,
    0.567890123456789,
    -2.1234567890123457,
    1.789012345678901,
    -0.9876543210987654,
    0.12345678901234566,
    -1.4567890123456788,
    1.6789012345678902,
    -0.4567890123456789,
    0.8901234567890123,
    -1.8901234567890124,
    1.3456789012345678,
    1e-16,
    0.4444444444444444,
    -1.8888888888888888,
    1.6666666666666667,
    -0.5555555555555556,
    0.2222222222222222,
    -1.2222222222222223,
    1.4444444444444444,
    -0.8888888888888888,
    0.1111111111111111,
    -1.6666666666666667,
    1.3333333333333333,
    -0.9999999999999999,
    -0.3333333333333333,
    0.5555555555555556,
    -1.5555555555555556,
    1.7777777777777777,
    -0.6666666666666666,
    0.2222222222222222,
    -2.0012345678901236,
    1.9012345678901235,
    -0.7890123456789012,
    0.12345678901234566,
    -1.567890123456789,
    1.654321098765432,
    -0.543210987654321,
    0.432109876543211,
    -1.8765432109876543,
    1.3210987654321098,
    -0.9876543210987654,
    0.1111111111111111,
    -1.4444444444444444,
    1.5555555555555556,
    -0.7777777777777778,
    0.3333333333333333,
    -2.0123456789012346,
    1.8901234567890124,
    -0.8901234567890123,
    0.23456789012345677,
    -1.6666666666666667,
    1.2222222222222223,
    -1.0000000000000002,
    1.1111111111111112,
    -0.3333333333333333,
    0.7777777777777778,
    -1.7777777777777777,
    1.6666666666666667,
    -0.6666666666666666,
    0.4444444444444444,
    -1.4444444444444444,
    1.5555555555555556,
    -0.8888888888888888,
    0.1111111111111111,
    -1.3333333333333333,
    1.4444444444444444,
    -0.6666666666666666,
    0.2222222222222222,
    -2.1234567890123457,
    1.9012345678901235,
    -0.9012345678901235,
    0.23456789012345677,
    -1.567890123456789,
    1.7654321098765433,
    -0.7654321098765432,
    0.32109876543210986,
    -1.9876543210987654,
    1.432109876543211,
    -0.8765432109876543,
    0.12345678901234566,
    -1.654321098765432,
    -0.4444444444444444,
    0.6666666666666666,
    -1.8888888888888888,
    1.1111111111111112,
    -1.3333333333333333,
    1.2222222222222223,
    -0.6666666666666666,
    0.3333333333333333,
    -2.212345678901235,
    1.7777777777777777,
    -0.8888888888888888,
    0.12345678901234566,
    -1.789012345678901,
    1.543210987654321,
    -0.543210987654321,
    0.6789012345678901,
    -2.1234567890123457,
    1.789012345678901,
    -0.9876543210987654,
    0.10123456789012344,
    -1.4567890123456788,
    1.8901234567890124,
    -0.3456789012345679,
    0.23456789012345677,
    -2.345678901234568,
    1.9876543210987654,
    -1.0987654321098765,
    0.23456789012345677,
    -1.432109876543211,
    1.6789012345678902,
    -0.432109876543211,
    0.567890123456789,
    -2.0123456789012346,
    1.9999999999999998,
    -1.1111111111111112,
    1e-16,
    -1.2345678901234567,
    1.4567890123456788,
    -0.6543210987654321,
    0.32109876543210986,
    -2.456789012345679,
    1.9987654321098767,
    -0.7777777777777778,
    0.2222222222222222,
    -1.7777777777777777,
    1.3333333333333333,
    -0.8888888888888888,
    0.1111111111111111,
    -1.5555555555555556,
    1.7777777777777777,
    -0.6666666666666666,
    0.3333333333333333,
    -1.9012345678901235,
    1.5555555555555556,
    -0.9999999999999999,
    0.12345678901234566,
    -1.6666666666666667,
    1.4444444444444444,
    -0.5555555555555556,
