{
  "model": "gpt-4o",
  "distribution": "Logistic(loc={loc}, scale={scale})",
  "mode": "batch_generation",
  "generation_time": 44.94517397880554,
  "statistics": {
    "requested_samples": 1000,
    "total_samples": 1069,
    "deviation_pct": 6.9,
    "unique_values": 909,
    "unique_rate": 85.03274087932647,
    "mean": 0.035419083255378854,
    "std": 0.9300964511675333,
    "min": -2.501,
    "max": 2.498,
    "ks_statistic": 0.13935892588481102,
    "ks_pvalue": 1.421842506390542e-18
  },
  "samples": [
    1.238,
    0.02,
    -1.6,
    -0.378,
    1.083,
    -0.817,
    1.367,
    0.594,
    -0.317,
    -2.5,
    -0.553,
    -1.484,
    2.214,
    0.672,
    0.156,
    -0.629,
    -1.368,
    1.51,
    0.768,
    1.174,
    -0.165,
    1.255,
    1.006,
    -2.102,
    -0.057,
    -0.478,
    1.152,
    1.802,
    -1.021,
    -0.736,
    0.374,
    -0.802,
    -1.563,
    0.157,
    0.109,
    0.908,
    -1.303,
    -0.486,
    0.33,
    1.481,
    -1.706,
    -2.024,
    0.839,
    -1.079,
    -0.058,
    0.562,
    1.524,
    2.094,
    -1.075,
    -0.907,
    0.013,
    0.168,
    -1.191,
    0.61,
    1.039,
    -0.639,
    0.757,
    -0.345,
    -0.212,
    0.726,
    -1.741,
    0.038,
    -1.112,
    -1.307,
    -1.957,
    -0.089,
    -0.035,
    0.024,
    0.019,
    1.402,
    -0.816,
    0.714,
    0.233,
    -0.998,
    -2.043,
    1.641,
    0.524,
    -0.21,
    -0.734,
    2.089,
    -0.742,
    0.489,
    0.944,
    1.196,
    1.264,
    0.308,
    0.298,
    0.158,
    -1.341,
    -0.27,
    -2.083,
    -1.875,
    0.617,
    -1.03,
    0.663,
    -0.325,
    -1.228,
    0.788,
    1.531,
    0.343,
    -0.126,
    -0.945,
    0.091,
    0.204,
    1.671,
    1.328,
    -1.544,
    1.269,
    -1.505,
    -0.761,
    -0.596,
    0.872,
    1.059,
    0.271,
    0.24,
    0.44,
    0.098,
    -0.851,
    0.704,
    -0.697,
    -1.338,
    -0.184,
    -0.566,
    -0.431,
    1.218,
    -0.251,
    0.452,
    0.514,
    -0.004,
    -0.012,
    1.024,
    1.429,
    -0.766,
    -0.176,
    0.726,
    0.81,
    -1.144,
    0.071,
    0.828,
    -0.899,
    0.627,
    0.069,
    -0.247,
    -0.573,
    1.872,
    0.331,
    0.562,
    0.006,
    1.533,
    0.295,
    -2.214,
    -0.431,
    -1.324,
    1.703,
    -1.229,
    -1.364,
    0.057,
    0.955,
    0.132,
    -0.714,
    -0.72,
    -0.924,
    -0.238,
    1.449,
    -0.289,
    -0.34,
    1.155,
    0.179,
    -0.932,
    2.159,
    0.672,
    0.933,
    -0.188,
    -0.511,
    0.317,
    -0.607,
    -0.327,
    1.984,
    1.254,
    0.194,
    -1.312,
    0.19,
    -0.427,
    -0.961,
    -0.958,
    0.023,
    0.34,
    0.62,
    -0.791,
    -1.519,
    1.19,
    -0.101,
    2.323,
    -0.839,
    0.041,
    -0.295,
    -1.451,
    1.991,
    2.183,
    -0.496,
    -0.452,
    0.169,
    1.876,
    2.498,
    0.84,
    -1.102,
    2.381,
    -2.109,
    -0.151,
    -0.318,
    -0.987,
    -1.576,
    -1.262,
    0.565,
    -2.14,
    -1.546,
    -0.219,
    1.664,
    0.594,
    0.671,
    -1.117,
    0.391,
    0.87,
    1.087,
    0.314,
    0.11,
    0.922,
    0.644,
    -0.302,
    0.056,
    2.16,
    0.516,
    0.565,
    -0.759,
    -1.118,
    0.303,
    0.935,
    0.947,
    1.234,
    -0.154,
    -0.606,
    1.732,
    -0.818,
    -1.378,
    2.024,
    -0.221,
    -1.505,
    0.467,
    0.067,
    -1.091,
    -0.476,
    -1.022,
    -0.226,
    -0.66,
    -0.065,
    -0.951,
    0.946,
    0.668,
    -1.695,
    1.198,
    -0.996,
    0.396,
    0.095,
    -0.608,
    1.557,
    0.452,
    0.582,
    -0.107,
    -0.693,
    0.03,
    -1.045,
    1.633,
    -0.522,
    -0.997,
    0.693,
    1.456,
    0.61,
    -0.184,
    0.106,
    0.673,
    -0.051,
    -0.538,
    -0.403,
    -0.183,
    1.945,
    0.814,
    -0.037,
    -0.167,
    -0.442,
    0.51,
    2.112,
    -0.702,
    0.216,
    0.17,
    0.498,
    0.142,
    1.62,
    1.019,
    -0.348,
    1.51,
    -0.417,
    0.407,
    -0.944,
    -0.463,
    -0.319,
    -0.45,
    -1.449,
    -0.225,
    2.239,
    -0.059,
    0.471,
    -1.558,
    -1.291,
    2.002,
    0.289,
    -0.566,
    0.838,
    -1.19,
    -2.298,
    1.029,
    0.228,
    -0.168,
    -0.32,
    -0.28,
    0.134,
    -0.216,
    -0.464,
    0.65,
    -0.385,
    -1.085,
    0.6,
    1.705,
    -0.184,
    -0.607,
    -0.87,
    1.091,
    0.374,
    0.604,
    0.253,
    -0.878,
    -0.696,
    -0.81,
    0.448,
    -0.495,
    0.478,
    0.252,
    0.008,
    0.494,
    1.851,
    -0.811,
    0.786,
    0.374,
    -1.029,
    1.625,
    -0.381,
    0.208,
    -0.243,
    1.005,
    -0.172,
    -0.157,
    -0.792,
    -1.212,
    -1.318,
    1.299,
    -0.347,
    0.006,
    0.556,
    0.695,
    -2.214,
    0.843,
    -1.798,
    1.006,
    -1.034,
    -0.141,
    0.999,
    -1.172,
    1.393,
    0.214,
    0.168,
    0.479,
    1.004,
    -0.332,
    0.524,
    -1.958,
    -0.074,
    -0.645,
    0.49,
    -0.975,
    0.283,
    -0.422,
    -1.262,
    1.97,
    -0.268,
    0.45,
    1.571,
    -0.927,
    0.308,
    -0.101,
    -0.197,
    -0.349,
    0.661,
    0.442,
    -0.853,
    0.609,
    -1.073,
    0.524,
    -0.85,
    -0.657,
    0.942,
    -0.222,
    -1.179,
    0.754,
    -0.327,
    -0.366,
    -0.696,
    -0.449,
    -0.869,
    0.596,
    0.568,
    1.08,
    0.92,
    -0.663,
    0.384,
    -1.687,
    -1.414,
    -1.27,
    -0.361,
    0.384,
    -0.249,
    0.528,
    -2.062,
    -0.843,
    -1.002,
    -0.996,
    -1.201,
    -0.561,
    -1.717,
    0.241,
    1.295,
    -0.085,
    1.196,
    -1.583,
    -0.449,
    -1.363,
    -0.212,
    -0.112,
    -1.367,
    -0.417,
    0.902,
    1.074,
    0.714,
    0.377,
    1.365,
    -1.488,
    0.296,
    -0.668,
    0.63,
    0.238,
    -0.919,
    -0.03,
    -0.468,
    0.286,
    0.402,
    -0.181,
    -0.991,
    0.486,
    0.268,
    0.774,
    0.67,
    0.376,
    -0.222,
    0.194,
    1.015,
    0.549,
    0.556,
    0.63,
    1.292,
    0.425,
    -0.963,
    -0.375,
    1.501,
    0.621,
    0.092,
    -1.051,
    1.802,
    -1.328,
    0.365,
    0.476,
    0.955,
    -0.491,
    0.137,
    0.776,
    0.101,
    0.025,
    -0.547,
    1.569,
    -0.245,
    -0.067,
    0.403,
    -1.325,
    0.039,
    -0.134,
    0.691,
    0.821,
    -0.373,
    1.503,
    0.983,
    -0.65,
    0.363,
    1.07,
    0.019,
    -0.197,
    -1.943,
    0.645,
    1.956,
    -0.492,
    1.978,
    0.558,
    1.193,
    -1.119,
    0.128,
    -0.105,
    -0.714,
    -0.934,
    -0.921,
    0.212,
    0.447,
    0.2,
    -0.623,
    -0.975,
    -0.849,
    -1.467,
    -0.288,
    0.438,
    -0.514,
    -1.735,
    1.377,
    -0.257,
    -0.682,
    0.799,
    0.973,
    0.633,
    0.125,
    0.232,
    0.936,
    0.641,
    -2.264,
    0.939,
    1.09,
    0.508,
    0.692,
    0.584,
    0.698,
    0.782,
    0.556,
    0.754,
    -2.086,
    -2.05,
    -1.104,
    -0.326,
    2.216,
    -1.748,
    -0.799,
    -0.25,
    -1.082,
    1.172,
    -0.408,
    0.263,
    0.153,
    0.398,
    0.683,
    -1.168,
    0.586,
    0.116,
    0.063,
    0.368,
    0.356,
    0.812,
    -0.554,
    -1.236,
    0.892,
    0.642,
    -0.028,
    -0.364,
    -1.371,
    -0.54,
    0.196,
    -0.614,
    -0.004,
    0.13,
    -1.366,
    0.41,
    1.113,
    0.48,
    0.935,
    0.401,
    0.778,
    0.493,
    0.054,
    -0.662,
    -0.536,
    -0.245,
    1.682,
    2.002,
    0.956,
    -0.485,
    -0.134,
    -1.23,
    1.236,
    -0.325,
    -0.31,
    -0.701,
    -0.685,
    0.723,
    0.693,
    -0.074,
    1.605,
    1.374,
    -0.282,
    1.32,
    0.558,
    -0.073,
    1.147,
    0.481,
    -0.438,
    0.707,
    -1.429,
    0.912,
    0.677,
    -0.03,
    -0.435,
    0.708,
    0.237,
    1.019,
    0.005,
    1.432,
    -0.604,
    0.242,
    -1.605,
    -0.256,
    0.947,
    -0.168,
    0.844,
    -0.422,
    -2.185,
    -0.67,
    -0.205,
    0.279,
    0.316,
    -0.536,
    0.2,
    0.322,
    -0.765,
    -0.612,
    -1.44,
    0.379,
    0.111,
    0.835,
