{
  "model": "meta-llama/Llama-4-Scout-17B-16E-Instruct",
  "distribution": "Logistic(loc={loc}, scale={scale})",
  "mode": "batch_generation",
  "generation_time": 43.02852964401245,
  "statistics": {
    "requested_samples": 1000,
    "total_samples": 390,
    "deviation_pct": -61.0,
    "unique_values": 390,
    "unique_rate": 100.0,
    "mean": 0.1976962641025641,
    "std": 0.7444674397668664,
    "min": -1.53959,
    "max": 1.52439,
    "ks_statistic": 0.23380400057104248,
    "ks_pvalue": 3.1174609365814097e-19
  },
  "samples": [
    0.430612,
    0.763036,
    -1.14471,
    0.082013,
    -0.209865,
    1.28638,
    -0.479143,
    -1.53959,
    0.687439,
    -0.901117,
    0.313932,
    0.268751,
    1.09877,
    -0.430442,
    0.866226,
    0.456574,
    1.13177,
    -1.28135,
    0.623445,
    -0.757423,
    -0.514866,
    1.52439,
    -0.303987,
    0.933141,
    0.113308,
    -0.665141,
    -0.875026,
    1.44035,
    0.529642,
    -1.07481,
    -0.62958,
    0.868434,
    0.394509,
    -0.546347,
    0.813799,
    -1.24897,
    -0.445658,
    0.254889,
    0.657677,
    0.235213,
    1.20535,
    0.953674,
    0.468519,
    -0.783034,
    -0.307225,
    1.09023,
    0.623142,
    0.853467,
    -0.676175,
    -0.970526,
    -0.388161,
    1.42798,
    0.144932,
    0.721288,
    -1.11787,
    0.400383,
    -0.931639,
    -0.256458,
    0.948655,
    0.832214,
    0.515517,
    1.36623,
    -1.04627,
    -0.420616,
    0.744351,
    1.19218,
    -0.597165,
    0.704465,
    -0.988421,
    0.196338,
    0.579551,
    0.986318,
    -0.73483,
    -1.17366,
    1.00292,
    0.791534,
    -0.265656,
    -0.53285,
    0.915954,
    0.346238,
    0.964103,
    0.453646,
    0.111962,
    -0.63239,
    0.551179,
    0.840517,
    0.452752,
    1.19294,
    0.725816,
    -0.927307,
    1.03697,
    -0.80384,
    0.336833,
    -0.517432,
    0.82114,
    0.419975,
    1.33835,
    -0.357532,
    1.15222,
    -0.495628,
    0.226142,
    -1.29915,
    0.781194,
    0.551489,
    1.27014,
    0.413505,
    0.54363,
    0.99465,
    -0.589514,
    1.09452,
    0.637528,
    -0.934823,
    0.918459,
    0.892161,
    -0.270542,
    0.402395,
    1.00131,
    -0.98926,
    -0.625141,
    1.07058,
    0.159021,
    1.28055,
    0.41632,
    0.493791,
    -0.630057,
    -0.753034,
    -0.511153,
    0.858518,
    -0.470524,
    0.37281,
    0.717128,
    0.87442,
    0.767442,
    -0.654338,
    -0.940273,
    0.606887,
    -1.06618,
    -0.811529,
    0.621385,
    -0.408679,
    0.28778,
    0.605672,
    0.652434,
    0.346665,
    1.11245,
    1.02342,
    0.673076,
    0.327128,
    -0.751592,
    -0.443069,
    0.735314,
    0.958116,
    -0.567964,
    -0.619685,
    0.935671,
    0.53694,
    0.824113,
    -0.426759,
    0.901799,
    0.253245,
    0.856438,
    0.78243,
    0.609938,
    1.06543,
    -0.79446,
    0.427458,
    -0.93432,
    0.231847,
    1.20064,
    -0.45408,
    -0.973799,
    0.750357,
    0.92471,
    0.615362,
    0.86331,
    -0.522141,
    0.797854,
    0.379638,
    1.27892,
    -1.18482,
    -0.449988,
    1.04646,
    -0.625941,
    -0.679728,
    1.15194,
    0.806033,
    -0.41832,
    0.306533,
    0.904399,
    -0.940637,
    1.21177,
    -0.364054,
    0.694165,
    0.564854,
    1.27475,
    -0.47018,
    -1.02497,
    -0.58647,
    -0.60528,
    0.511356,
    -0.660685,
    0.834423,
    -0.380149,
    0.816762,
    0.590555,
    0.609459,
    -0.859338,
    -0.57999,
    0.739448,
    0.32832,
    -0.854856,
    0.490846,
    -0.76857,
    0.954983,
    0.437892,
    0.639124,
    -1.00134,
    0.768066,
    -0.55393,
    -0.42394,
    -0.590836,
    0.441835,
    1.04365,
    0.746077,
    0.325571,
    0.97453,
    0.716398,
    0.687892,
    -0.510263,
    0.58494,
    0.405118,
    1.15378,
    -0.82355,
    0.750088,
    -1.00376,
    -0.47233,
    0.54396,
    0.936782,
    -0.691359,
    0.689898,
    -0.837647,
    1.03632,
    -0.454315,
    -0.780197,
    0.651764,
    0.485591,
    -0.434157,
    0.549482,
    -0.702039,
    0.730355,
    -0.317025,
    -0.99836,
    0.596475,
    1.01358,
    1.11668,
    0.677795,
    -0.81797,
    0.513458,
    -0.95181,
    1.15739,
    -0.332154,
    1.10541,
    0.793952,
    -0.606941,
    0.688362,
    -0.92714,
    -0.86927,
    -0.624147,
    0.43157,
    -0.742743,
    -0.790745,
    0.908149,
    -0.750645,
    0.398188,
    -1.07572,
    -0.334605,
    -0.902827,
    1.09614,
    1.10477,
    -0.53949,
    0.533107,
    0.785325,
    0.905535,
    0.562713,
    0.590836,
    0.60636,
    0.352581,
    -0.75125,
    0.680706,
    0.423694,
    -1.07339,
    -0.559533,
    0.869295,
    0.77458,
    0.594361,
    -0.697904,
    -0.429431,
    0.604483,
    0.431814,
    -0.604776,
    -0.75619,
    0.895839,
    1.08895,
    0.854333,
    0.827557,
    0.294078,
    0.482829,
    0.676732,
    -0.591685,
    0.800335,
    1.09457,
    0.33898,
    -0.741184,
    -0.406355,
    0.942444,
    0.959286,
    0.537815,
    -0.653841,
    1.00421,
    0.556157,
    0.822745,
    -0.383681,
    0.838416,
    0.583279,
    1.02797,
    -0.58756,
    -0.419382,
    -0.717595,
    -0.723595,
    0.688573,
    0.376383,
    0.965344,
    0.552567,
    0.636792,
    -0.751529,
    -0.590508,
    1.08147,
    -0.402257,
    -0.701181,
    0.715032,
    0.414473,
    0.853034,
    1.14746,
    0.409854,
    0.865597,
    0.890549,
    1.02567,
    0.406943,
    -0.723377,
    0.863019,
    0.583534,
    0.605021,
    -0.925321,
    1.04277,
    -0.56159,
    0.633931,
    0.492295,
    0.939349,
    0.364664,
    -0.536246,
    -0.960784,
    0.615765,
    -0.486539,
    0.953301,
    1.03659,
    -0.787993,
    -0.477633,
    0.476521,
    0.609593,
    1.20031,
    -0.435307,
    -0.95477,
    1.00087,
    0.54894,
    0.54589,
    0.627993,
    -1.02969,
    1.07998,
    0.598271,
    1.14283,
    0.794059,
    0.766685,
    -0.500433,
    -0.894158,
    0.741865,
    -0.57312,
    0.545479,
    -0.512452,
    0.420466,
    -0.714208
  ],
  "timestamp": "2025-11-23 11:38:30"
}