{
  "model": "mistralai/Mistral-Small-3.2-24B-Instruct-2506",
  "distribution": "Logistic(loc={loc}, scale={scale})",
  "mode": "batch_generation",
  "generation_time": 73.14450073242188,
  "statistics": {
    "requested_samples": 1000,
    "total_samples": 383,
    "deviation_pct": -61.6,
    "unique_values": 30,
    "unique_rate": 7.8125,
    "mean": -0.05268407310704964,
    "std": 1.1428957505104507,
    "min": -2.345,
    "max": 2.123,
    "ks_statistic": 0.13358198609820948,
    "ks_pvalue": 1.950269984787675e-06
  },
  "samples": [
    0.0,
    1.0,
    0.237,
    -1.145,
    0.789,
    -0.567,
    1.234,
    -2.345,
    0.987,
    -0.456,
    1.567,
    -0.89,
    0.345,
    -1.678,
    2.123,
    -0.234,
    0.567,
    -1.901,
    0.456,
    -1.234,
    0.789,
    -0.567,
    1.123,
    -0.89,
    1.345,
    -0.789,
    0.123,
    -1.345,
    0.678,
    -1.456,
    1.012,
    -0.345,
    0.789,
    -0.567,
    1.234,
    -2.345,
    0.987,
    -0.456,
    1.567,
    -0.89,
    0.345,
    -1.678,
    2.123,
    -0.234,
    0.567,
    -1.901,
    0.456,
    -1.234,
    0.789,
    -0.567,
    1.123,
    -0.89,
    1.345,
    -0.789,
    0.123,
    -1.345,
    0.678,
    -1.456,
    1.012,
    -0.345,
    0.789,
    -0.567,
    1.234,
    -2.345,
    0.987,
    -0.456,
    1.567,
    -0.89,
    0.345,
    -1.678,
    2.123,
    -0.234,
    0.567,
    -1.901,
    0.456,
    -1.234,
    0.789,
    -0.567,
    1.123,
    -0.89,
    1.345,
    -0.789,
    0.123,
    -1.345,
    0.678,
    -1.456,
    1.012,
    -0.345,
    0.789,
    -0.567,
    1.234,
    -2.345,
    0.987,
    -0.456,
    1.567,
    -0.89,
    0.345,
    -1.678,
    2.123,
    -0.234,
    0.567,
    -1.901,
    0.456,
    -1.234,
    0.789,
    -0.567,
    1.123,
    -0.89,
    1.345,
    -0.789,
    0.123,
    -1.345,
    0.678,
    -1.456,
    1.012,
    -0.345,
    0.789,
    -0.567,
    1.234,
    -2.345,
    0.987,
    -0.456,
    1.567,
    -0.89,
    0.345,
    -1.678,
    2.123,
    -0.234,
    0.567,
    -1.901,
    0.456,
    -1.234,
    0.789,
    -0.567,
    1.123,
    -0.89,
    1.345,
    -0.789,
    0.123,
    -1.345,
    0.678,
    -1.456,
    1.012,
    -0.345,
    0.789,
    -0.567,
    1.234,
    -2.345,
    0.987,
    -0.456,
    1.567,
    -0.89,
    0.345,
    -1.678,
    2.123,
    -0.234,
    0.567,
    -1.901,
    0.456,
    -1.234,
    0.789,
    -0.567,
    1.123,
    -0.89,
    1.345,
    -0.789,
    0.123,
    -1.345,
    0.678,
    -1.456,
    1.012,
    -0.345,
    0.789,
    -0.567,
    1.234,
    -2.345,
    0.987,
    -0.456,
    1.567,
    -0.89,
    0.345,
    -1.678,
    2.123,
    -0.234,
    0.567,
    -1.901,
    0.456,
    -1.234,
    0.789,
    -0.567,
    1.123,
    -0.89,
    1.345,
    -0.789,
    0.123,
    -1.345,
    0.678,
    -1.456,
    1.012,
    -0.345,
    0.789,
    -0.567,
    1.234,
    -2.345,
    0.987,
    -0.456,
    1.567,
    -0.89,
    0.345,
    -1.678,
    2.123,
    -0.234,
    0.567,
    -1.901,
    0.456,
    -1.234,
    0.789,
    -0.567,
    1.123,
    -0.89,
    1.345,
    -0.789,
    0.123,
    -1.345,
    0.678,
    -1.456,
    1.012,
    -0.345,
    0.789,
    -0.567,
    1.234,
    -2.345,
    0.987,
    -0.456,
    1.567,
    -0.89,
    0.345,
    -1.678,
    2.123,
    -0.234,
    0.567,
    -1.901,
    0.456,
    -1.234,
    0.789,
    -0.567,
    1.123,
    -0.89,
    1.345,
    -0.789,
    0.123,
    -1.345,
    0.678,
    -1.456,
    1.012,
    -0.345,
    0.789,
    -0.567,
    1.234,
    -2.345,
    0.987,
    -0.456,
    1.567,
    -0.89,
    0.345,
    -1.678,
    2.123,
    -0.234,
    0.567,
    -1.901,
    0.456,
    -1.234,
    0.789,
    -0.567,
    1.123,
    -0.89,
    1.345,
    -0.789,
    0.123,
    -1.345,
    0.678,
    -1.456,
    1.012,
    -0.345,
    0.789,
    -0.567,
    1.234,
    -2.345,
    0.987,
    -0.456,
    1.567,
    -0.89,
    0.345,
    -1.678,
    2.123,
    -0.234,
    0.567,
    -1.901,
    0.456,
    -1.234,
    0.789,
    -0.567,
    1.123,
    -0.89,
    1.345,
    -0.789,
    0.123,
    -1.345,
    0.678,
    -1.456,
    1.012,
    -0.345,
    0.789,
    -0.567,
    1.234,
    -2.345,
    0.987,
    -0.456,
    1.567,
    -0.89,
    0.345,
    -1.678,
    2.123,
    -0.234,
    0.567,
    -1.901,
    0.456,
    -1.234,
    0.789,
    -0.567,
    1.123,
    -0.89,
    1.345,
    -0.789,
    0.123,
    -1.345,
    0.678,
    -1.456,
    1.012,
    -0.345,
    0.789,
    -0.567,
    1.234,
    -2.345,
    0.987,
    -0.456,
    1.567,
    -0.89,
    0.345,
    -1.678,
    2.123,
    -0.234,
    0.567,
    -1.901,
    0.456,
    -1.234,
    0.789,
    -0.567,
    1.123,
    -0.89,
    1.345,
    -0.789,
    0.123,
    -1.345,
    0.678,
    -1.456,
    1.012,
    -0.345,
    0.789,
    -0.567,
    1.234,
    -2.345,
    0.987,
    -0.456,
    1.567,
    -0.89,
    0.345,
    -1.678,
    2.123,
    -0.234,
    0.567,
    -1.901,
    0.456
  ],
  "timestamp": "2025-11-23 11:50:16"
}