{
  "model": "moonshotai/Kimi-K2-Instruct-0905",
  "distribution": "Logistic(loc={loc}, scale={scale})",
  "mode": "batch_generation",
  "generation_time": 29.02682900428772,
  "statistics": {
    "requested_samples": 1000,
    "total_samples": 416,
    "deviation_pct": -58.4,
    "unique_values": 106,
    "unique_rate": 25.48076923076923,
    "mean": -0.032576923076923066,
    "std": 1.2793511396981265,
    "min": -2.567,
    "max": 2.345,
    "ks_statistic": 0.09245828244087095,
    "ks_pvalue": 0.0015173693039054698
  },
  "samples": [
    -0.385,
    1.221,
    -0.076,
    0.903,
    -1.674,
    0.563,
    -0.798,
    1.89,
    -1.352,
    0.241,
    -2.113,
    1.467,
    -0.421,
    0.019,
    -1.029,
    2.234,
    -0.942,
    0.678,
    -0.553,
    1.056,
    -1.789,
    0.327,
    -2.401,
    1.982,
    -0.201,
    0.754,
    -1.443,
    0.438,
    -0.096,
    1.601,
    -1.21,
    0.082,
    -2.567,
    1.334,
    -0.683,
    0.519,
    -1.876,
    2.089,
    -0.312,
    0.967,
    -0.428,
    1.445,
    -1.098,
    0.213,
    -1.532,
    1.788,
    -0.545,
    0.356,
    -2.198,
    1.123,
    -0.789,
    0.601,
    -1.345,
    2.345,
    -0.189,
    0.822,
    -0.971,
    1.456,
    -1.621,
    0.094,
    -2.012,
    1.234,
    -0.667,
    0.409,
    -1.789,
    1.892,
    -0.234,
    1.056,
    -0.543,
    0.719,
    -1.456,
    2.012,
    -0.876,
    0.334,
    -2.234,
    1.567,
    -0.123,
    0.889,
    -1.123,
    0.456,
    -0.987,
    1.678,
    -1.789,
    0.234,
    -2.456,
    1.89,
    -0.567,
    0.678,
    -1.234,
    2.123,
    -0.345,
    1.012,
    -0.789,
    0.876,
    -1.567,
    1.445,
    -0.123,
    0.543,
    -2.123,
    1.789,
    -0.678,
    0.234,
    -1.012,
    1.567,
    -1.234,
    0.345,
    -1.789,
    2.234,
    -0.456,
    0.89,
    -0.567,
    1.234,
    -1.678,
    0.123,
    -2.345,
    1.456,
    -0.789,
    0.543,
    -1.234,
    1.987,
    -0.234,
    0.678,
    -0.89,
    1.123,
    -1.567,
    0.345,
    -2.012,
    1.789,
    -0.456,
    0.234,
    -1.789,
    2.123,
    -0.567,
    0.901,
    -0.234,
    0.678,
    -1.567,
    1.234,
    -0.89,
    0.123,
    -2.345,
    1.678,
    -0.456,
    0.789,
    -1.012,
    1.234,
    -1.789,
    0.543,
    -2.123,
    1.89,
    -0.234,
    0.345,
    -1.678,
    2.012,
    -0.567,
    1.123,
    -0.234,
    0.789,
    -1.456,
    0.678,
    -0.89,
    1.234,
    -2.012,
    1.567,
    -0.123,
    0.456,
    -1.789,
    1.234,
    -0.567,
    0.89,
    -0.345,
    1.678,
    -1.234,
    0.123,
    -2.456,
    1.789,
    -0.678,
    0.234,
    -1.123,
    2.012,
    -0.456,
    0.567,
    -0.789,
    1.234,
    -1.567,
    0.345,
    -2.123,
    1.89,
    -0.234,
    0.678,
    -1.456,
    1.234,
    -0.567,
    0.123,
    -1.89,
    2.345,
    -0.234,
    0.456,
    -0.678,
    1.789,
    -1.234,
    0.567,
    -2.012,
    1.456,
    -0.789,
    0.234,
    -1.567,
    2.123,
    -0.345,
    0.89,
    -0.123,
    0.678,
    -1.789,
    1.234,
    -0.456,
    0.543,
    -2.345,
    1.678,
    -0.234,
    0.789,
    -1.012,
    1.567,
    -1.234,
    0.345,
    -1.789,
    2.012,
    -0.567,
    0.234,
    -0.89,
    1.456,
    -1.678,
    0.123,
    -2.234,
    1.789,
    -0.456,
    0.678,
    -1.123,
    1.234,
    -0.567,
    0.345,
    -2.012,
    1.89,
    -0.234,
    0.789,
    -1.456,
    2.123,
    -0.567,
    0.123,
    -0.678,
    1.567,
    -1.234,
    0.456,
    -2.123,
    1.789,
    -0.234,
    0.89,
    -1.012,
    1.234,
    -1.567,
    0.345,
    -2.456,
    1.678,
    -0.123,
    0.567,
    -1.789,
    2.012,
    -0.456,
    0.234,
    -0.89,
    1.123,
    -1.567,
    0.678,
    -2.234,
    1.456,
    -0.345,
    0.789,
    -1.234,
    1.567,
    -0.567,
    0.123,
    -1.89,
    2.345,
    -0.234,
    0.456,
    -0.789,
    1.234,
    -1.678,
    0.345,
    -2.012,
    1.789,
    -0.567,
    0.234,
    -1.123,
    2.123,
    -0.456,
    0.89,
    -0.234,
    0.678,
    -1.567,
    1.234,
    -0.789,
    0.123,
    -2.345,
    1.678,
    -0.456,
    0.567,
    -1.012,
    1.789,
    -1.234,
    0.345,
    -1.789,
    2.012,
    -0.234,
    0.543,
    -0.89,
    1.456,
    -1.567,
    0.234,
    -2.123,
    1.89,
    -0.567,
    0.678,
    -1.456,
    1.234,
    -0.123,
    0.789,
    -2.012,
    1.567,
    -0.456,
    0.234,
    -1.789,
    2.123,
    -0.345,
    0.89,
    -0.567,
    1.234,
    -1.678,
    0.123,
    -2.345,
    1.789,
    -0.234,
    0.456,
    -1.123,
    1.567,
    -1.234,
    0.345,
    -2.456,
    1.456,
    -0.789,
    0.234,
    -1.567,
    2.012,
    -0.456,
    0.678,
    -0.123,
    0.789,
    -1.789,
    1.234,
    -0.567,
    0.543,
    -2.234,
    1.678,
    -0.234,
    0.345,
    -1.012,
    1.89,
    -1.567,
    0.456,
    -2.123,
    1.234,
    -0.678,
    0.789,
    -1.456,
    2.345,
    -0.234,
    0.567,
    -0.789,
    1.123,
    -1.234,
    0.345,
    -2.012,
    1.789,
    -0.456,
    0.234,
    -1.678,
    2.123,
    -0.567,
    0.89,
    -0.234,
    0.678,
    -1.567,
    1.234,
    -0.89,
    0.123,
    -2.345,
    1.456,
    -0.345,
    0.789,
    -1.012,
    1.567,
    -1.789,
    0.234,
    -1.234,
    2.012,
    -0.456,
    0.543,
    -0.678,
    1.234,
    -1.567,
    0.345,
    -2.123,
    1.89,
    -0.234,
    0.678,
    -1.456,
    1.123
  ],
  "timestamp": "2025-11-23 11:50:47"
}