{
  "model": "Qwen/Qwen3-32B",
  "distribution": "Logistic(loc={loc}, scale={scale})",
  "mode": "batch_generation",
  "generation_time": 101.70829224586487,
  "statistics": {
    "requested_samples": 1000,
    "total_samples": 332,
    "deviation_pct": -66.7,
    "unique_values": 309,
    "unique_rate": 92.7927927927928,
    "mean": -0.17822921686746987,
    "std": 4.489725047323281,
    "min": -10.199,
    "max": 9.104,
    "ks_statistic": 0.2240102283039377,
    "ks_pvalue": 3.6691230689510645e-15
  },
  "samples": [
    0.0,
    1.0,
    0.0,
    1.0,
    1.0,
    0.1371,
    -0.2398,
    2.459,
    -1.6842,
    0.3687,
    -0.0234,
    0.8901,
    -2.6781,
    0.4501,
    -0.679,
    1.1379,
    -0.4567,
    0.234,
    -1.3789,
    0.679,
    -0.8901,
    0.0123,
    -0.4501,
    0.9876,
    -0.3456,
    0.5678,
    -0.1234,
    0.789,
    -1.0234,
    0.6789,
    -0.5678,
    0.4321,
    -0.321,
    0.2109,
    -0.9876,
    0.3456,
    -0.7654,
    1.0987,
    -0.2345,
    0.5432,
    -0.6543,
    0.7654,
    -0.3456,
    0.8765,
    -0.4321,
    0.9012,
    -0.5678,
    0.1098,
    -0.6789,
    0.2098,
    -0.789,
    0.3087,
    -0.8901,
    0.4076,
    -0.9987,
    0.5065,
    -1.0976,
    0.6054,
    -1.1965,
    0.7043,
    -1.2954,
    0.8032,
    -1.3943,
    0.9021,
    -1.4932,
    1.001,
    -1.5921,
    1.1,
    -1.691,
    1.2,
    -1.79,
    1.3,
    -1.889,
    1.4,
    -1.988,
    1.5,
    -2.087,
    1.6,
    -2.186,
    1.7,
    -2.285,
    1.8,
    -2.384,
    1.9,
    -2.483,
    2.0,
    -2.582,
    2.1,
    -2.681,
    2.2,
    -2.78,
    2.3,
    -2.879,
    2.4,
    -2.978,
    2.5,
    -3.077,
    2.6,
    -3.176,
    2.7,
    -3.275,
    2.8,
    -3.374,
    2.9,
    -3.473,
    3.0,
    -3.572,
    3.1,
    -3.671,
    3.2,
    -3.77,
    3.3,
    -3.869,
    3.4,
    -3.968,
    3.5,
    -4.067,
    3.6,
    -4.166,
    3.7,
    -4.265,
    3.8,
    -4.364,
    3.9,
    -4.463,
    4.0,
    -4.562,
    4.1,
    -4.661,
    4.2,
    -4.76,
    4.3,
    -4.859,
    4.4,
    -4.958,
    4.5,
    -5.057,
    4.6,
    -5.156,
    4.7,
    -5.255,
    4.8,
    -5.354,
    4.9,
    -5.453,
    5.0,
    -5.552,
    -0.0075,
    0.4543,
    -0.2987,
    0.7654,
    -0.1567,
    0.3456,
    -0.4567,
    1.0987,
    -0.6789,
    0.2345,
    -0.8901,
    0.5678,
    -0.321,
    0.679,
    -0.4321,
    0.789,
    -0.5432,
    0.8901,
    -0.6543,
    0.9876,
    -0.7654,
    1.0865,
    -0.8743,
    1.1754,
    -0.9821,
    1.2643,
    -1.09,
    1.3532,
    -1.1978,
    1.4421,
    -1.3056,
    1.531,
    -1.4134,
    1.6198,
    -1.5212,
    1.7086,
    -1.629,
    1.8074,
    -1.7368,
    1.9062,
    -1.8445,
    2.005,
    -1.9522,
    2.104,
    -2.06,
    2.203,
    -2.1678,
    2.302,
    -2.2756,
    2.401,
    -2.3834,
    2.5,
    -2.4912,
    2.609,
    -2.608,
    2.708,
    -2.7248,
    2.807,
    -2.8416,
    2.906,
    -2.9584,
    3.005,
    -3.0752,
    3.104,
    -3.192,
    3.203,
    -3.3088,
    3.302,
    -3.4256,
    3.401,
    -3.5424,
    3.5,
    -3.6592,
    3.609,
    -3.776,
    3.708,
    -3.8928,
    3.807,
    -4.0096,
    3.906,
    -4.1264,
    4.005,
    -4.2432,
    4.104,
    -4.36,
    4.203,
    -4.4768,
    4.302,
    -4.5936,
    4.401,
    -4.7104,
    4.5,
    -4.8272,
    4.609,
    -4.944,
    4.708,
    -5.0608,
    4.807,
    -5.1776,
    4.906,
    -5.2944,
    5.005,
    -5.4112,
    5.104,
    -5.528,
    5.203,
    -5.6448,
    5.302,
    -5.7616,
    5.401,
    -5.8784,
    5.5,
    -5.9952,
    5.609,
    -6.112,
    5.708,
    -6.2288,
    5.807,
    -6.3456,
    5.906,
    -6.4624,
    6.005,
    -6.5792,
    6.104,
    -6.696,
    6.203,
    -6.8128,
    6.302,
    -6.9296,
    6.401,
    -7.0464,
    6.5,
    -7.1632,
    6.609,
    -7.28,
    6.708,
    -7.3968,
    6.807,
    -7.5136,
    6.906,
    -7.6304,
    7.005,
    -7.7472,
    7.104,
    -7.864,
    7.203,
    -7.9808,
    7.302,
    -8.0976,
    7.401,
    -8.2144,
    7.5,
    -8.3312,
    7.609,
    -8.448,
    7.708,
    -8.5648,
    7.807,
    -8.6816,
    7.906,
    -8.7984,
    8.005,
    -8.9152,
    8.104,
    -9.032,
    8.203,
    -9.1488,
    8.302,
    -9.2656,
    8.401,
    -9.3824,
    8.5,
    -9.4992,
    8.609,
    -9.616,
    8.708,
    -9.7328,
    8.807,
    -9.8496,
    8.906,
    -9.9664,
    9.005,
    -10.0822,
    9.104,
    -10.199
  ],
  "timestamp": "2025-11-23 11:33:58"
}