{
  "model": "deepseek-ai/DeepSeek-V3.2-Exp",
  "distribution": "ChiSquare(df={df})",
  "mode": "independent_requests",
  "requested_samples": 1000,
  "generation_time": 635.193594455719,
  "statistics": {
    "total_samples": 1000,
    "failed_requests": 0,
    "unique_values": 991,
    "unique_rate": 99.1,
    "mean": 39.297378702098655,
    "std": 406.119521816017,
    "min": 0.18378416247796003,
    "max": 9823.57082376587,
    "ks_statistic": 0.668534516405884,
    "ks_pvalue": 0.0
  },
  "samples": [
    14.661,
    11.1763833,
    8.953,
    18.7732,
    13.589,
    17.8245,
    27.6348,
    10.7368,
    7.434,
    9.829,
    25.9863,
    15.0321,
    3.142857,
    9.3649,
    8.95738,
    26.14539,
    12.9734,
    24.10734707151221,
    3.6364,
    23.6964,
    2.278,
    36.13892,
    17.63267,
    10.27644,
    17.31259,
    17.26524,
    18.6361,
    40.48107,
    17.342,
    8.61237,
    8.556,
    7.09335,
    15.6924,
    16.009082824894744,
    17.1026,
    20.097,
    16.434291,
    13.8618,
    20.18425,
    2.226793,
    23.994,
    20.70062,
    14.447,
    11.649,
    14.902,
    8.6944,
    10.028,
    32.62493,
    25.6212369,
    40.089822,
    2.325847,
    22.16886,
    20.175324,
    10.714304619,
    21.02028,
    28.81824,
    17.356,
    39.22569,
    5.098,
    12.559,
    7.221,
    19.5792,
    26.24131,
    16.973,
    11.975,
    6.04388,
    24.0261,
    14.0974,
    9.815,
    15.085265572468394,
    9.0724,
    14.732,
    16.15,
    12.2,
    5.777869831739338,
    17.851,
    6.125,
    13.628,
    20.52,
    8.623,
    17.602,
    14.342,
    4.424,
    7.378,
    14.4872,
    12.837,
    19.33045,
    12.006,
    18.02468,
    17.342,
    17.6456,
    13.8634,
    13.3667,
    8.77757821739071,
    5.693916589,
    12.833,
    18.72893,
    10.183,
    17.73677,
    15.8332,
    17.6783,
    13.1073,
    17.6839,
    21.75013,
    14.745,
    13.708,
    14.91986,
    39.175778,
    16.89,
    10.22,
    13.4525,
    7.07,
    15.296,
    9.643,
    10.9399,
    18.9583,
    2.5904,
    12.124,
    17.6843,
    23.458,
    6.709,
    10.967,
    84.27179,
    17.495,
    12.759,
    16.788,
    23.7075,
    16.723,
    16.056,
    30.9443,
    15.9334,
    17.436,
    9.035708837491782,
    18.471825,
    14.221267,
    17.0895,
    12.833,
    13.3974,
    9.494,
    24.3604,
    15.576,
    24.176,
    13.3078,
    19.532,
    13.556749807891924,
    13.684,
    16.1804,
    12.3029,
    12.832,
    15.206,
    13.2944,
    19.8793,
    12.608,
    12.448,
    14.99435928,
    21.8794,
    18.55267121697,
    14.831,
    23.5377,
    7.9596,
    14.861,
    13.2768,
    80.631236,
    22.334,
    74.61,
    6.981,
    4.798,
    5.96794,
    19.13712,
    13.171,
    9.65935,
    13.1578,
    14.53,
    20.17769,
    14.713,
    21.254,
    2.4189,
    13.76023,
    13.7506,
    6.119896,
    17.3925,
    22.987,
    17.63892,
    10.206,
    10.429,
    12.033,
    2.1473,
    15.75,
    9.767,
    9.9449,
    8.47384,
    17.9072,
    16.932,
    14.555,
    20.10961537379126,
    17.98,
    13.153,
    16.351,
    16.033,
    13.644,
    19.5701887054339,
    10.875,
    9.0943,
    14.301,
    5.64231,
    15.733,
    39.7862,
    1.783,
    16.75,
    14.891,
    9.1347,
    9.389,
    16.971,
    11.115,
    16.231,
    14.03996,
    13.3526,
    13.74104,
    16.376,
    24.9339,
    18.342643,
    15.291,
    14.0759,
    14.7924,
    73.694974,
    19.227,
    24.05539,
    15.02576426,
    12.325,
    4.74245,
    7.854,
    4.8293,
    5.8532,
    54.934427,
    13.305,
    14.027,
    16.587,
    3.684,
    22.0999,
    21.841,
    12.805,
    20.67406,
    7.362,
    22.921,
    6.98394,
    7.7156,
    26.13,
    15.811,
    10.122,
    21.00913,
    21.167,
    15.97792262964528,
    26.112,
    7.842,
    16.75418,
    12.378935,
    12.244,
    14.791603383644555,
    14.950403392951637,
    12.833,
    16.146,
    24.5683,
    19.34,
    20.916,
    4.452,
    35.03817969450136,
    19.27828,
    6.1175,
    7.398,
    9.23641,
    11.116,
    14.293,
    3.286,
    25.79043,
    47.719,
    14.2268,
    21.1645,
    16.3699,
    4.832,
    9.14,
    28.6141422,
    2.132,
    2.814,
    5.898,
    7.579,
    5.27569,
    24.52643,
    13.072,
    24.329,
    8.742,
    9.307,
    7.517,
    8.66157,
    41.262803,
    10.659,
    63.258,
    30.94,
    14.0601,
    10.904,
    2.163,
    18.244,
    2.087,
    8.82012,
    29.617385,
    28.3698,
    17.10966806,
    42.03369,
    29.788,
    6.12,
    13.136,
    30.802,
    6.06681,
    5.8914,
    14.684,
    37.792,
    19.11457,
    7.37846661,
    14.512,
    16.463,
    37.12289,
    14.086,
    22.753,
    16.7318,
    18.9665,
    83.605833,
    16.10961,
    33.11909515,
    33.73431,
    9.15337,
    25.2375,
    3.573497,
    13.218,
    29.5,
    24.2538,
    24.20378,
    6.609,
    25.01759,
    23.9274,
    68.351,
    27.65978,
    22.8373,
    14.784,
    11.1399,
    12.832,
    75.07968,
    17.0614,
    11.3103,
    24.17763,
    14.249,
    7.847,
    9.46382,
    24.4411,
    28.95465,
    19.7597,
    25.5563,
    20.835,
    17.19,
    10.643,
    4.744,
    9.554,
    21.7483,
    15.887,
    42.815,
    28.3932,
    6.344,
    15.2368,
    41.139,
    16.487,
    14.2077536,
    16.464,
    16.5707,
    13.17,
    14.285,
    23.728,
    13.8368,
    7.668,
    16.296,
    24.3256,
    23.5073,
    20.231,
    13.061,
    15.105,
    2.8479,
    8.955,
    31.6521,
    22.0901,
    15.0862,
    23.2029,
    19.8641,
    19.31918,
    2.86,
    24.7501,
    10.322,
    16.328,
    24.012,
    15.72736,
    13.0122,
    13.911,
    5.749,
    12.38,
    15.2648,
    16.546,
    22.50791,
    31.776,
    9.119,
    24.00908,
    3.297648775,
    12.847,
    3.52,
    12.502,
    6.41,
    16.191,
    37.858,
    24.725,
    24.6173,
    12.4668,
    17.345,
    14.6286,
    24.7375,
    25.68195,
    24.014,
    94.71299,
    22.37163,
    2.944,
    5.0,
    13.1893,
    9.75223,
    73.799192,
    15.806709,
    12.265,
    35.699442,
    26.02661,
    4.352,
    16.853,
    9.154797,
    9.944419,
    22.83534,
    19.687,
    24.9486,
    13.846,
    5.0437,
    21.5857,
    24.30265,
    13.2643,
    13.6435,
    12.755,
    4.378,
    21.40963,
    15.0853,
    12.8325,
    11.275,
    28.96817,
    14.2,
    15.0316,
    17.71,
    24.23348,
    13.082,
    33.689,
    12.5629,
    28.75943,
    16.82377,
    15.1504,
    18.15547,
    24.189,
    7.289,
    16.047,
    22.4276,
    13.14768673,
    40.9253845391,
    24.489,
    27.32275,
    8.976,
    17.97136,
    12.52,
    11.3583,
    22.234,
    24.203983,
    16.372,
    14.293,
    31.401,
    9.5571,
    17.023,
    1.0670862600220075,
    23.1753,
    5.63423,
    16.462,
    22.1434,
    23.482,
    35.326,
    17.301,
    16.33,
    36.45772,
    6.13399,
    16.98,
    12.3,
    27.94873,
    14.253,
    16.02,
    15.832,
    4.021378,
    21.6452,
    2.175,
    49.71343847617717,
    14.134,
    5.593156,
    16.377,
    9.11474,
    8.562034,
    19.6066,
    19.55896,
    3.4647,
    3.94,
    19.3683,
    14.7,
    28.08578,
    2.8415,
    13.29744,
    9.084,
    15.294729,
    18.212,
    13.23384,
    17.3,
    6.432,
    15.076,
    5.2591,
    25.836,
    11.771,
    8.562,
    40.510217,
    10.62,
    13.825,
    5.6743,
    25.17941,
    18.967,
    8.913,
    11.066,
    6.675,
    5.981,
    17.53095,
    47.2393,
    3.823709807,
    24.752,
    16.109,
    14.978,
    6.36601,
    26.18006,
    14.074,
    18.246,
    21.48570734769258,
    12.022,
    19.767,
    9.2013835203,
    9.469,
    5.9483,
    64.38216386590909,
    18.1362,
    4.21,
    15.4859,
    21.295,
    22.366,
    4.99,
    25.26445,
    8.435,
    15.4923,
    7.826,
    28.6506,
    26.61144,
    36.934269,
    11.07,
    6.80556,
    29.73654,
    6.06478,
    9.54815,
    26.191,
    10.849,
    18.29932963,
    14.418,
    18.315,
    62.193507,
