{
  "model": "google/gemma-3-27b-it",
  "distribution": "ChiSquare(df={df})",
  "mode": "independent_requests",
  "requested_samples": 1000,
  "generation_time": 570.4563627243042,
  "statistics": {
    "total_samples": 1000,
    "failed_requests": 0,
    "unique_values": 671,
    "unique_rate": 67.10000000000001,
    "mean": 7.093772066663513,
    "std": 0.9879147092802829,
    "min": 1.13877,
    "max": 8.38426,
    "ks_statistic": 0.7044592670387557,
    "ks_pvalue": 0.0
  },
  "samples": [
    6.38782,
    7.92821,
    6.34287,
    1.8877879541795812,
    6.387421,
    2.893868356751319,
    7.32489,
    7.32841,
    7.82436987,
    7.53489,
    7.53489,
    6.342876,
    8.282777,
    7.827277278641984,
    6.38792,
    6.3874,
    7.534888584987404,
    7.78227,
    6.38918984142,
    6.387829,
    7.828735,
    7.53489,
    6.38704,
    7.32404,
    7.32588,
    7.32842,
    7.284177,
    7.534876728611463,
    7.32859,
    6.38782,
    6.387428,
    7.534877792351617,
    7.32583,
    7.342869,
    6.3871,
    7.34286,
    7.342857142857142,
    7.5348895262,
    6.387422,
    7.53489,
    6.38795,
    7.534232828,
    7.32847,
    7.785297916766447,
    6.38798,
    8.379987,
    7.324286,
    7.32847,
    7.82384,
    7.8236,
    7.53489,
    8.282791557870755,
    8.282069,
    6.345892,
    6.341795,
    6.387429,
    6.387023,
    7.338119,
    7.342876,
    6.387495,
    7.60243487,
    7.534876,
    6.387429,
    6.387829,
    6.387821,
    6.389188261698066,
    7.34423,
    6.387828,
    7.534874958615557,
    6.387829,
    7.32682,
    7.53489,
    8.2854,
    7.53489,
    7.823,
    7.444053918776645,
    6.387829,
    6.387429,
    7.53489,
    6.387829,
    6.342897,
    6.38749,
    7.534794,
    7.8237,
    7.38786,
    6.3874,
    8.282767864,
    7.53489,
    6.3872836998,
    6.342871,
    7.823,
    7.53489,
    6.38749,
    7.92821,
    6.387821,
    6.38782,
    6.38745,
    7.534889773995992,
    6.387829,
    6.387429,
    8.379352,
    7.8237,
    8.27639,
    7.32818,
    7.5348888326,
    7.92834,
    7.397879,
    6.342829,
    8.37933650717279,
    7.342816,
    7.32847,
    6.342871,
    7.814278,
    8.28279,
    6.387821,
    6.387039,
    6.389373,
    7.34846,
    7.534876,
    7.329547,
    6.34892,
    7.352875,
    7.534889922933584,
    7.342197,
    7.53489,
    6.387821,
    7.53489,
    6.387892,
    7.342866986826697,
    6.342893,
    7.5348899785,
    6.388978,
    7.82418,
    7.32486,
    7.82376,
    7.83219,
    8.379276797763529,
    7.28416,
    8.2868,
    7.834292,
    6.387828,
    8.282784894151337,
    6.387829,
    8.282879,
    7.928414639254172,
    6.38798,
    6.389039,
    6.38913,
    6.387429,
    6.387948477838675,
    6.38934,
    8.3229099558,
    7.53489,
    7.82418,
    7.284382,
    7.68124,
    7.53489,
    6.387421,
    7.32682,
    7.432437297729365,
    7.684829,
    6.389183725378505,
    1.88743598652,
    6.387421,
    6.387821,
    8.37389,
    7.534878939688895,
    6.38948,
    8.379774529,
    6.342875,
    6.38938,
    8.2829054904,
    8.375292566311943,
    7.482353276,
    7.338869481793996,
    6.338782,
    6.342879,
    6.387821,
    7.534876,
    7.681277,
    7.534888748876217,
    1.8872777358178499,
    6.389171245648132,
    6.3874229979,
    8.276297397571373,
    7.534892571,
    6.387458,
    6.389471,
    7.834279,
    6.34899,
    8.28281766648594,
    6.348905,
    7.5348,
    7.394293998287536,
    7.53489,
    8.28215,
    7.823739,
    7.534239537596394,
    7.53487,
    8.28276,
    6.38759,
    6.342893,
    6.389177,
    7.53489,
    6.387021,
    7.2854,
    6.387822,
    6.342876,
    6.387821767,
    7.53489,
    7.428922,
    7.834281685995629,
    8.282487,
    7.53489,
    7.78332976,
    8.28279,
    6.38748,
    6.387749869955476,
    7.182492,
    6.387421,
    6.387478,
    6.389197577,
    7.834281765,
    7.534892528738749,
    6.387821,
    7.53487,
    7.534889,
    7.82419,
    7.3284,
    8.28278677129561,
    6.387452,
    1.1488797316365487,
    7.34529,
    7.682184,
    7.834206553,
    6.387119,
    7.33886571571878,
    7.32438,
    7.53487,
    7.534876,
    6.38745474,
    6.328275,
    1.92378,
    7.34286,
    7.534889337589528,
    7.684296434759768,
    7.688252,
    7.342861778444614,
    6.38748,
    7.824361885738953,
    7.53489,
    6.342889,
    6.387422,
    7.336041,
    7.823739,
    6.35827,
    7.48287458,
    6.387286738718628,
    7.53487,
    7.341629788847028,
    7.534889842786265,
    7.53489,
    7.418338384,
    7.32817,
    7.53487,
    6.387285997773878,
    6.387829,
    6.387421,
    6.387798318678037,
    6.342819,
    7.3978198999,
    6.32827,
    7.32827,
    6.387496849775774,
    8.2886,
    6.3877,
    7.534889751437433,
    6.387821,
    7.688438,
    6.38795,
    7.32688,
    7.534876949842931,
    7.34463,
    6.38872,
    7.348472,
    6.387821,
    6.342876,
    6.3873216321,
    7.198,
    7.53489,
    7.534892531776479,
    7.3284,
    1.8874229476484587,
    8.28279,
    6.387822,
    7.534889782347681,
    7.31485,
    7.8154798542,
    6.387475,
    7.8342927,
    6.32827,
    7.432248,
    7.9282,
    7.53489,
    6.338727245967789,
    7.534876,
    7.342869,
    7.329876,
    6.38758,
    7.43228,
    7.83218,
    8.282981622903081,
    7.53487,
    6.34587,
    6.847292,
    8.372045,
    6.34588,
    7.83427927,
    6.3847,
    7.534889742296398,
    7.534876,
    1.887517,
    7.32819,
    7.82376,
    6.342857,
    6.389487,
    7.53488975876,
    6.342837,
    7.329887797,
    7.534924,
    7.53489,
    7.328297,
    6.387806,
    7.534876,
    7.428119,
    7.53489,
    7.784237,
    7.824829,
    7.82847,
    7.534879937834834,
    6.342837,
    7.33789,
    6.387821,
    7.534889762451398,
    7.482372173,
    6.387892,
    6.34285,
    6.387821,
    6.38782,
    7.3283,
    7.834288,
    6.387821,
    6.389172172491367,
    7.534892,
    7.823739,
    6.3874,
    6.387528,
    7.38129,
    6.38747,
    6.338478,
    6.387821,
    7.82418,
    7.345892311228987,
    7.5348925374,
    6.3892776884,
    6.38782,
    7.815478140656189,
    7.5348725678,
    7.53489,
    7.32836,
    7.342864,
    6.324488,
    1.887088587,
    6.38748,
    6.3428797378,
    7.342890147,
    6.38782,
    7.5349,
    6.342859,
    6.387428,
    7.684836468652399,
    6.384729,
    6.38748,
    7.82547,
    7.53489,
    6.387829,
    7.53489,
    6.387429,
    7.32867,
    6.342875,
    6.342879,
    7.3282,
    8.379759993478478,
    7.53489,
    6.387822496193314,
    7.2821,
    6.387429,
    7.684325,
    8.38394738,
    7.2854,
    6.387859,
    8.278442,
    7.82419,
    6.34858,
    7.328275,
    7.534876,
    7.8237,
    7.534876,
    8.2828638,
    7.53489,
    7.534876,
    1.1487481869737584,
    7.834286399337679,
    6.387745,
    6.387821,
    8.279174,
    6.389173655228955,
    7.534889757131637,
    7.822449977693544,
    7.534889822387861,
    6.387821,
    7.8237,
    6.387473,
    7.8342817634,
    6.38782,
    7.81547,
    7.53489,
    7.8237,
    7.814273,
    7.32428,
    7.81427,
    7.848270629744348,
    8.28248,
    7.32585,
    6.38782,
    6.387428,
    6.3878214,
    7.53489,
    7.342867917992576,
    7.53489,
    8.27628,
    7.53489,
    6.387826,
    7.342892,
    6.31748,
    6.348273926391694,
    7.338077,
    6.32847,
    7.53489,
    7.534889674378773,
    7.324293147092298,
    7.53489,
    7.418249,
    7.534889532679427,
    7.28542,
    7.534927,
    6.387826,
    7.53489,
    7.342887,
    7.32821,
    7.28417,
    6.342888,
    6.387828,
    7.82419,
    6.389883,
    7.38618,
    7.342875,
    7.53487,
    6.387822,
    7.823730596,
    7.782837573682941,
    7.18249,
    6.38778,
    7.8237,
    7.342876,
    7.345892312987,
    6.387821,
    7.534887465,
    8.38426,
    7.534918788246393,
    7.4328,
    7.53489,
    7.53487,
    6.38782158719,
    7.928148,
    8.374285,
    6.387899,
    7.53488987931853,
    7.32824,
    7.928613,
