{
  "model": "gpt-4o",
  "distribution": "ChiSquare(df={df})",
  "mode": "independent_requests",
  "requested_samples": 1000,
  "generation_time": 465.5344500541687,
  "statistics": {
    "total_samples": 1000,
    "failed_requests": 0,
    "unique_values": 784,
    "unique_rate": 78.4,
    "mean": 4.861049731762309,
    "std": 1.7305425353482087,
    "min": 1.327,
    "max": 14.235,
    "ks_statistic": 0.2155073807575717,
    "ks_pvalue": 3.0177482333450047e-41
  },
  "samples": [
    4.276,
    3.794,
    7.283,
    6.527,
    4.737,
    5.104,
    2.948,
    6.8479,
    3.724,
    5.269,
    3.897,
    10.372,
    3.841,
    3.5498,
    4.382702,
    7.367,
    2.937178,
    3.912,
    3.8429,
    5.233,
    5.274,
    6.374,
    2.841,
    5.432,
    4.712,
    4.385,
    5.869,
    6.9142,
    2.347,
    3.254,
    4.387,
    2.345,
    2.314,
    6.724,
    3.679,
    4.876,
    5.647,
    5.734,
    6.372,
    4.593,
    3.234,
    4.872,
    5.321,
    1.484798,
    4.753,
    3.841,
    6.732,
    4.873,
    3.548,
    4.693,
    6.853886598775273,
    7.284,
    7.4981,
    7.851,
    2.461,
    3.944,
    4.3275,
    3.219,
    7.238,
    8.792,
    3.764,
    3.948729,
    7.395,
    6.948957,
    3.487,
    4.203,
    3.978,
    2.417,
    5.935487,
    3.217,
    2.547,
    4.196,
    3.678,
    5.387,
    5.436,
    4.832,
    3.542,
    5.689,
    6.047,
    4.596,
    3.684,
    4.834,
    3.428,
    2.4786,
    4.769,
    2.5387,
    6.473,
    5.128,
    3.274953,
    3.849125,
    6.174,
    5.327,
    3.389,
    3.647,
    7.435,
    3.287,
    4.327422728341038,
    3.217,
    3.773,
    5.234,
    3.841,
    5.629,
    5.317,
    4.781,
    4.35812,
    8.341,
    6.324,
    2.834,
    2.345,
    1.783958,
    5.431,
    4.617,
    5.769,
    6.347,
    1.659,
    3.212,
    5.392599317736493,
    7.684,
    5.046823,
    3.541,
    6.392,
    4.273,
    3.182,
    5.4872,
    3.408234,
    5.3021,
    4.783,
    3.482,
    5.773,
    4.872,
    3.764,
    3.654,
    3.827,
    8.975235,
    7.583,
    4.732,
    4.163,
    4.037,
    4.728,
    4.326,
    6.378,
    10.732,
    2.573,
    7.284,
    3.221,
    3.452,
    4.563,
    4.732,
    4.638,
    2.348,
    2.937,
    4.517,
    4.865473,
    5.657413,
    2.357,
    6.328,
    3.458,
    3.3950769135,
    6.017259,
    2.6483,
    2.947428,
    6.497,
    4.657,
    2.458,
    3.276,
    5.239,
    3.782,
    6.438,
    4.732,
    5.649,
    4.908,
    4.372696,
    7.934,
    3.8474682091,
    1.893485024736265,
    3.724,
    4.382,
    6.784,
    4.587,
    1.964326013000347,
    5.6921,
    4.537,
    7.648,
    4.591,
    6.587,
    6.472,
    2.387,
    5.427,
    5.478,
    7.234,
    5.263,
    4.726,
    6.479,
    6.197,
    1.763,
    4.679,
    3.241,
    6.849,
    2.839,
    3.4721,
    4.873,
    4.072,
    3.2144865489,
    4.732,
    7.364,
    3.247,
    3.429,
    3.278583,
    9.231,
    3.755,
    4.327,
    2.751632,
    3.487,
    2.348,
    8.137,
    6.528,
    3.128,
    3.816,
    3.783,
    3.659,
    5.372,
    2.739,
    2.673,
    3.782,
    4.237,
    2.745,
    8.435,
    3.285,
    4.761,
    4.923,
    4.532839,
    5.272,
    8.672,
    5.783,
    4.263,
    5.982,
    7.153,
    5.298473,
    4.673,
    4.493,
    4.674573,
    6.0872563223,
    4.267,
    2.756,
    2.563,
    7.943,
    5.679,
    6.992,
    4.259,
    11.34623,
    8.731,
    8.334,
    4.335,
    4.01723,
    6.453,
    9.183,
    6.374,
    3.874,
    6.201,
    4.732,
    2.236,
    4.569,
    7.394,
    6.284,
    6.487,
    2.345188,
    5.327,
    4.567,
    7.938,
    5.471,
    3.847,
    6.872,
    4.275,
    8.359,
    5.284,
    2.571,
    8.392,
    3.276,
    4.267,
    6.942,
    4.517,
    5.318,
    4.481853,
    8.327,
    5.863,
    4.621,
    2.9342,
    6.537,
    6.782,
    4.583,
    4.932,
    5.637,
    4.729,
    3.274,
    3.627,
    3.827,
    3.672,
    4.287,
    7.862,
    4.649,
    6.983,
    3.429,
    3.489,
    4.852,
    5.7839242894,
    3.284,
    4.872,
    6.487,
    5.2893,
    4.627,
    4.382,
    8.472,
    11.1835,
    4.763,
    4.238,
    5.374,
    2.746,
    3.652,
    6.397,
    3.472,
    13.654,
    3.472,
    7.2842,
    7.83456,
    2.786,
    6.4573,
    7.956,
    5.231,
    3.5692,
    3.294,
    1.327,
    4.675436,
    3.791,
    3.4721,
    5.233478,
    7.362314,
    5.602,
    4.436,
    4.786,
    2.816437,
    9.724,
    4.287,
    4.327,
    4.231,
    3.482,
    6.473,
    3.945,
    4.983,
    8.437,
    4.326,
    3.684,
    6.429,
    6.357,
    1.842,
    3.648,
    3.958,
    5.236,
    2.114,
    6.438,
    6.884,
    3.248,
    5.834,
    3.217,
    4.623,
    8.472,
    3.482,
    5.687,
    2.837,
    4.738,
    4.678,
    6.384,
    5.629,
    6.433,
    2.347,
    4.243,
    6.437,
    4.871,
    3.8443812275,
    6.748,
    3.846207,
    6.574,
    4.217,
    7.634213,
    3.5674,
    14.235,
    3.6957,
    2.895,
    4.267,
    4.732,
    3.489,
    3.294,
    4.728,
    6.203,
    5.439,
    4.763,
    3.724,
    3.2759,
    4.627,
    6.743,
    3.728,
    7.984,
    6.749,
    5.368,
    3.514,
    3.901564,
    6.842,
    5.637,
    6.837,
    5.873,
    3.172476,
    4.893,
    3.945,
    7.389,
    3.864,
    2.378456,
    6.873,
    3.972,
    6.839875,
    3.154,
    3.892,
    3.726,
    3.459273252,
    3.718,
    5.839,
    8.724,
    4.639442,
    4.534,
    3.674,
    4.139,
    3.486,
    2.459,
    8.263,
    7.453,
    4.786,
    5.361,
    3.840684,
    4.357,
    2.034,
    3.576,
    5.4391,
    4.267,
    4.58156584,
    3.587,
    5.416,
    2.753,
    6.438,
    6.938,
    5.385,
    5.372,
    5.237,
    7.241,
    3.472,
    2.563947,
    5.348623,
    7.632,
    5.389,
    3.149,
    4.2837,
    6.438972,
    5.237,
    5.429,
    3.762,
    4.785,
    6.782,
    3.984,
    3.572,
    9.283,
    6.733,
    3.486,
    5.947,
    5.913,
    4.163,
    3.482,
    4.689,
    5.682,
    6.437,
    5.176,
    3.421,
    4.325,
    4.233,
    6.432,
    2.482,
    3.746,
    3.87247,
    4.768,
    2.134,
    3.487,
    5.063947803965208,
    3.564,
    2.746,
    3.852,
    2.983,
    7.384,
    3.849,
    4.276,
    3.4567,
    5.386,
    2.785,
    2.813463,
    6.374,
    5.237,
    4.276,
    5.642,
    1.462893,
    3.648,
    4.227,
    2.017,
    4.372,
    6.478,
    5.326,
    9.227356,
    4.5673,
    3.754,
    3.652,
    6.379,
    5.283,
    4.537,
    2.847,
    6.437,
    5.562,
    4.752,
    5.936,
    4.329,
    4.762067,
    4.537,
    5.878,
    4.289,
    5.237,
    5.842,
    3.738,
    8.356,
    2.489,
    6.472,
    7.832,
    6.439,
    6.475,
    3.617485,
    3.841,
    2.587,
    6.937463,
    3.784,
    4.283,
    3.4469,
    6.482,
    5.021,
    4.326,
    6.438,
    5.296,
    5.487,
    5.367,
    4.314,
    6.874,
    5.487,
    3.076,
    5.839,
    4.781,
    5.894712,
    4.873,
    9.374,
    3.284,
    5.445,
    4.829,
    8.943,
    5.762,
    3.5828576234579,
    4.718,
    1.635428,
    2.849,
    1.829634,
    5.616,
    5.36,
    4.352,
    4.379,
    5.672,
    4.598,
    6.982,
    4.019,
    3.472,
    6.813475876,
    4.596,
    5.972,
    2.917,
    5.672,
    5.6723,
    5.283472,
    7.892,
    4.627,
    4.213,
    5.473,
    2.485,
    3.682958,
    4.267,
    3.528,
    4.638219,
    4.237,
    3.845,
    3.241,
    4.527729,
    3.581,
    5.093,
    4.672,
    5.627,
    4.907238,
    6.837,
    4.372,
    6.873,
    8.023,
    3.926483,
    2.834,
    3.4691,
    4.273,
    3.841,
    10.573,
    3.679,
    4.282,
    4.362,
    4.6789,
    2.637,
    3.97501856045936,
    4.712,
    4.382,
    3.647,
    7.348,
    2.934,
    6.342,
    4.436,
    5.497,
    2.3835021353625616,
    6.48314,
    4.52653,
    6.482,
    4.268,
    6.324,
    3.521,
    3.268317,
    4.983,
    3.847645,
    5.234,
    3.6472914662583924,
    4.739,
    8.437,
    2.453189,
    4.985,
    3.475,
    7.593,
    3.482,
