{
  "model": "openai/gpt-oss-120b",
  "distribution": "ChiSquare",
  "mode": "independent_requests",
  "max_workers": 40,
  "requested_samples": 1000,
  "generation_time": 58.18621802330017,
  "statistics": {
    "total_samples": 1000,
    "failed_requests": 0,
    "mean": 5.753799940205294,
    "std": 1.354405333544358,
    "ks_statistic": 0.3667477843414046,
    "ks_pvalue": 4.17693116022209e-121
  },
  "samples": [
    7.832,
    6.3175,
    6.7321,
    3.8472,
    6.219,
    4.8372,
    3.2145,
    3.762,
    7.2145,
    4.2375195841,
    7.3124,
    4.5271,
    3.58,
    7.1942,
    6.3420186291,
    7.3125,
    4.7321456953,
    3.842,
    6.218398,
    7.193,
    4.236,
    7.842315,
    6.842754321,
    7.349112,
    4.932456,
    3.842,
    6.539842,
    7.1846,
    4.632,
    2.58,
    7.348921,
    4.718,
    4.857392,
    6.112,
    4.792,
    4.5671,
    4.562839,
    4.527834,
    4.921,
    5.384216,
    7.2634,
    4.38,
    4.2715,
    4.827931,
    4.873,
    6.842,
    6.2115,
    6.129,
    7.192851,
    4.257,
    4.1325,
    7.1945,
    5.3847,
    7.342548913,
    3.7421,
    4.672,
    4.38,
    2.8671,
    6.531,
    4.813274,
    6.3421,
    6.241,
    6.217,
    6.839,
    3.6321,
    5.3721,
    6.738,
    3.42,
    4.8392,
    7.124358,
    4.7325871,
    7.203,
    4.18,
    3.846712,
    6.214578,
    6.3421,
    6.4231578921,
    3.874561,
    4.8731,
    4.8761129352,
    6.148,
    6.4532,
    6.1294,
    6.472,
    4.8721,
    2.8743,
    4.812354,
    7.842311,
    6.8425,
    7.1821,
    6.1925,
    6.147842,
    7.2431,
    6.8421,
    6.378,
    4.673,
    3.7421,
    4.827349,
    2.78,
    4.91,
    7.3421,
    7.842,
    6.842,
    6.041253,
    7.26,
    6.271,
    6.873,
    7.8345,
    6.8714528395,
    4.82734955413612,
    7.4321589214,
    7.1342,
    4.562831,
    7.842,
    6.874,
    6.842,
    3.9127,
    5.837,
    6.438127541714992,
    4.762,
    6.1749,
    3.91452715829145,
    3.63,
    8.372,
    7.8425,
    4.867352,
    4.23,
    6.134578,
    6.372583,
    6.214,
    3.742,
    6.136957726617442,
    6.231,
    4.918,
    4.1275318923,
    7.231,
    4.2367,
    6.127543215,
    6.873,
    5.128,
    4.7321895271,
    6.3214,
    6.1245,
    4.2365,
    3.847,
    6.487293214,
    7.8312,
    4.5932,
    6.219714,
    3.8421,
    7.123,
    4.8375,
    4.617,
    4.732,
    6.8425,
    6.117,
    7.214,
    6.1435,
    5.217,
    6.214,
    4.1837,
    6.8423,
    4.593,
    4.217,
    6.3421,
    6.842,
    6.1732,
    6.3125,
    7.2541,
    3.8574291025,
    5.837219,
    4.2631,
    6.873,
    6.173,
    6.1245,
    4.732,
    4.318752,
    4.862,
    7.2146185813,
    6.2124,
    7.128,
    4.1627,
    7.219428651,
    4.278,
    7.8423,
    4.263,
    7.3425,
    7.1329,
    6.3421,
    6.2473,
    4.52,
    4.618372,
    6.418,
    7.158,
    6.349,
    6.2741,
    4.918273,
    3.7215,
    3.49,
    6.372,
    4.872135,
    4.2195,
    3.726,
    4.732145,
    7.2845,
    6.2845,
    6.1840925,
    6.839542,
    6.8345,
    4.732148,
    6.3175,
    3.472,
    6.1570138254,
    3.7421,
    6.417,
    6.7325,
    3.55,
    6.4812,
    6.23,
    4.587214,
    7.842315,
    6.214,
    6.138,
    4.527,
    4.5321589271,
    6.274812,
    4.8321,
    6.8342,
    6.321,
    7.13456,
    4.217839507359284,
    6.219,
    6.128,
    4.3171,
    8.134,
    3.8421,
    6.342185,
    6.374,
    4.872,
    6.732,
    6.342,
    6.732,
    6.873,
    6.13,
    3.8476,
    6.342,
    4.8736528941,
    6.1123,
    7.283,
    9.1345872741,
    7.2369,
    7.1345,
    3.115,
    4.43,
    4.7321,
    7.3421,
    4.528,
    7.843619,
    6.842135,
    4.1735,
    6.342,
    6.125,
    6.103,
    6.184,
    4.7325,
    4.7321582415,
    7.8354,
    6.187,
    6.9123,
    6.214,
    6.1472,
    6.2835,
    6.142,
    4.7321478251,
    4.832,
    7.8421,
    6.842,
    3.847219,
    6.842,
    4.8735421,
    4.256839,
    6.403,
    4.67,
    4.7312,
    6.1473,
    4.5273,
    6.231,
    3.8214,
    6.1289471621,
    6.274,
    6.021437,
    4.7321,
    6.874321,
    7.8423,
    7.2145,
    8.237,
    7.8425,
    6.8423,
    6.342158,
    3.8421,
    7.3845,
    7.2548371621,
    7.823,
    4.2175381125,
    7.2831942351,
    4.752314,
    7.231,
    4.281,
    7.342,
    4.832457,
    3.742,
    6.8421735,
    6.3214,
    7.1523,
    1.397,
    4.67,
    4.3721,
    6.874,
    7.8423,
    3.8572144621,
    4.7623,
    3.842106,
    6.842,
    6.391,
    3.42,
    6.2741,
    6.389,
    3.8421,
    6.738,
    6.3740951321,
    3.7142,
    6.193,
    4.8732,
    6.138475,
    7.8341,
    7.342,
    7.384,
    6.154,
    6.372,
    6.219147825529286,
    6.738,
    4.132,
    6.347018,
    6.738,
    4.732095,
    4.6721,
    7.3021,
    3.8421,
    4.567891,
    7.1842,
    6.4732,
    6.724,
    6.3427281531,
    6.214,
    6.732145,
    6.8425,
    4.6732,
    5.27,
    7.4231,
    6.839041,
    4.873215,
    4.381,
    5.663,
    4.2371,
    7.4321,
    6.302157,
    7.1934,
    6.873,
    6.172345,
    4.65231,
    7.128531,
    4.326,
    6.247,
    6.274,
    7.628,
    6.372,
    3.817,
    10.732452151462477,
    7.342,
    6.279,
    4.43,
    7.183,
    2.834,
    4.5821,
    7.8423,
    6.547839,
    7.842,
    6.214,
    4.8371245921,
    7.193,
    6.183,
    7.214,
    4.672,
    4.732,
    4.8217,
    4.732,
    7.2814632145,
    7.231,
    7.8423,
    4.18,
    7.1345,
    4.821,
    3.527104,
    4.7321458123,
    3.872946,
    4.927156,
    7.214,
    4.832,
    7.129,
    7.4321,
    4.7321,
    4.7321,
    4.76212491501837,
    6.527,
    7.814,
    6.32,
    7.562,
    6.2145,
    2.8376941625,
    6.918274,
    4.732,
    6.2431,
    7.231,
    3.72,
    7.8421,
    7.254,
    6.183,
    2.837146,
    6.842938,
    7.14123,
    4.27613,
    7.2941,
    4.7365,
    4.7321,
    6.239571,
    7.364514,
    7.3812,
    3.7621,
    3.964,
    6.845,
    6.283,
    4.217839,
    4.673,
    4.153,
    4.1275,
    7.184,
    6.312,
    6.1347,
    6.874,
    6.284,
    6.714592,
    7.1325,
    6.874,
    4.672,
    3.8475,
    7.8453,
    7.1245,
    4.2371,
    4.732164,
    6.8723546182,
    6.2170548421,
    7.145,
    3.63,
    6.371,
    7.2431,
    6.4732,
    4.587912,
    7.462,
    6.3942,
    4.372918,
    6.3471,
    2.78,
    6.427,
    4.837,
    6.137042,
    8.04,
    4.67,
    6.217,
    6.2187,
    4.672,
    7.1645,
    3.8425,
    6.3421,
    4.2831,
    6.742,
    4.3275108421,
    7.8421,
    6.174,
    4.3017,
    6.12,
    6.281,
    7.243,
    4.873251,
    4.372,
    5.3721,
    7.1123,
    3.217825,
    4.237,
    4.192,
    6.842,
    4.6738291625,
    4.43,
    6.1743,
    7.2193,
    3.759,
    6.842,
    4.91,
    4.1273,
    4.857329,
    3.789654,
    4.538,
    4.527,
    7.1945,
    7.2463,
    4.672,
    4.3125,
    5.13,
    6.842354,
    6.8421937521,
    4.1327,
    6.8723,
    7.3421,
    7.5321,
    6.2145,
    6.138,
    7.183,
    5.4231,
    4.873,
    6.8392,
    6.237,
    3.8427,
    4.5712,
    4.2195,
    6.2743,
    6.821,
    3.7145,
    3.856,
    6.2315,
    4.627,
    4.7321,
    6.412839,
    6.413,
    7.593,
    8.374,
    4.732156,
    7.1342,
    3.6535,
    6.2375,
    4.827,
    6.2385,
    6.1832249271,
    4.6723,
    7.1224,
    6.421,
    7.842,
    3.8742,
    4.6728,
    7.2945,
    4.9276,
    4.8235,
    3.8741524671,
    6.417118,
    4.319215,
    4.2317,
    4.215678,
    4.27,
    6.124,
    7.1945,
    3.7645,
    6.371482,
    6.823,
    4.823,
    3.957,
    7.8423,
    6.1345,
    6.842,
    6.213,
    4.329825,
    7.3645,
    6.274831,
    6.183,
    7.342154,
    6.423,
    4.891,
    6.2547,
    4.6724,
    6.483,
    7.2145,
    4.732,
    6.839,
    4.732,
    7.1284,
    4.67,
    7.2145,
    6.2371,
    4.6225,
    4.613201,
    6.374,
    6.218453,
    4.732,
    6.738,
    4.672,
    6.291837,
    6.874,
    6.4321,
    6.3172,
    4.821,
    4.527834,
    4.732,
    4.8239,
    3.8472147285,
