{
  "model": "meta-llama/Llama-3.3-70B-Instruct-Turbo",
  "distribution": "ChiSquare(df={df})",
  "mode": "independent_requests",
  "requested_samples": 1000,
  "generation_time": 794.0050494670868,
  "statistics": {
    "total_samples": 1000,
    "failed_requests": 0,
    "unique_values": 337,
    "unique_rate": 33.7,
    "mean": 3.6562378976899907,
    "std": 0.7140166395418375,
    "min": 3.0,
    "max": 7.0243177,
    "ks_statistic": 0.5115209843175702,
    "ks_pvalue": 2.761523005783221e-243
  },
  "samples": [
    3.25109,
    3.35621,
    3.1699,
    3.8571,
    3.25136,
    3.4632,
    3.9429,
    6.28431733157,
    3.25109,
    3.2811,
    3.9428,
    3.25142,
    3.9429,
    3.2011,
    3.25109,
    3.5817,
    3.25109,
    3.461229,
    3.2011,
    3.25109,
    3.25178,
    3.8579,
    3.8541,
    3.9429,
    3.1696,
    3.9429,
    3.25109,
    6.842635,
    3.25109,
    3.5812,
    3.2014,
    3.2018,
    3.9429,
    3.2018,
    3.9429,
    3.2798,
    3.146503,
    3.9428,
    3.2697,
    3.25109,
    3.892831,
    3.25109,
    3.25109,
    3.2011,
    3.25109,
    3.9429,
    3.9429,
    3.9424,
    3.9429,
    6.84231134,
    3.2011,
    3.1949,
    3.9429,
    3.2518,
    3.9428,
    3.9428,
    3.2019,
    3.9416,
    3.0899,
    3.9428,
    3.146859,
    3.25178,
    3.19481761,
    3.25109,
    3.2011,
    3.25108,
    3.2745,
    3.25109,
    3.25112,
    3.25142,
    3.2694,
    3.2511,
    3.9426,
    3.9425,
    3.279,
    3.146392047,
    3.2511,
    3.9427,
    3.9429,
    3.9429,
    3.25109,
    3.127438269,
    3.5377,
    3.279,
    3.2012,
    3.0899381,
    3.251,
    3.2796,
    3.2708,
    3.25198,
    3.9429,
    6.7879,
    3.45321,
    3.8571,
    3.25109,
    3.274922081,
    3.4616,
    3.25162,
    3.2708,
    6.8139,
    3.8574,
    3.2791,
    3.1693,
    3.2195,
    3.2511,
    3.25109,
    3.9429,
    3.25109,
    3.25109,
    3.25102,
    3.9429,
    3.9428,
    3.2698,
    3.9428,
    3.2799,
    6.85105125406587,
    3.8547,
    6.28431,
    3.1463,
    3.9429,
    3.8542,
    3.2011,
    3.2011,
    3.136421,
    3.2019,
    3.9427,
    3.9428,
    3.942779,
    3.3596,
    3.269,
    6.28432109,
    3.9426,
    3.9429,
    3.9424,
    3.42298,
    3.2011,
    3.25112,
    3.25109,
    3.25114,
    7.0243177,
    3.1462,
    3.422118835,
    3.2698,
    3.9428,
    3.1696,
    3.25109,
    3.9427,
    6.844113,
    6.8428,
    3.199,
    3.9427,
    3.9418,
    3.6758,
    3.9423,
    3.251,
    3.8571,
    3.325,
    6.842415083062953,
    3.25109,
    3.8542,
    3.9427,
    3.2514,
    3.25109,
    3.2514,
    3.25109,
    6.4873517,
    3.25109,
    3.0218,
    3.2692,
    3.9429,
    3.2706,
    3.2793,
    3.25102,
    3.9428,
    3.8579,
    3.9428,
    3.9429,
    3.25109,
    3.5816,
    3.25142,
    3.42111333573068,
    3.4632,
    3.9428,
    3.3665,
    3.25109,
    3.9429,
    3.1949,
    3.2510621218783258,
    3.5818,
    3.25743209821,
    3.4213,
    3.25109,
    3.9429,
    3.2018,
    3.8633,
    3.9428,
    3.9429,
    3.25109,
    3.9429,
    3.9427,
    3.9427,
    3.3519,
    3.2011,
    3.9427,
    3.3796,
    3.2694,
    3.35117,
    3.9429,
    3.3771,
    6.284337,
    3.9427,
    3.2699,
    3.2694,
    3.8631,
    3.9429,
    3.9429,
    3.2798,
    3.25109,
    3.25108,
    3.1699,
    3.9429,
    3.3578,
    3.1698,
    3.25109,
    3.251109941,
    3.25109,
    3.1345,
    3.9427,
    3.1465,
    3.9429,
    3.25109,
    3.2014,
    3.204837,
    3.422118231,
    3.8771574363476176,
    3.5814,
    3.9423,
    3.9428,
    3.14699107,
    3.2031,
    3.598503907,
    3.9427,
    3.9419,
    3.2011,
    3.9428,
    3.1465,
    3.9429,
    3.146595,
    3.2632,
    3.20903,
    3.089938089,
    3.2694,
    3.2011,
    3.2011,
    3.1938,
    3.25109,
    3.25109,
    3.274938469,
    3.85421,
    3.5805,
    3.2011,
    3.25109,
    3.8415,
    3.8578,
    3.5877529381,
    3.8418,
    3.146289,
    3.25109,
    3.0218,
    3.9429,
    3.9428,
    3.251,
    3.8639,
    3.1694,
    3.9429,
    3.2512,
    3.2518,
    3.2514,
    3.9429,
    3.8418,
    3.2796,
    3.2094,
    3.2019,
    3.25108,
    3.25109,
    3.2706310528,
    3.2693,
    3.25102,
    3.25109,
    3.25109,
    3.16942,
    3.25109,
    6.487911835,
    3.9429,
    3.9429,
    3.2698,
    3.2819,
    3.9429,
    3.25109,
    3.274062441,
    3.1947,
    3.25109,
    3.9427,
    3.25109,
    3.493721,
    3.146852,
    3.25109,
    3.1698,
    3.9428,
    3.9429,
    3.2511,
    3.25187,
    3.25109,
    3.25109,
    3.25109,
    3.25109,
    3.2511,
    3.9429,
    3.274,
    3.25109,
    3.2018,
    3.9429,
    3.189622837,
    3.9429,
    3.9429,
    6.0427,
    6.8138,
    3.2631,
    3.25109,
    3.9429,
    3.8631,
    3.8571,
    3.9424,
    3.9429,
    3.422879,
    3.25109,
    3.9429,
    3.9429,
    3.8516,
    3.9417,
    3.417032128,
    3.8577,
    3.25148,
    3.089541,
    3.422118,
    3.2518,
    3.2799,
    3.3514,
    3.9417,
    3.25187,
    3.8631,
    3.2518,
    3.9428,
    3.25109,
    3.2017,
    3.2798,
    3.2011,
    3.25109,
    3.146753859,
    3.2512,
    3.279411765,
    3.9429,
    3.9427,
    3.2699,
    3.9428,
    3.9428,
    3.1699,
    3.2514,
    3.2518,
    3.9428,
    3.182514,
    3.5813,
    3.25109,
    3.9428,
    3.5821,
    3.9429,
    3.9428,
    6.28413642154705,
    3.9427,
    3.663564,
    3.9429,
    3.251,
    3.2514,
    3.1466,
    3.25198,
    3.9417,
    3.2471,
    3.9427,
    3.25109,
    3.251,
    3.9429,
    3.9429,
    3.9422,
    3.2575,
    3.1696,
    3.9429,
    3.9419,
    3.9427,
    3.25109,
    3.9428,
    3.9414,
    3.3514227,
    3.467839487,
    3.9422,
    3.0215,
    3.9429,
    3.9429,
    3.2797,
    3.2018,
    3.2018,
    3.3778,
    3.492831986415634,
    3.9429,
    3.8382,
    3.251,
    3.25138,
    3.9427,
    3.9429,
    3.9429,
    3.25109,
    3.25109,
    3.2012,
    3.9429,
    3.0211,
    3.357,
    3.2098,
    3.9429,
    3.2011,
    3.9429,
    3.9429,
    3.9419,
    3.4719,
    3.2013,
    3.342114127,
    3.25108,
    3.2793,
    3.9429,
    3.2512,
    3.25108,
    6.836421229,
    3.351,
    3.3578,
    3.25109,
    3.25138,
    3.1467758787,
    3.9429,
    3.2799,
    3.9423,
    3.8415,
    3.2812,
    3.2013,
    3.2698,
    3.8577,
    3.9426,
    3.9429,
    3.0211,
    3.9414,
    3.9429,
    3.25142,
    3.9428,
    3.5821,
    3.9429,
    3.25109,
    3.9429,
    3.823011261,
    3.8531,
    6.8139,
    3.25109,
    3.1465,
    3.0,
    3.9429,
    3.9428,
    3.9419,
    3.1399,
    3.2011,
    3.9427,
    6.45487967,
    3.5816,
    3.2514,
    3.9423,
    6.09248443649811,
    3.2707,
    3.1698,
    3.8541,
    3.2671,
    3.2511,
    3.9429,
    3.2011,
    6.8139,
    3.8571,
    3.25108,
    3.2019,
    3.1345,
    3.3511,
    3.194815,
    3.25109,
    3.25109,
    3.25109,
    3.146879441,
    3.2698,
    3.25118,
    3.9428,
    3.25109,
    3.9424,
    3.25109,
    3.2016,
    3.9427,
    3.9419,
    3.25109,
    3.8572,
    3.2018,
    3.2631,
    3.9429,
    3.9428,
    3.1791,
    3.2698,
    3.25118,
    3.5377,
    3.2017,
    3.8632,
    3.8414,
    3.3598,
    3.169055951,
    3.2631,
    3.1698,
    3.9429,
    3.25138,
    3.2694,
    3.2793,
    3.1696,
    3.9426,
    3.9429,
    3.2017,
    3.2709,
    3.9429,
    3.2817,
    3.9429,
    3.2018,
    3.2018,
    3.251,
    3.9428,
    3.9429,
    3.25108,
    3.251,
    3.4631,
    3.279,
    3.9427,
    3.1943,
    3.2794,
    3.2018,
    3.9429,
    3.2747,
    3.9397,
    3.9428,
    3.9427,
    3.1919,
    3.9416,
    3.2746,
    3.251,
    3.9429,
    3.9429,
    3.2514,
    3.2519,
    3.251,
    3.9424,
    3.9427,
    3.9427,
    3.2513,
    3.2168,
    3.25109,
    3.4632,
    3.35621,
    3.9429,
    3.25109,
    3.9429,
    3.9427,
    3.2017,
    3.2701,
    6.3432,
    3.2011,
    3.25102,
    3.9429,
    3.279857,
    3.25119,
    3.25108,
    3.3527,
    3.9428,
    3.3816,
    3.9429,
    3.8639,
