{
  "model": "meta-llama/Llama-4-Scout-17B-16E-Instruct",
  "distribution": "ChiSquare(df={df})",
  "mode": "independent_requests",
  "requested_samples": 1000,
  "generation_time": 359.5030052661896,
  "statistics": {
    "total_samples": 1000,
    "failed_requests": 0,
    "unique_values": 76,
    "unique_rate": 7.6,
    "mean": 6.845560419424665,
    "std": 0.3112909530825674,
    "min": 6.108631914,
    "max": 6.987654321,
    "ks_statistic": 0.7042083536907471,
    "ks_pvalue": 0.0
  },
  "samples": [
    6.987654321,
    6.987531,
    6.957432,
    6.987,
    6.987531,
    6.987654321,
    6.987654321,
    6.957475,
    6.108932,
    6.987531,
    6.957421,
    6.987654321,
    6.987654321,
    6.987654321,
    6.987654321,
    6.987531,
    6.108932,
    6.927272,
    6.957421143,
    6.957312,
    6.108932,
    6.957421133,
    6.108932,
    6.108932,
    6.108792,
    6.927272,
    6.987654321,
    6.957421,
    6.987654321,
    6.957142427,
    6.987654321,
    6.987654321,
    6.987654321,
    6.987531,
    6.987531,
    6.987654321,
    6.987531,
    6.987654321,
    6.987654321,
    6.987654321,
    6.987654321,
    6.987654321,
    6.108792,
    6.987,
    6.987654321,
    6.987654321,
    6.987654321,
    6.987531,
    6.108932,
    6.108932,
    6.987531,
    6.987,
    6.987654321,
    6.108932,
    6.108932,
    6.957827901,
    6.987654321,
    6.987654321,
    6.957924,
    6.957421142,
    6.927272,
    6.957421,
    6.108792893475624,
    6.957107,
    6.987531,
    6.927272,
    6.987654321,
    6.987654321,
    6.987531,
    6.108932,
    6.927272,
    6.987531,
    6.108932,
    6.108932,
    6.108932,
    6.927475,
    6.987531,
    6.987654321,
    6.957677,
    6.108932,
    6.987531,
    6.987654321,
    6.957176,
    6.108932,
    6.987654321,
    6.987654321,
    6.957421135,
    6.957176591,
    6.987654321,
    6.987531,
    6.108932,
    6.987,
    6.987654321,
    6.987531,
    6.108932,
    6.987654321,
    6.987,
    6.987531,
    6.987654321,
    6.108932,
    6.987654321,
    6.957174,
    6.927272,
    6.987654321,
    6.987654321,
    6.987654321,
    6.987654321,
    6.987531,
    6.987654321,
    6.987531,
    6.987654321,
    6.957142427,
    6.108932,
    6.987531,
    6.987654321,
    6.957142817,
    6.987,
    6.108932,
    6.987654321,
    6.987654321,
    6.957142427,
    6.957176,
    6.987,
    6.987654321,
    6.108932,
    6.957475,
    6.987531,
    6.957421135,
    6.108932,
    6.108792272,
    6.957176,
    6.987654321,
    6.927272,
    6.927272,
    6.987654321,
    6.987531,
    6.108932,
    6.987654321,
    6.957398,
    6.108932,
    6.987531,
    6.957421,
    6.987654321,
    6.957341,
    6.987531,
    6.957176335,
    6.987654321,
    6.957421,
    6.987654321,
    6.987654321,
    6.108932,
    6.987531,
    6.987654321,
    6.987654321,
    6.957176,
    6.957631,
    6.957176,
    6.987654321,
    6.987,
    6.108932,
    6.957421,
    6.987654321,
    6.927272,
    6.987654321,
    6.987654321,
    6.987654321,
    6.108932,
    6.987531,
    6.927274,
    6.987654321,
    6.987531,
    6.987654321,
    6.987654321,
    6.987654321,
    6.108932,
    6.987654321,
    6.987531,
    6.957421132,
    6.987654321,
    6.957784896,
    6.957827216,
    6.927272,
    6.957142817,
    6.957142427,
    6.108932,
    6.108932,
    6.957924,
    6.987654321,
    6.987654321,
    6.957677,
    6.927272,
    6.987531,
    6.987654321,
    6.957475,
    6.987654321,
    6.957475,
    6.987654321,
    6.927475,
    6.987531,
    6.987531,
    6.987531,
    6.957427586,
    6.987654321,
    6.987654321,
    6.987654321,
    6.987654321,
    6.987654321,
    6.987,
    6.987,
    6.108932,
    6.987654321,
    6.987654321,
    6.987654321,
    6.987654321,
    6.927272,
    6.108932,
    6.987654321,
    6.987654321,
    6.987654321,
    6.987654321,
    6.927272,
    6.108932,
    6.957421111,
    6.108792,
    6.927272,
    6.987654321,
    6.987531,
    6.957341917,
    6.957272,
    6.987654321,
    6.987,
    6.987654321,
    6.987531,
    6.987654321,
    6.108932,
    6.987654321,
    6.987654321,
    6.987654321,
    6.927274,
    6.987654321,
    6.987654321,
    6.987,
    6.987654321,
    6.987654321,
    6.957421,
    6.108932,
    6.987654321,
    6.927272,
    6.987531,
    6.987654321,
    6.987654321,
    6.987654321,
    6.987654321,
    6.987654321,
    6.927274,
    6.987654321,
    6.957784318,
    6.957427558,
    6.987654321,
    6.957176,
    6.957475,
    6.987654321,
    6.987531,
    6.987,
    6.987,
    6.108932,
    6.987654321,
    6.957427876,
    6.987654321,
    6.987654321,
    6.987531,
    6.108932,
    6.987654321,
    6.108932,
    6.987,
    6.987531,
    6.987654321,
    6.987654321,
    6.987654321,
    6.987654321,
    6.987654321,
    6.987654321,
    6.108932,
    6.987654321,
    6.108932,
    6.987654321,
    6.108792,
    6.987,
    6.927272,
    6.987654321,
    6.987531,
    6.108932,
    6.987654321,
    6.957421112,
    6.957142427,
    6.95714242743,
    6.957176,
    6.987654321,
    6.987,
    6.987,
    6.108932,
    6.987654321,
    6.987,
    6.987,
    6.987531,
    6.987531,
    6.987654321,
    6.108932,
    6.987654321,
    6.987654321,
    6.987654321,
    6.957176,
    6.987531,
    6.987531,
    6.987,
    6.987,
    6.987654321,
    6.108932,
    6.987654321,
    6.987654321,
    6.987531,
    6.95714281742,
    6.987,
    6.957677,
    6.927274,
    6.987654321,
    6.108932,
    6.987531,
    6.927475,
    6.10879280443784,
    6.987654321,
    6.957176,
    6.987654321,
    6.987654321,
    6.987531,
    6.108932,
    6.987,
    6.957176,
    6.987654321,
    6.987531,
    6.957475,
    6.987531,
    6.987654321,
    6.987654321,
    6.987654321,
    6.987531,
    6.957924,
    6.987531,
    6.987654321,
    6.987654321,
    6.987531,
    6.108932,
    6.987654321,
    6.987531,
    6.987654321,
    6.987531,
    6.987654321,
    6.108932,
    6.957176335,
    6.957176,
    6.987654321,
    6.987654321,
    6.987654321,
    6.987531,
    6.108932,
    6.987654321,
    6.987,
    6.987654321,
    6.95714242783,
    6.108932,
    6.987,
    6.957421113,
    6.987654321,
    6.927272,
    6.108932,
    6.987654321,
    6.927272,
    6.987654321,
    6.108631914,
    6.987531,
    6.987654321,
    6.987531,
    6.987654321,
    6.108932,
    6.987531,
    6.987654321,
    6.108932,
    6.957142427,
    6.95714242747,
    6.987654321,
    6.987654321,
    6.108932,
    6.987654321,
    6.987654321,
    6.987654321,
    6.957676,
    6.957421,
    6.957421,
    6.987531,
    6.957176,
    6.108932,
    6.987,
    6.957174,
    6.108932,
    6.987531,
    6.957475,
    6.987654321,
    6.987531,
    6.957475,
    6.987531,
    6.108932,
    6.987654321,
    6.987654321,
    6.987654321,
    6.957475,
    6.957176,
    6.987654321,
    6.987654321,
    6.987654321,
    6.957176,
    6.987654321,
    6.987531,
    6.987654321,
    6.957341,
    6.987654321,
    6.987654321,
    6.987654321,
    6.987654321,
    6.957475,
    6.987654321,
    6.987654321,
    6.987654321,
    6.987654321,
    6.957176,
    6.987654321,
    6.987531,
    6.987654321,
    6.987654321,
    6.987654321,
    6.987531,
    6.987531,
    6.987654321,
    6.108932,
    6.987654321,
    6.957312,
    6.987654321,
    6.987654321,
    6.957176,
    6.927272,
    6.957894,
    6.987654321,
    6.987531,
    6.957421,
    6.987,
    6.987654321,
    6.987654321,
    6.108932,
    6.957894,
    6.987654321,
    6.987,
    6.957421143,
    6.987654321,
    6.987531,
    6.987654321,
    6.987654321,
    6.987654321,
    6.987,
    6.987654321,
    6.987654321,
    6.957176384,
    6.927272,
    6.987654321,
    6.987531,
    6.108932,
    6.927272,
    6.987,
    6.987654321,
    6.927272,
    6.987531,
    6.957631,
    6.957362151,
    6.108932,
    6.987531,
    6.987531,
    6.987654321,
    6.987654321,
    6.987654321,
    6.987654321,
    6.987531,
