{
  "model": "mistralai/Mistral-Small-3.2-24B-Instruct-2506",
  "distribution": "ChiSquare(df={df})",
  "mode": "independent_requests",
  "requested_samples": 1000,
  "generation_time": 577.2954258918762,
  "statistics": {
    "total_samples": 1000,
    "failed_requests": 0,
    "unique_values": 932,
    "unique_rate": 93.2,
    "mean": 6.521969659977604,
    "std": 3.11870721430555,
    "min": 0.236826,
    "max": 18.30760374928884,
    "ks_statistic": 0.2430006853006681,
    "ks_pvalue": 1.8048055060511958e-52
  },
  "samples": [
    6.2347291812,
    12.3456789,
    4.287651234,
    9.4761313185,
    8.321456789,
    7.547238921,
    2.345827,
    6.283189,
    7.012345678,
    6.24173849,
    13.3871022396,
    10.24536789,
    12.339681617250694,
    6.215432,
    8.245317820116805,
    3.843215,
    7.243919,
    8.123576123,
    4.217192837527319,
    3.687921475,
    10.8426,
    3.214,
    3.2876240901,
    7.82314,
    4.74248,
    10.3429,
    5.34284706379,
    8.4612,
    2.51665894451,
    2.13456789,
    6.89412,
    3.14159265,
    8.3245123,
    4.746992092994464,
    7.583123649,
    12.47528,
    8.4192421525,
    3.247123,
    3.428125622,
    3.45612,
    7.412999487624515,
    8.24174254276912,
    12.3456,
    6.2812453,
    0.40127537522,
    8.491321,
    3.542971264385624,
    6.0123,
    12.345,
    3.6872409164040083,
    12.345,
    3.48225670538907,
    10.65248739123,
    3.245214213,
    5.2341,
    3.74151999,
    2.618897,
    4.729354126,
    4.018200022522486,
    4.132973619071274,
    7.234125,
    11.35421489943956,
    4.78632140923,
    6.74389782334,
    1.86333,
    2.0613,
    4.329946377669015,
    8.467003307,
    5.34110951701,
    10.4234072376,
    8.418743906275026,
    8.372452,
    4.285916665,
    7.23647215166635,
    4.862353803117226,
    4.3216,
    6.23451234,
    12.3456,
    12.345,
    5.214388466672966,
    1.4237429286055407,
    7.341862471670917,
    3.14159,
    3.24186,
    11.34562,
    5.671432,
    6.21432456,
    7.143226888,
    7.82345678,
    2.468133156919913,
    11.234897,
    5.34211266,
    10.7523462806,
    8.623170398,
    12.469133,
    1.7135192,
    7.124989971073144,
    7.436721456,
    2.143721,
    10.423123,
    0.9668,
    3.741657812,
    9.457623,
    9.37412821657497,
    4.760441099800165,
    9.87623456789,
    10.4216,
    2.81432,
    2.460764143521131,
    5.781909706286201,
    0.67912,
    4.5321,
    5.365922189,
    4.23145,
    5.123456789,
    4.168702568140472,
    8.42316,
    7.82113,
    12.44216,
    5.123456789,
    6.723121,
    4.697157,
    1.8425617821559146,
    5.480507431338069,
    13.8082,
    4.748999736141048,
    3.14256789,
    2.341619,
    9.74812,
    10.4932,
    7.214632805,
    8.241750787122532,
    8.4156,
    10.47621,
    4.764209,
    9.73245,
    5.67823,
    9.45134,
    2.97345,
    4.372875366,
    5.742383418754686,
    2.14567832,
    2.74154,
    10.342187,
    13.717665504058967,
    10.34568,
    12.45672,
    3.721544708527512,
    6.348213,
    2.134256789,
    7.82345672,
    3.741657386773941,
    7.24160236145692,
    8.3216,
    11.38245,
    12.3456789,
    8.34621,
    6.341287,
    12.0156,
    7.234129,
    5.970203165307018,
    10.2438756379,
    9.186249595022733,
    6.34212,
    1.123456789,
    4.728818932085797,
    6.8923456789,
    10.43220471,
    7.23412014,
    4.53320539521146,
    4.75328,
    4.7217197802,
    5.678121345,
    6.123456789,
    7.23459,
    2.015683,
    3.14159265359,
    7.984213673,
    10.1432456789,
    12.399877559483228,
    5.845786735348967,
    3.147823,
    6.428354932275318,
    5.54213,
    7.35620825407,
    4.824731,
    8.4562324,
    8.723412,
    3.456789123,
    4.52673,
    4.74541965,
    4.123456789,
    4.12376,
    8.32145,
    5.38764219766755,
    7.341887190429401,
    4.74213562494382,
    5.788321,
    4.875299744,
    4.837213,
    2.341287654,
    2.704672727,
    10.3487,
    4.324513212,
    3.24781,
    3.278451,
    2.63457,
    9.216896,
    2.348783,
    12.3456789,
    15.310653321543244,
    7.240431702649021,
    3.124567,
    2.172803,
    10.3456789,
    5.319729,
    5.143287643,
    7.234567,
    7.250648108788085,
    10.8248453032,
    10.3422037081886,
    3.741503915,
    12.34567,
    3.245312,
    2.14382,
    6.12384729,
    6.42387,
    7.241525315,
    6.42835,
    5.87324,
    6.22318,
    3.7234526,
    9.287143244,
    2.472,
    10.7354,
    1.874,
    4.289321962761128,
    5.342182,
    7.232181461044075,
    3.427612,
    12.345678,
    4.1326,
    10.46578,
    9.2345,
    6.829342,
    8.2345,
    10.2837,
    9.1416,
    3.127645,
    8.123456789,
    7.234567,
    3.7248710021701665,
    8.742509973357336,
    10.028465,
    6.182498713,
    4.74295,
    9.674539157769917,
    9.1234,
    3.52671,
    8.34521739,
    9.312742008217244,
    6.348123557,
    12.3412,
    3.147629487291338,
    12.472375,
    2.0564713306,
    1.7201871263137134,
    7.29583917225,
    4.32193,
    8.450224011,
    2.214385,
    10.48721234,
    3.2184567901234566,
    4.38212,
    3.25891234,
    2.3416849470650116,
    4.732123456,
    9.123456789,
    8.32351237,
    7.8293124,
    12.345678,
    7.8132456729,
    10.23456789,
    1.6486,
    9.78018,
    3.1245,
    12.3456789012,
    7.43627189,
    8.2417,
    14.4612,
    7.32472616866,
    1.9534226,
    2.3495,
    8.93214,
    3.618132,
    7.245191894,
    5.482,
    4.512341,
    6.24515431071,
    9.842124162,
    2.837253862353041,
    6.3211,
    3.01245678912,
    3.245612,
    2.868507362286611,
    10.342187,
    4.369944,
    4.715383,
    9.31484253708,
    4.390248,
    7.2346891243,
    1.234567,
    4.317448220965985,
    2.342128371,
    10.123456789,
    12.43692426,
    7.314285714285714,
    6.729123456789012,
    3.729456,
    6.24189,
    2.3419,
    2.064,
    8.4312,
    10.246,
    6.2589,
    7.123456789,
    8.7369123456,
    4.9247776312745,
    6.23453,
    8.43673512,
    5.488329133239327,
    4.824075,
    12.3498,
    6.32458,
    3.820987654321,
    5.37421,
    13.842900206467608,
    7.3125486,
    6.723412,
    6.7312,
    10.12345678,
    7.123456789,
    10.1834,
    3.712632,
    4.123456789,
    2.14932,
    4.853400676247184,
    5.23487,
    4.97478,
    7.246123849,
    9.5123674852312,
    3.684232934,
    7.386214,
    7.349,
    10.432770042073175,
    8.1472,
    4.720293338037775,
    3.6124389312312,
    1.18432,
    4.1236,
    9.342183642197282,
    7.3123456789,
    4.09852137,
    0.8287,
    3.18454,
    4.123456789,
    5.283662148,
    3.21456789,
    10.3216,
    11.32456789,
    1.283742,
    2.104569,
    6.283712456,
    6.2134587,
    13.26121445624482,
    8.7532,
    6.245112342,
    4.512346879,
    7.054211553716346,
    7.21634589821,
    8.4672,
    10.342389792334,
    12.3456789,
    10.346482066,
    2.6872,
    2.1342567891234565,
    11.361909,
    9.123456789,
    2.341849037683003,
    3.43212,
    5.48262014394827,
    3.7415,
    2.34567,
    7.82312,
    4.7472,
    6.137421,
    12.42354368712109,
    9.182345,
    2.737811486049418,
    12.3456789,
    6.72312,
    7.3418234,
    5.38516,
    5.38619,
    11.2345678912345,
    6.34512,
    7.8234595213,
    3.5987214,
    4.989241,
    0.423124681128,
    6.245192,
    12.13456789,
    4.74424,
    12.453248,
    12.3476,
    3.12451585,
    6.123654987,
    4.3621,
    4.831026,
    6.186882,
    12.3456,
    9.405123,
    4.583215091,
    9.21055805387623,
    5.34165521,
    9.342146,
    9.2343728753,
    7.241287345,
    7.24634528917,
    7.4213881854,
    6.3241483555,
    7.34222134,
    5.342706,
    4.7723828896,
    3.124567891234,
    11.5328,
    8.72341259972,
    3.893214567,
    8.34214567,
    8.372941646495528,
    6.784231,
    3.1276548,
    8.324567,
    8.5214369,
    11.305719282619643,
    10.123456789,
    3.6187300214637115,
    4.372118299461219,
    12.452,
    7.81234,
    4.920734566,
    6.3489,
