{
  "model": "moonshotai/Kimi-K2-Instruct-0905",
  "distribution": "ChiSquare(df={df})",
  "mode": "independent_requests",
  "requested_samples": 1000,
  "generation_time": 676.1484146118164,
  "statistics": {
    "total_samples": 999,
    "failed_requests": 1,
    "unique_values": 718,
    "unique_rate": 71.87187187187187,
    "mean": 3.944317737425093,
    "std": 2.27170580312604,
    "min": 0.1284,
    "max": 19.2613,
    "ks_statistic": 0.2567381322027797,
    "ks_pvalue": 1.494145000517365e-58
  },
  "samples": [
    0.1284,
    11.849367,
    4.2673,
    5.341729,
    0.639,
    1.473,
    2.136,
    3.847219,
    4.182,
    3.247981,
    1.428396,
    1.037,
    2.347826,
    3.765914,
    4.783629,
    3.847,
    3.142875,
    2.376,
    3.8471,
    7.289,
    1.649,
    3.847291,
    3.847291,
    4.2673,
    1.4738,
    3.247,
    10.41796,
    3.472,
    2.483,
    1.847293,
    2.873,
    2.344,
    4.2103,
    8.742,
    1.892341,
    6.8742,
    3.871,
    5.468237,
    5.367182,
    3.476,
    0.291,
    2.847391,
    1.774,
    3.847291,
    5.831,
    3.847216,
    6.283,
    2.463839,
    6.283,
    12.831,
    4.601817,
    6.873,
    6.743,
    4.730162,
    0.87,
    11.742,
    1.847392,
    1.847392,
    3.847291,
    2.563817,
    3.847261,
    4.302,
    3.742,
    1.736814,
    3.2476,
    3.847291,
    1.244837,
    7.293,
    1.29,
    7.42,
    11.732,
    4.2317,
    2.389,
    2.738149,
    5.372891,
    3.847192,
    2.34567,
    3.427618,
    3.817,
    2.384,
    2.342,
    3.142857,
    3.892147,
    3.0478,
    12.837,
    3.874,
    4.267,
    12.4158,
    1.832746,
    3.247,
    3.427981549,
    1.847263,
    2.834917,
    2.917364,
    2.947865,
    4.876192,
    1.873,
    3.847,
    2.583,
    8.342917,
    0.793,
    6.783,
    3.7472,
    3.627,
    3.682914,
    3.14159,
    3.227,
    1.6892,
    0.947,
    4.792416,
    3.847192,
    7.431982,
    6.218943,
    3.7382,
    3.427619,
    3.472,
    8.416,
    1.538,
    2.478196,
    6.182,
    5.238746192,
    3.4276,
    5.342891,
    4.617,
    4.267815,
    2.634,
    5.326418,
    7.839124,
    9.431,
    2.345,
    3.471,
    3.247819,
    1.254896,
    4.793186,
    1.9647,
    3.847291,
    4.472136,
    4.256198347,
    9.743,
    3.482,
    3.847291,
    2.314,
    7.182394168,
    1.27,
    0.473,
    3.742,
    1.043287,
    1.793,
    3.478621,
    4.827,
    3.127,
    6.743921,
    1.857,
    3.8472,
    3.7284,
    2.138,
    3.247,
    2.386,
    5.398,
    3.9472,
    2.738194,
    3.7498,
    3.427,
    1.443,
    3.147698,
    3.742,
    4.731,
    6.214,
    8.374,
    3.847219,
    4.678294,
    2.1837,
    2.4837,
    2.847,
    4.623,
    2.347,
    3.847291,
    3.817492,
    6.2837491,
    5.283691,
    2.183946,
    6.842937,
    4.326,
    5.873,
    3.747,
    3.477281,
    0.811,
    2.634,
    7.839142,
    3.682147,
    2.364,
    4.127,
    1.73849,
    8.31274,
    2.753,
    0.596382,
    3.847291,
    3.748,
    9.386,
    3.8472,
    4.372198,
    8.476329104,
    4.312,
    7.423,
    3.247,
    2.783945,
    3.847192,
    5.847392,
    4.127,
    3.247163,
    3.427189,
    4.832176091459204,
    1.847936,
    0.8237,
    2.834,
    5.418296,
    3.472,
    3.129,
    3.214,
    2.483,
    4.718,
    2.407,
    3.823,
    4.8317,
    8.429,
    3.142,
    3.847291,
    3.175,
    3.728614951,
    7.83914,
    3.472,
    3.472819,
    2.639718,
    3.874196,
    2.734,
    1.478693,
    2.748,
    3.847192,
    4.283796,
    3.847291,
    1.3457,
    4.326,
    1.847362,
    1.847392,
    1.847,
    1.847,
    4.362,
    0.98,
    3.847291,
    1.847362,
    1.847396,
    2.074,
    6.8472519,
    2.937,
    3.871,
    3.84729,
    4.182,
    1.847362,
    11.8247,
    1.847362915,
    3.847219,
    3.742,
    2.863914,
    0.932,
    1.847392,
    3.847291,
    2.678451923,
    2.4376,
    5.412693817,
    1.8472,
    3.427891,
    10.478,
    3.141592653589793,
    2.843612,
    1.8479,
    1.857246,
    1.863,
    1.847,
    2.314,
    5.742836914,
    1.47,
    2.473816,
    3.891473,
    8.726,
    1.537,
    3.8416,
    3.472198,
    2.467,
    2.37,
    3.847291,
    2.3847,
    3.476188,
    3.1415926535,
    2.183,
    3.472,
    3.127,
    1.2487,
    3.427,
    1.874,
    1.847,
    1.847,
    5.847,
    2.837,
    3.8416,
    2.738,
    2.893,
    1.847936,
    1.472,
    3.847,
    5.084162,
    3.746915,
    9.4237,
    4.326157,
    11.524983,
    1.646832,
    2.134,
    2.34567,
    2.639184,
    3.427819417355078,
    2.467835,
    4.236817,
    2.354,
    11.6839,
    3.8472,
    5.836274,
    10.476382916889,
    1.847192,
    3.8472,
    3.841604,
    3.851607,
    3.479,
    3.847621,
    1.84736,
    1.428309,
    3.7442,
    4.382197164,
    1.576182946,
    2.718,
    4.720389,
    0.947,
    3.847291,
    1.947382,
    3.847291,
    1.847,
    1.847309217,
    1.847,
    3.742,
    3.847264,
    5.238476192,
    2.183,
    3.847162,
    9.236,
    3.847291,
    3.127,
    3.84729106,
    3.847214,
    2.783451967,
    2.193,
    1.847,
    1.742863,
    1.847362,
    2.345671,
    3.472,
    4.267381,
    1.8429,
    5.137,
    3.872,
    4.7692,
    3.847196,
    4.623,
    3.817,
    2.748,
    3.7164892,
    5.317947284,
    2.337,
    0.476,
    1.84763,
    3.847192,
    4.267,
    3.682409,
    3.827419,
    3.214,
    1.537,
    3.267441,
    2.345871,
    4.317,
    2.567,
    2.743,
    7.2391,
    3.246,
    2.684,
    3.677,
    4.2317,
    11.3478,
    3.477,
    8.474,
    1.278,
    5.837,
    4.76291834921,
    2.684,
    5.612847,
    3.791382,
    2.739,
    3.4476,
    4.823,
    2.185374,
    2.917,
    6.274,
    3.742196,
    3.847291,
    3.867254,
    2.846,
    3.746915,
    7.832164,
    2.348917,
    3.247,
    4.183762,
    3.247,
    2.349,
    3.724891,
    8.724193,
    2.731,
    1.8427,
    10.486,
    4.391,
    1.847392,
    3.047,
    1.854736209,
    3.81726,
    3.847291,
    3.478192,
    4.163,
    2.843921,
    4.8172,
    1.847362,
    3.41,
    3.0472,
    3.472,
    3.847291,
    3.147,
    4.72918,
    3.482,
    5.687314,
    7.932461,
    3.742,
    4.326,
    3.8724,
    3.142856,
    9.236847,
    6.24,
    3.847291,
    2.344,
    3.247,
    3.742,
    4.893,
    4.372816,
    1.894,
    2.3456,
    6.178,
    3.827149,
    1.847,
    7.834,
    1.823746,
    2.4736,
    10.3748,
    1.238,
    3.742,
    0.9273,
    3.847,
    4.1829,
    2.684317,
    0.871,
    3.127,
    4.812,
    1.879,
    0.472,
    3.8416,
    5.2147863,
    3.831746,
    4.8673,
    3.847192,
    3.8416,
    0.467,
    1.8473,
    5.187,
    3.207845,
    1.847396,
    1.8447,
    3.748916,
    6.78319,
    4.718291,
    5.4127,
    3.447891,
    3.127,
    1.837,
    10.720538,
    7.842193,
    1.8473,
    4.729,
    5.362,
    3.84712,
    2.847,
    3.827491,
    2.343,
    2.784,
    3.847912,
    1.472,
    2.4017,
    4.372619,
    6.4237,
    1.847,
    2.837641,
    2.583746,
    0.872,
    4.372,
    4.387,
    2.837,
    1.5704,
    2.834,
    12.839,
    2.378,
    2.638915,
    3.427,
    3.817624,
    3.742,
    11.827,
    3.782,
    6.743,
    3.478215,
    2.451896,
    3.817462903,
    1.237,
    3.478192,
    3.847,
    3.042,
    1.847362,
    6.239184,
    8.163,
    3.847291,
    3.4217,
    3.847196,
    3.472,
    3.782149,
    6.742,
    3.072,
    5.684,
    3.472,
    3.748,
    4.326,
    3.141592654,
    5.837,
    5.846271,
    2.847,
    1.847362195,
    3.267914,
    1.842,
    3.817,
    3.478192,
    4.18273,
    3.881,
    5.739816,
    2.763,
    2.9347,
    4.3176,
    2.874,
    0.818,
    6.742,
    3.147,
    5.817,
    2.345678,
    4.213,
    3.947,
    3.417,
    7.362,
    5.283,
    1.387,
    3.871,
    6.328194,
    1.837,
    3.427,
    4.91376,
    3.447218,
    1.847362,
    3.2147,
    3.742,
    3.476,
    1.847392,
    3.472,
    4.8912,
    4.781,
    5.847231904,
    4.183,
    3.247891,
    2.348769,
